Customer ID,Segment,ChurnRisk,Recency,Frequency,Monetary,ChurnProbability,Action
18102,High Value Customers,Low Risk,0,145,608822,1.10%, VIP Call Loyalty Reward
14646,High Value Customers,Low Risk,1,152,528603,1.10%, VIP Call Loyalty Reward
14911,High Value Customers,Low Risk,0,398,295973,1.10%, VIP Call Loyalty Reward
17511,High Value Customers,Low Risk,2,60,175604,1.20%, VIP Call Loyalty Reward
17949,High Value Customers,Low Risk,0,118,118628,1.10%, VIP Call Loyalty Reward
15311,High Value Customers,Low Risk,0,208,116771,1.10%, VIP Call Loyalty Reward
13089,High Value Customers,Low Risk,2,203,116738,1.10%, VIP Call Loyalty Reward
13798,High Value Customers,Low Risk,0,110,75837,1.10%, VIP Call Loyalty Reward
17841,High Value Customers,Low Risk,1,211,70884,1.10%, VIP Call Loyalty Reward
14096,High Value Customers,Low Risk,3,17,65165,27.20%, VIP Call Loyalty Reward
17389,High Value Customers,Low Risk,0,61,57225,1.20%, VIP Call Loyalty Reward
12748,High Value Customers,Low Risk,0,337,56599,1.10%, VIP Call Loyalty Reward
13777,High Value Customers,Low Risk,0,61,56478,1.20%, VIP Call Loyalty Reward
13408,High Value Customers,Low Risk,1,106,51733,1.10%, VIP Call Loyalty Reward
17404,High Value Customers,Low Risk,3,23,47781,27.20%, VIP Call Loyalty Reward
16705,High Value Customers,Low Risk,0,42,43515,1.20%, VIP Call Loyalty Reward
12471,High Value Customers,Low Risk,1,79,39964,1.10%, VIP Call Loyalty Reward
16210,High Value Customers,Low Risk,1,35,38490,1.20%, VIP Call Loyalty Reward
17675,High Value Customers,Low Risk,0,70,38260,1.10%, VIP Call Loyalty Reward
17677,High Value Customers,Low Risk,1,54,36693,1.20%, VIP Call Loyalty Reward
13767,High Value Customers,Low Risk,1,73,35541,1.10%, VIP Call Loyalty Reward
16779,High Value Customers,Low Risk,1,53,33268,1.20%, VIP Call Loyalty Reward
17428,High Value Customers,Low Risk,0,45,31820,1.20%, VIP Call Loyalty Reward
14606,High Value Customers,Low Risk,0,192,30861,1.10%, VIP Call Loyalty Reward
13078,High Value Customers,Low Risk,2,57,29532,1.20%, VIP Call Loyalty Reward
13098,High Value Customers,Low Risk,0,28,28882,1.20%, VIP Call Loyalty Reward
14527,High Value Customers,Low Risk,2,122,27792,1.10%, VIP Call Loyalty Reward
15498,High Value Customers,Low Risk,2,44,26040,1.20%, VIP Call Loyalty Reward
12621,High Value Customers,Low Risk,1,35,24776,1.20%, VIP Call Loyalty Reward
16525,High Value Customers,Low Risk,1,48,24583,1.20%, VIP Call Loyalty Reward
14051,High Value Customers,Low Risk,0,37,22434,1.40%, VIP Call Loyalty Reward
15159,High Value Customers,Low Risk,1,34,22117,1.40%, VIP Call Loyalty Reward
17243,High Value Customers,Low Risk,0,69,20890,1.20%, VIP Call Loyalty Reward
12433,High Value Customers,Low Risk,0,10,20581,1.30%, VIP Call Loyalty Reward
17581,High Value Customers,Low Risk,0,43,18758,1.30%, VIP Call Loyalty Reward
13113,High Value Customers,Low Risk,0,37,18626,1.30%, VIP Call Loyalty Reward
15189,High Value Customers,Low Risk,0,46,17524,1.30%, VIP Call Loyalty Reward
17735,High Value Customers,Low Risk,1,26,17245,1.30%, VIP Call Loyalty Reward
13225,High Value Customers,Low Risk,2,16,16260,1.30%, VIP Call Loyalty Reward
18092,High Value Customers,Low Risk,1,18,16179,1.30%, VIP Call Loyalty Reward
14769,High Value Customers,Low Risk,2,17,15772,1.30%, VIP Call Loyalty Reward
16191,High Value Customers,Low Risk,2,24,15688,1.30%, VIP Call Loyalty Reward
12583,High Value Customers,Low Risk,2,27,14447,1.30%, VIP Call Loyalty Reward
17017,High Value Customers,Low Risk,2,29,14111,1.30%, VIP Call Loyalty Reward
16558,High Value Customers,Low Risk,0,38,13874,1.30%, VIP Call Loyalty Reward
12989,High Value Customers,Low Risk,2,33,13552,1.30%, VIP Call Loyalty Reward
13468,High Value Customers,Low Risk,1,72,13391,1.10%, VIP Call Loyalty Reward
13668,High Value Customers,Low Risk,2,35,13090,1.30%, VIP Call Loyalty Reward
18225,High Value Customers,Low Risk,2,26,13054,1.30%, VIP Call Loyalty Reward
16161,High Value Customers,Low Risk,1,43,12832,1.30%, VIP Call Loyalty Reward
12437,High Value Customers,Low Risk,1,39,12683,1.30%, VIP Call Loyalty Reward
13013,High Value Customers,Low Risk,0,29,12626,1.30%, VIP Call Loyalty Reward
15194,High Value Customers,Low Risk,2,28,12428,1.30%, VIP Call Loyalty Reward
16000,High Value Customers,Low Risk,2,3,12394,1.70%, VIP Call Loyalty Reward
14739,High Value Customers,Low Risk,3,25,12288,23.10%, VIP Call Loyalty Reward
14735,High Value Customers,Low Risk,3,56,12240,26.40%, VIP Call Loyalty Reward
15023,High Value Customers,Low Risk,2,20,12171,1.40%, VIP Call Loyalty Reward
14415,High Value Customers,Low Risk,0,23,12092,1.40%, VIP Call Loyalty Reward
17364,High Value Customers,Low Risk,0,28,12070,1.40%, VIP Call Loyalty Reward
16523,High Value Customers,Low Risk,1,28,11916,1.40%, VIP Call Loyalty Reward
13102,High Value Customers,Low Risk,0,37,11697,1.40%, VIP Call Loyalty Reward
13680,High Value Customers,Low Risk,0,12,11436,1.40%, VIP Call Loyalty Reward
14796,High Value Customers,Low Risk,0,27,10890,1.10%, VIP Call Loyalty Reward
15694,High Value Customers,Low Risk,0,24,10811,1.10%, VIP Call Loyalty Reward
14422,High Value Customers,Low Risk,0,19,10272,1.10%, VIP Call Loyalty Reward
13599,High Value Customers,Low Risk,0,33,10168,1.10%, VIP Call Loyalty Reward
14085,High Value Customers,Low Risk,1,33,10105,1.10%, VIP Call Loyalty Reward
12839,High Value Customers,Low Risk,2,26,10072,1.10%, VIP Call Loyalty Reward
12766,High Value Customers,Low Risk,3,9,10068,24.60%, VIP Call Loyalty Reward
13985,High Value Customers,Low Risk,3,22,10021,24.60%, VIP Call Loyalty Reward
17049,High Value Customers,Low Risk,2,19,9947,1.10%, VIP Call Loyalty Reward
18109,High Value Customers,Low Risk,1,38,9894,1.10%, VIP Call Loyalty Reward
13267,High Value Customers,Low Risk,2,36,9758,1.10%, VIP Call Loyalty Reward
13069,High Value Customers,Low Risk,0,38,9683,1.10%, VIP Call Loyalty Reward
17315,High Value Customers,Low Risk,1,43,9651,1.10%, VIP Call Loyalty Reward
14135,High Value Customers,Low Risk,1,24,9644,1.10%, VIP Call Loyalty Reward
15298,High Value Customers,Low Risk,1,23,9459,1.10%, VIP Call Loyalty Reward
17757,High Value Customers,Low Risk,0,56,9422,1.20%, VIP Call Loyalty Reward
12747,High Value Customers,Low Risk,1,26,9277,1.10%, VIP Call Loyalty Reward
13756,High Value Customers,Low Risk,1,23,9208,1.10%, VIP Call Loyalty Reward
13269,High Value Customers,Low Risk,0,28,8892,1.10%, VIP Call Loyalty Reward
15984,High Value Customers,Low Risk,2,30,8759,1.10%, VIP Call Loyalty Reward
13263,High Value Customers,Low Risk,0,39,8705,1.10%, VIP Call Loyalty Reward
12720,High Value Customers,Low Risk,2,30,8261,1.10%, VIP Call Loyalty Reward
14056,High Value Customers,Low Risk,0,23,8215,1.10%, VIP Call Loyalty Reward
14395,High Value Customers,Low Risk,1,20,8208,1.10%, VIP Call Loyalty Reward
13426,High Value Customers,Low Risk,0,22,8167,1.10%, VIP Call Loyalty Reward
16672,High Value Customers,Low Risk,1,20,8135,1.10%, VIP Call Loyalty Reward
17593,High Value Customers,Low Risk,3,11,8096,21.20%, VIP Call Loyalty Reward
14291,High Value Customers,Low Risk,1,23,7904,1.10%, VIP Call Loyalty Reward
14282,High Value Customers,Low Risk,2,25,7850,1.10%, VIP Call Loyalty Reward
17091,High Value Customers,Low Risk,2,19,7811,1.10%, VIP Call Loyalty Reward
16592,High Value Customers,Low Risk,3,28,7808,27.30%, VIP Call Loyalty Reward
17238,High Value Customers,Low Risk,2,32,7783,1.10%, VIP Call Loyalty Reward
17730,High Value Customers,Low Risk,2,20,7774,1.10%, VIP Call Loyalty Reward
13534,High Value Customers,Low Risk,1,35,7721,1.10%, VIP Call Loyalty Reward
13709,High Value Customers,Low Risk,3,18,7592,21.20%, VIP Call Loyalty Reward
17602,High Value Customers,Low Risk,1,14,7451,1.10%, VIP Call Loyalty Reward
14113,High Value Customers,Low Risk,3,16,7093,21.20%, VIP Call Loyalty Reward
12662,High Value Customers,Low Risk,0,20,6988,1.10%, VIP Call Loyalty Reward
12749,High Value Customers,Low Risk,3,9,6897,21.20%, VIP Call Loyalty Reward
16401,High Value Customers,Low Risk,0,23,6849,1.10%, VIP Call Loyalty Reward
12417,High Value Customers,Low Risk,2,20,6817,1.10%, VIP Call Loyalty Reward
15750,High Value Customers,Low Risk,2,18,6797,1.10%, VIP Call Loyalty Reward
14401,High Value Customers,Low Risk,3,22,6796,21.20%, VIP Call Loyalty Reward
14702,High Value Customers,Low Risk,0,29,6754,1.10%, VIP Call Loyalty Reward
14562,High Value Customers,Low Risk,3,26,6729,27.30%, VIP Call Loyalty Reward
17001,High Value Customers,Low Risk,0,19,6641,1.10%, VIP Call Loyalty Reward
13394,High Value Customers,Low Risk,1,19,6622,1.10%, VIP Call Loyalty Reward
13230,High Value Customers,Low Risk,3,30,6361,27.30%, VIP Call Loyalty Reward
14534,High Value Customers,Low Risk,2,26,6271,1.10%, VIP Call Loyalty Reward
14907,High Value Customers,Low Risk,2,16,6166,1.10%, VIP Call Loyalty Reward
16954,High Value Customers,Low Risk,0,20,6082,1.10%, VIP Call Loyalty Reward
17644,High Value Customers,Low Risk,0,20,6029,1.10%, VIP Call Loyalty Reward
17491,High Value Customers,Low Risk,0,17,5981,1.10%, VIP Call Loyalty Reward
14189,High Value Customers,Low Risk,1,16,5814,1.10%, VIP Call Loyalty Reward
13769,High Value Customers,Low Risk,1,20,5800,1.10%, VIP Call Loyalty Reward
12615,High Value Customers,Low Risk,1,8,5741,1.10%, VIP Call Loyalty Reward
16458,High Value Customers,Low Risk,2,30,5715,1.10%, VIP Call Loyalty Reward
13870,High Value Customers,Low Risk,1,15,5712,1.10%, VIP Call Loyalty Reward
16200,High Value Customers,Low Risk,3,12,5643,21.20%, VIP Call Loyalty Reward
12347,High Value Customers,Low Risk,1,8,5633,1.10%, VIP Call Loyalty Reward
14572,High Value Customers,Low Risk,2,11,5615,1.10%, VIP Call Loyalty Reward
15898,High Value Customers,Low Risk,0,25,5596,1.10%, VIP Call Loyalty Reward
15854,High Value Customers,Low Risk,3,21,5584,21.20%, VIP Call Loyalty Reward
16393,High Value Customers,Low Risk,1,23,5562,1.10%, VIP Call Loyalty Reward
18198,High Value Customers,Low Risk,3,17,5426,21.20%, VIP Call Loyalty Reward
12362,High Value Customers,Low Risk,2,11,5356,1.10%, VIP Call Loyalty Reward
17346,High Value Customers,Low Risk,3,26,5323,27.30%, VIP Call Loyalty Reward
15443,High Value Customers,Low Risk,1,14,5176,1.10%, VIP Call Loyalty Reward
15796,High Value Customers,Low Risk,0,17,5176,1.10%, VIP Call Loyalty Reward
16904,High Value Customers,Low Risk,3,21,5132,21.20%, VIP Call Loyalty Reward
17861,High Value Customers,Low Risk,2,18,5128,1.10%, VIP Call Loyalty Reward
17449,High Value Customers,Low Risk,1,13,4951,1.10%, VIP Call Loyalty Reward
14825,High Value Customers,Low Risk,3,24,4925,24.60%, VIP Call Loyalty Reward
16143,High Value Customers,Low Risk,2,12,4911,1.10%, VIP Call Loyalty Reward
13021,High Value Customers,Low Risk,3,17,4887,21.20%, VIP Call Loyalty Reward
14032,High Value Customers,Low Risk,1,16,4850,1.10%, VIP Call Loyalty Reward
14191,High Value Customers,Low Risk,1,15,4818,1.10%, VIP Call Loyalty Reward
15187,High Value Customers,Low Risk,1,16,4777,1.10%, VIP Call Loyalty Reward
12955,High Value Customers,Low Risk,0,11,4757,1.10%, VIP Call Loyalty Reward
15484,High Value Customers,Low Risk,0,6,4656,1.20%, VIP Call Loyalty Reward
14441,High Value Customers,Low Risk,0,11,4612,1.10%, VIP Call Loyalty Reward
17754,High Value Customers,Low Risk,0,13,4578,1.10%, VIP Call Loyalty Reward
13510,High Value Customers,Low Risk,0,11,4558,1.10%, VIP Call Loyalty Reward
17412,High Value Customers,Low Risk,2,16,4418,1.10%, VIP Call Loyalty Reward
16626,High Value Customers,Low Risk,0,17,4413,1.10%, VIP Call Loyalty Reward
18272,High Value Customers,Low Risk,2,9,4386,1.10%, VIP Call Loyalty Reward
12935,High Value Customers,Low Risk,1,15,4244,1.10%, VIP Call Loyalty Reward
17728,High Value Customers,Low Risk,3,5,4239,20.40%, VIP Call Loyalty Reward
17673,High Value Customers,Low Risk,1,13,4234,1.10%, VIP Call Loyalty Reward
15804,High Value Customers,Low Risk,0,13,4206,1.10%, VIP Call Loyalty Reward
17218,High Value Customers,Low Risk,3,18,4193,21.20%, VIP Call Loyalty Reward
14868,High Value Customers,Low Risk,2,12,4184,1.10%, VIP Call Loyalty Reward
12569,High Value Customers,Low Risk,1,32,4125,1.10%, VIP Call Loyalty Reward
14547,High Value Customers,Low Risk,3,8,4008,20.90%, VIP Call Loyalty Reward
12358,High Value Customers,Low Risk,1,5,3887,1.20%, VIP Call Loyalty Reward
13305,High Value Customers,Low Risk,3,16,3755,22.90%, VIP Call Loyalty Reward
16539,High Value Customers,Low Risk,2,10,3732,1.30%, VIP Call Loyalty Reward
17528,High Value Customers,Low Risk,0,8,3628,1.30%, VIP Call Loyalty Reward
14653,High Value Customers,Low Risk,0,12,3615,1.30%, VIP Call Loyalty Reward
14132,High Value Customers,Low Risk,1,11,3586,1.30%, VIP Call Loyalty Reward
18219,High Value Customers,Low Risk,2,17,3563,1.00%, VIP Call Loyalty Reward
14737,High Value Customers,Low Risk,3,4,3554,21.00%, VIP Call Loyalty Reward
14503,High Value Customers,Low Risk,2,6,3543,1.10%, VIP Call Loyalty Reward
16360,High Value Customers,Low Risk,4,6,3513,25.90%, VIP Call Loyalty Reward
18044,High Value Customers,Low Risk,3,18,3506,14.50%, VIP Call Loyalty Reward
16271,High Value Customers,Low Risk,2,10,3463,1.00%, VIP Call Loyalty Reward
13536,High Value Customers,Low Risk,0,7,3448,0.90%, VIP Call Loyalty Reward
14217,High Value Customers,Low Risk,1,23,3417,1.00%, VIP Call Loyalty Reward
14673,High Value Customers,Low Risk,2,7,3411,0.90%, VIP Call Loyalty Reward
14608,High Value Customers,Low Risk,3,11,3353,18.50%, VIP Call Loyalty Reward
14293,High Value Customers,Low Risk,2,9,3268,1.00%, VIP Call Loyalty Reward
16933,High Value Customers,Low Risk,0,9,3181,1.00%, VIP Call Loyalty Reward
15031,High Value Customers,Low Risk,3,14,3157,18.50%, VIP Call Loyalty Reward
17090,High Value Customers,Low Risk,3,13,3149,18.50%, VIP Call Loyalty Reward
17530,High Value Customers,Low Risk,0,12,3142,1.00%, VIP Call Loyalty Reward
13685,High Value Customers,Low Risk,2,7,3119,0.90%, VIP Call Loyalty Reward
16678,High Value Customers,Low Risk,2,12,3110,1.00%, VIP Call Loyalty Reward
17870,High Value Customers,Low Risk,1,13,3108,1.00%, VIP Call Loyalty Reward
17884,High Value Customers,Low Risk,3,20,3073,18.50%, VIP Call Loyalty Reward
13077,High Value Customers,Low Risk,0,11,3065,1.00%, VIP Call Loyalty Reward
14456,High Value Customers,Low Risk,4,9,3062,28.70%, VIP Call Loyalty Reward
14621,High Value Customers,Low Risk,0,9,3001,1.00%, VIP Call Loyalty Reward
12826,High Value Customers,Low Risk,2,12,2956,1.00%, VIP Call Loyalty Reward
12877,High Value Customers,Low Risk,3,20,2955,18.50%, VIP Call Loyalty Reward
13890,High Value Customers,Low Risk,0,14,2927,1.00%, VIP Call Loyalty Reward
16358,High Value Customers,Low Risk,0,5,2920,1.20%, VIP Call Loyalty Reward
15392,High Value Customers,Low Risk,4,7,2912,26.50%, VIP Call Loyalty Reward
14251,High Value Customers,Low Risk,1,5,2880,1.20%, VIP Call Loyalty Reward
16711,High Value Customers,Low Risk,2,9,2868,1.00%, VIP Call Loyalty Reward
16979,High Value Customers,Low Risk,3,9,2860,18.50%, VIP Call Loyalty Reward
16817,High Value Customers,Low Risk,2,13,2805,1.00%, VIP Call Loyalty Reward
16764,High Value Customers,Low Risk,3,13,2799,18.50%, VIP Call Loyalty Reward
14121,High Value Customers,Low Risk,3,4,2780,26.20%, VIP Call Loyalty Reward
18210,High Value Customers,Low Risk,1,7,2769,0.90%, VIP Call Loyalty Reward
14696,High Value Customers,Low Risk,3,8,2768,18.30%, VIP Call Loyalty Reward
13736,High Value Customers,Low Risk,4,7,2766,28.90%, VIP Call Loyalty Reward
17676,High Value Customers,Low Risk,3,10,2766,20.40%, VIP Call Loyalty Reward
17490,High Value Customers,Low Risk,0,9,2750,1.20%, VIP Call Loyalty Reward
18283,High Value Customers,Low Risk,3,22,2737,28.00%, VIP Call Loyalty Reward
12820,High Value Customers,Low Risk,2,11,2690,1.20%, VIP Call Loyalty Reward
15910,High Value Customers,Low Risk,0,15,2682,1.20%, VIP Call Loyalty Reward
15157,High Value Customers,Low Risk,3,5,2654,23.40%, VIP Call Loyalty Reward
17744,High Value Customers,Low Risk,3,7,2649,18.60%, VIP Call Loyalty Reward
13173,High Value Customers,Low Risk,3,11,2639,20.40%, VIP Call Loyalty Reward
12423,High Value Customers,Low Risk,0,10,2622,1.20%, VIP Call Loyalty Reward
14397,High Value Customers,Low Risk,2,19,2613,1.20%, VIP Call Loyalty Reward
14129,High Value Customers,Low Risk,1,9,2591,1.20%, VIP Call Loyalty Reward
16987,High Value Customers,Low Risk,2,11,2536,1.20%, VIP Call Loyalty Reward
16016,High Value Customers,Low Risk,2,11,2534,1.20%, VIP Call Loyalty Reward
13471,High Value Customers,Low Risk,0,4,2532,1.80%, VIP Call Loyalty Reward
15932,High Value Customers,Low Risk,3,8,2496,20.10%, VIP Call Loyalty Reward
13507,High Value Customers,Low Risk,2,4,2479,1.80%, VIP Call Loyalty Reward
13949,High Value Customers,Low Risk,2,6,2427,1.30%, VIP Call Loyalty Reward
16833,High Value Customers,Low Risk,0,6,2409,1.30%, VIP Call Loyalty Reward
17434,High Value Customers,Low Risk,1,7,2374,1.00%, VIP Call Loyalty Reward
12584,High Value Customers,Low Risk,3,9,2338,20.40%, VIP Call Loyalty Reward
12724,High Value Customers,Low Risk,4,7,2318,28.90%, VIP Call Loyalty Reward
13994,High Value Customers,Low Risk,3,6,2313,22.80%, VIP Call Loyalty Reward
16076,High Value Customers,Low Risk,2,10,2235,1.20%, VIP Call Loyalty Reward
12783,High Value Customers,Low Risk,1,6,2226,1.30%, VIP Call Loyalty Reward
15550,High Value Customers,Low Risk,3,12,2219,20.40%, VIP Call Loyalty Reward
14708,High Value Customers,Low Risk,2,5,2212,1.40%, VIP Call Loyalty Reward
13755,High Value Customers,Low Risk,3,9,2161,20.40%, VIP Call Loyalty Reward
16379,High Value Customers,Low Risk,3,4,2157,28.60%, VIP Call Loyalty Reward
16600,High Value Customers,Low Risk,3,13,2153,20.40%, VIP Call Loyalty Reward
14216,High Value Customers,Low Risk,2,5,2150,1.40%, VIP Call Loyalty Reward
16201,High Value Customers,Low Risk,2,5,2112,1.40%, VIP Call Loyalty Reward
16794,High Value Customers,Low Risk,0,15,2091,1.20%, VIP Call Loyalty Reward
17705,High Value Customers,Low Risk,2,11,2084,1.20%, VIP Call Loyalty Reward
12518,High Value Customers,Low Risk,0,5,2057,1.40%, VIP Call Loyalty Reward
16891,High Value Customers,Low Risk,1,11,2057,1.20%, VIP Call Loyalty Reward
17666,High Value Customers,Low Risk,3,5,2048,23.40%, VIP Call Loyalty Reward
13630,High Value Customers,Low Risk,4,7,2032,28.90%, VIP Call Loyalty Reward
14730,High Value Customers,Low Risk,0,8,2005,1.10%, VIP Call Loyalty Reward
14794,High Value Customers,Low Risk,2,10,1954,1.20%, VIP Call Loyalty Reward
17554,High Value Customers,Low Risk,0,5,1952,1.40%, VIP Call Loyalty Reward
16426,High Value Customers,Low Risk,1,10,1908,1.20%, VIP Call Loyalty Reward
15822,High Value Customers,Low Risk,2,6,1840,1.30%, VIP Call Loyalty Reward
13924,High Value Customers,Low Risk,1,6,1839,1.30%, VIP Call Loyalty Reward
16620,High Value Customers,Low Risk,3,6,1759,22.80%, VIP Call Loyalty Reward
13026,High Value Customers,Low Risk,0,9,1733,1.20%, VIP Call Loyalty Reward
17451,High Value Customers,Low Risk,0,7,1721,1.00%, VIP Call Loyalty Reward
13104,High Value Customers,Low Risk,2,9,1709,1.00%, VIP Call Loyalty Reward
13417,High Value Customers,Low Risk,4,6,1669,26.30%, VIP Call Loyalty Reward
12912,High Value Customers,Low Risk,2,5,1662,1.30%, VIP Call Loyalty Reward
15214,High Value Customers,Low Risk,1,8,1661,1.00%, VIP Call Loyalty Reward
14904,High Value Customers,Low Risk,1,4,1641,1.60%, VIP Call Loyalty Reward
17006,High Value Customers,Low Risk,4,8,1636,23.30%, VIP Call Loyalty Reward
14719,High Value Customers,Low Risk,1,5,1602,1.30%, VIP Call Loyalty Reward
16790,High Value Customers,Low Risk,3,6,1546,18.60%, VIP Call Loyalty Reward
15701,High Value Customers,Low Risk,1,4,1542,1.60%, VIP Call Loyalty Reward
16910,High Value Customers,Low Risk,3,8,1510,16.30%, VIP Call Loyalty Reward
17290,High Value Customers,Low Risk,3,8,1501,16.30%, VIP Call Loyalty Reward
17590,High Value Customers,Low Risk,1,3,1479,1.70%, VIP Call Loyalty Reward
16569,High Value Customers,Low Risk,2,5,1455,1.10%, VIP Call Loyalty Reward
14071,High Value Customers,Low Risk,3,8,1439,16.30%, VIP Call Loyalty Reward
17856,High Value Customers,Low Risk,1,4,1418,1.60%, VIP Call Loyalty Reward
15237,High Value Customers,Low Risk,1,4,1412,1.60%, VIP Call Loyalty Reward
14083,High Value Customers,Low Risk,3,11,1407,14.00%, VIP Call Loyalty Reward
15453,High Value Customers,Low Risk,1,7,1388,0.80%, VIP Call Loyalty Reward
14102,High Value Customers,Low Risk,4,5,1360,25.90%, VIP Call Loyalty Reward
13743,High Value Customers,Low Risk,2,7,1342,0.80%, VIP Call Loyalty Reward
17097,High Value Customers,Low Risk,1,9,1340,0.70%, VIP Call Loyalty Reward
15525,High Value Customers,Low Risk,1,4,1296,1.60%, VIP Call Loyalty Reward
16929,High Value Customers,Low Risk,3,7,1295,15.00%, VIP Call Loyalty Reward
15621,High Value Customers,Low Risk,3,4,1293,26.10%, VIP Call Loyalty Reward
15136,High Value Customers,Low Risk,2,4,1287,1.60%, VIP Call Loyalty Reward
16949,High Value Customers,Low Risk,3,6,1286,18.60%, VIP Call Loyalty Reward
16688,High Value Customers,Low Risk,0,4,1261,1.60%, VIP Call Loyalty Reward
14871,High Value Customers,Low Risk,2,9,1259,0.70%, VIP Call Loyalty Reward
14931,High Value Customers,Low Risk,4,5,1258,25.90%, VIP Call Loyalty Reward
17481,High Value Customers,Low Risk,3,4,1256,26.10%, VIP Call Loyalty Reward
14698,High Value Customers,Low Risk,1,5,1251,1.10%, VIP Call Loyalty Reward
13860,High Value Customers,Low Risk,0,5,1246,1.10%, VIP Call Loyalty Reward
14446,High Value Customers,Low Risk,0,5,1241,1.10%, VIP Call Loyalty Reward
15145,High Value Customers,Low Risk,3,4,1195,20.30%, VIP Call Loyalty Reward
13882,High Value Customers,Low Risk,2,5,1191,1.10%, VIP Call Loyalty Reward
16989,High Value Customers,Low Risk,6,6,1133,29.00%, VIP Call Loyalty Reward
15969,High Value Customers,Low Risk,2,5,1127,1.10%, VIP Call Loyalty Reward
16642,High Value Customers,Low Risk,4,3,1077,25.30%, VIP Call Loyalty Reward
17522,High Value Customers,Low Risk,1,5,1071,1.00%, VIP Call Loyalty Reward
14204,High Value Customers,Low Risk,1,4,1063,1.40%, VIP Call Loyalty Reward
17042,High Value Customers,Low Risk,2,5,1044,1.00%, VIP Call Loyalty Reward
17405,High Value Customers,Low Risk,0,3,1031,1.40%, VIP Call Loyalty Reward
16682,High Value Customers,Low Risk,4,5,1028,17.20%, VIP Call Loyalty Reward
13956,High Value Customers,Low Risk,4,5,1026,17.20%, VIP Call Loyalty Reward
12828,High Value Customers,Low Risk,2,6,1019,0.90%, VIP Call Loyalty Reward
16535,High Value Customers,Low Risk,4,3,1002,19.20%, VIP Call Loyalty Reward
17631,High Value Customers,Low Risk,1,7,998,0.80%, VIP Call Loyalty Reward
17883,High Value Customers,Low Risk,2,7,996,0.90%, VIP Call Loyalty Reward
18237,High Value Customers,Low Risk,2,5,987,1.20%, VIP Call Loyalty Reward
17221,High Value Customers,Low Risk,6,5,979,24.80%, VIP Call Loyalty Reward
15208,High Value Customers,Low Risk,0,6,971,1.10%, VIP Call Loyalty Reward
15907,High Value Customers,Low Risk,3,3,967,16.80%, VIP Call Loyalty Reward
18154,High Value Customers,Low Risk,2,5,933,1.20%, VIP Call Loyalty Reward
14141,High Value Customers,Low Risk,2,4,915,1.30%, VIP Call Loyalty Reward
16442,High Value Customers,Low Risk,1,5,899,1.20%, VIP Call Loyalty Reward
15992,High Value Customers,Low Risk,3,3,897,16.80%, VIP Call Loyalty Reward
12680,High Value Customers,Low Risk,0,4,881,1.30%, VIP Call Loyalty Reward
16513,High Value Customers,Low Risk,4,4,875,19.30%, VIP Call Loyalty Reward
16500,High Value Customers,Low Risk,4,9,844,12.70%, VIP Call Loyalty Reward
17114,High Value Customers,Low Risk,5,8,809,21.10%, VIP Call Loyalty Reward
17817,High Value Customers,Low Risk,3,6,808,13.10%, VIP Call Loyalty Reward
13323,High Value Customers,Low Risk,2,5,788,2.00%, VIP Call Loyalty Reward
16892,High Value Customers,Low Risk,0,7,762,0.70%, VIP Call Loyalty Reward
17579,High Value Customers,Low Risk,4,4,753,13.90%, VIP Call Loyalty Reward
12723,High Value Customers,Low Risk,3,5,725,21.10%, VIP Call Loyalty Reward
16015,High Value Customers,Low Risk,3,3,705,11.00%, VIP Call Loyalty Reward
16495,High Value Customers,Low Risk,2,3,684,1.00%, VIP Call Loyalty Reward
16368,High Value Customers,Low Risk,1,3,640,1.00%, VIP Call Loyalty Reward
13558,High Value Customers,Low Risk,5,4,605,14.80%, VIP Call Loyalty Reward
14569,High Value Customers,Low Risk,0,4,599,0.60%, VIP Call Loyalty Reward
17436,High Value Customers,Low Risk,1,5,534,0.60%, VIP Call Loyalty Reward
17266,High Value Customers,Low Risk,1,5,518,0.60%, VIP Call Loyalty Reward
17988,High Value Customers,Low Risk,11,14,490,25.20%, VIP Call Loyalty Reward
17254,High Value Customers,Low Risk,4,3,471,10.80%, VIP Call Loyalty Reward
14910,High Value Customers,Low Risk,2,4,434,0.40%, VIP Call Loyalty Reward
16149,High Value Customers,Low Risk,4,3,422,7.60%, VIP Call Loyalty Reward
13079,High Value Customers,Low Risk,3,6,419,4.60%, VIP Call Loyalty Reward
17830,High Value Customers,Low Risk,1,3,399,0.50%, VIP Call Loyalty Reward
17736,High Value Customers,Low Risk,8,3,377,24.80%, VIP Call Loyalty Reward
18273,High Value Customers,Low Risk,1,4,357,0.40%, VIP Call Loyalty Reward
17835,High Value Customers,Low Risk,2,3,351,0.40%, VIP Call Loyalty Reward
16851,High Value Customers,Low Risk,3,3,342,5.00%, VIP Call Loyalty Reward
15060,High Value Customers,Low Risk,7,4,303,19.80%, VIP Call Loyalty Reward
17468,High Value Customers,Low Risk,9,3,195,28.80%, VIP Call Loyalty Reward
14865,High Value Customers,Low Risk,6,4,130,8.80%, VIP Call Loyalty Reward
16454,High Value Customers,Low Risk,44,4,31,13.90%, VIP Call Loyalty Reward
13694,High Value Customers,Medium Risk,3,143,196483,52.10%, Send Time-Limited Offer
16684,High Value Customers,Medium Risk,3,55,147143,55.60%, Send Time-Limited Offer
15061,High Value Customers,Medium Risk,3,127,137819,52.10%, Send Time-Limited Offer
16013,High Value Customers,Medium Risk,3,84,57446,52.10%, Send Time-Limited Offer
13881,High Value Customers,Medium Risk,3,43,45179,54.70%, Send Time-Limited Offer
15856,High Value Customers,Medium Risk,3,52,34220,58.60%, Send Time-Limited Offer
17857,High Value Customers,Medium Risk,3,24,28682,51.20%, Send Time-Limited Offer
17920,High Value Customers,Medium Risk,3,54,24516,46.00%, Send Time-Limited Offer
13001,High Value Customers,Medium Risk,3,33,24172,63.80%, Send Time-Limited Offer
12682,High Value Customers,Medium Risk,3,52,24034,67.30%, Send Time-Limited Offer
15640,High Value Customers,Medium Risk,3,29,23958,63.80%, Send Time-Limited Offer
16133,High Value Customers,Medium Risk,3,56,22992,61.80%, Send Time-Limited Offer
17706,High Value Customers,Medium Risk,3,31,20750,58.00%, Send Time-Limited Offer
13199,High Value Customers,Medium Risk,3,67,16433,36.90%, Send Time-Limited Offer
12971,High Value Customers,Medium Risk,3,116,15973,38.40%, Send Time-Limited Offer
14110,High Value Customers,Medium Risk,3,33,12988,40.90%, Send Time-Limited Offer
12683,High Value Customers,Medium Risk,3,21,12697,33.10%, Send Time-Limited Offer
13854,High Value Customers,Medium Risk,8,39,12254,68.60%, Send Time-Limited Offer
15290,High Value Customers,Medium Risk,4,26,10496,66.20%, Send Time-Limited Offer
16353,High Value Customers,Medium Risk,3,38,9999,31.40%, Send Time-Limited Offer
12490,High Value Customers,Medium Risk,4,21,9824,60.70%, Send Time-Limited Offer
17811,High Value Customers,Medium Risk,3,47,9610,31.40%, Send Time-Limited Offer
14060,High Value Customers,Medium Risk,4,30,9519,66.20%, Send Time-Limited Offer
15867,High Value Customers,Medium Risk,4,31,9064,66.20%, Send Time-Limited Offer
14145,High Value Customers,Medium Risk,46,7,7600,55.10%, Send Time-Limited Offer
12841,High Value Customers,Medium Risk,4,40,7541,61.70%, Send Time-Limited Offer
12913,High Value Customers,Medium Risk,4,13,6701,32.20%, Send Time-Limited Offer
13953,High Value Customers,Medium Risk,6,12,6641,53.80%, Send Time-Limited Offer
18245,High Value Customers,Medium Risk,6,20,6325,53.80%, Send Time-Limited Offer
16103,High Value Customers,Medium Risk,6,22,6192,53.80%, Send Time-Limited Offer
14560,High Value Customers,Medium Risk,6,44,6114,59.60%, Send Time-Limited Offer
18065,High Value Customers,Medium Risk,5,29,5867,61.00%, Send Time-Limited Offer
15628,High Value Customers,Medium Risk,4,17,5652,32.20%, Send Time-Limited Offer
13362,High Value Customers,Medium Risk,8,7,5394,55.80%, Send Time-Limited Offer
17567,High Value Customers,Medium Risk,6,9,5356,53.80%, Send Time-Limited Offer
17584,High Value Customers,Medium Risk,6,6,5309,44.60%, Send Time-Limited Offer
16931,High Value Customers,Medium Risk,4,23,5234,32.20%, Send Time-Limited Offer
14546,High Value Customers,Medium Risk,4,11,5198,32.20%, Send Time-Limited Offer
14493,High Value Customers,Medium Risk,6,10,5130,53.80%, Send Time-Limited Offer
17402,High Value Customers,Medium Risk,4,23,5096,32.20%, Send Time-Limited Offer
16905,High Value Customers,Medium Risk,4,17,5034,32.20%, Send Time-Limited Offer
12700,High Value Customers,Medium Risk,7,4,4940,62.50%, Send Time-Limited Offer
16326,High Value Customers,Medium Risk,5,24,4827,61.00%, Send Time-Limited Offer
15271,High Value Customers,Medium Risk,6,24,4710,59.60%, Send Time-Limited Offer
15123,High Value Customers,Medium Risk,6,5,4656,45.30%, Send Time-Limited Offer
12782,High Value Customers,Medium Risk,4,11,4618,32.20%, Send Time-Limited Offer
13435,High Value Customers,Medium Risk,4,9,4475,32.20%, Send Time-Limited Offer
16283,High Value Customers,Medium Risk,5,8,4404,48.50%, Send Time-Limited Offer
13297,High Value Customers,Medium Risk,7,7,4369,49.00%, Send Time-Limited Offer
17937,High Value Customers,Medium Risk,8,7,4301,55.80%, Send Time-Limited Offer
17526,High Value Customers,Medium Risk,4,12,4166,32.20%, Send Time-Limited Offer
17618,High Value Customers,Medium Risk,5,11,4073,55.20%, Send Time-Limited Offer
15572,High Value Customers,Medium Risk,4,10,4069,32.20%, Send Time-Limited Offer
13126,High Value Customers,Medium Risk,4,13,3998,32.20%, Send Time-Limited Offer
17954,High Value Customers,Medium Risk,4,19,3966,34.80%, Send Time-Limited Offer
14655,High Value Customers,Medium Risk,7,7,3879,49.00%, Send Time-Limited Offer
16440,High Value Customers,Medium Risk,7,6,3857,57.50%, Send Time-Limited Offer
14649,High Value Customers,Medium Risk,4,9,3775,41.40%, Send Time-Limited Offer
17173,High Value Customers,Medium Risk,4,8,3767,47.80%, Send Time-Limited Offer
12670,High Value Customers,Medium Risk,9,7,3760,43.30%, Send Time-Limited Offer
17768,High Value Customers,Medium Risk,7,7,3510,45.70%, Send Time-Limited Offer
15380,High Value Customers,Medium Risk,8,11,3479,63.30%, Send Time-Limited Offer
15712,High Value Customers,Medium Risk,8,12,3472,63.30%, Send Time-Limited Offer
17183,High Value Customers,Medium Risk,7,6,3347,61.30%, Send Time-Limited Offer
14897,High Value Customers,Medium Risk,7,8,3141,55.30%, Send Time-Limited Offer
15611,High Value Customers,Medium Risk,9,26,2997,69.80%, Send Time-Limited Offer
17386,High Value Customers,Medium Risk,7,7,2813,53.00%, Send Time-Limited Offer
14869,High Value Customers,Medium Risk,8,6,2804,66.20%, Send Time-Limited Offer
15993,High Value Customers,Medium Risk,8,7,2798,58.20%, Send Time-Limited Offer
17115,High Value Customers,Medium Risk,7,7,2761,53.00%, Send Time-Limited Offer
16359,High Value Customers,Medium Risk,6,16,2698,52.10%, Send Time-Limited Offer
14262,High Value Customers,Medium Risk,7,8,2618,55.30%, Send Time-Limited Offer
15033,High Value Customers,Medium Risk,4,10,2587,31.20%, Send Time-Limited Offer
18179,High Value Customers,Medium Risk,8,8,2548,60.50%, Send Time-Limited Offer
17131,High Value Customers,Medium Risk,4,5,2463,35.10%, Send Time-Limited Offer
17629,High Value Customers,Medium Risk,5,10,2456,53.60%, Send Time-Limited Offer
17827,High Value Customers,Medium Risk,4,6,2388,34.40%, Send Time-Limited Offer
12704,High Value Customers,Medium Risk,6,8,2341,44.50%, Send Time-Limited Offer
16496,High Value Customers,Medium Risk,8,6,2331,66.20%, Send Time-Limited Offer
13704,High Value Customers,Medium Risk,4,9,2308,31.20%, Send Time-Limited Offer
12684,High Value Customers,Medium Risk,7,7,2284,53.00%, Send Time-Limited Offer
12856,High Value Customers,Medium Risk,7,6,2180,61.30%, Send Time-Limited Offer
16966,High Value Customers,Medium Risk,7,7,2155,53.00%, Send Time-Limited Offer
17086,High Value Customers,Medium Risk,6,6,2050,48.50%, Send Time-Limited Offer
13705,High Value Customers,Medium Risk,7,7,2035,53.00%, Send Time-Limited Offer
13838,High Value Customers,Medium Risk,5,10,1966,53.60%, Send Time-Limited Offer
12528,High Value Customers,Medium Risk,8,6,1933,66.20%, Send Time-Limited Offer
17350,High Value Customers,Medium Risk,7,7,1906,53.00%, Send Time-Limited Offer
13884,High Value Customers,Medium Risk,6,10,1888,52.10%, Send Time-Limited Offer
16474,High Value Customers,Medium Risk,6,7,1872,42.10%, Send Time-Limited Offer
12381,High Value Customers,Medium Risk,4,5,1845,35.10%, Send Time-Limited Offer
18180,High Value Customers,Medium Risk,4,6,1844,34.40%, Send Time-Limited Offer
18122,High Value Customers,Medium Risk,7,6,1826,61.30%, Send Time-Limited Offer
16169,High Value Customers,Medium Risk,7,4,1823,66.10%, Send Time-Limited Offer
17750,High Value Customers,Medium Risk,4,9,1798,31.20%, Send Time-Limited Offer
14583,High Value Customers,Medium Risk,5,8,1781,46.90%, Send Time-Limited Offer
13808,High Value Customers,Medium Risk,5,5,1748,51.70%, Send Time-Limited Offer
17321,High Value Customers,Medium Risk,7,6,1741,61.30%, Send Time-Limited Offer
14075,High Value Customers,Medium Risk,4,6,1735,30.70%, Send Time-Limited Offer
16899,High Value Customers,Medium Risk,7,8,1721,59.40%, Send Time-Limited Offer
16119,High Value Customers,Medium Risk,7,8,1721,42.60%, Send Time-Limited Offer
15267,High Value Customers,Medium Risk,21,5,1717,68.80%, Send Time-Limited Offer
13309,High Value Customers,Medium Risk,6,6,1706,39.00%, Send Time-Limited Offer
16813,High Value Customers,Medium Risk,7,10,1693,66.20%, Send Time-Limited Offer
15172,High Value Customers,Medium Risk,8,5,1624,65.50%, Send Time-Limited Offer
14178,High Value Customers,Medium Risk,8,7,1621,53.50%, Send Time-Limited Offer
16915,High Value Customers,Medium Risk,8,11,1543,63.90%, Send Time-Limited Offer
12970,High Value Customers,Medium Risk,6,10,1525,35.10%, Send Time-Limited Offer
15948,High Value Customers,Medium Risk,7,3,1509,67.70%, Send Time-Limited Offer
15101,High Value Customers,Medium Risk,8,6,1478,59.00%, Send Time-Limited Offer
13159,High Value Customers,Medium Risk,8,4,1438,69.30%, Send Time-Limited Offer
12695,High Value Customers,Medium Risk,6,7,1407,30.50%, Send Time-Limited Offer
12952,High Value Customers,Medium Risk,5,4,1388,49.20%, Send Time-Limited Offer
14618,High Value Customers,Medium Risk,8,7,1342,50.50%, Send Time-Limited Offer
12919,High Value Customers,Medium Risk,7,6,1335,53.80%, Send Time-Limited Offer
14511,High Value Customers,Medium Risk,10,5,1315,69.50%, Send Time-Limited Offer
12364,High Value Customers,Medium Risk,7,4,1313,65.60%, Send Time-Limited Offer
16744,High Value Customers,Medium Risk,10,7,1305,68.90%, Send Time-Limited Offer
14419,High Value Customers,Medium Risk,10,7,1261,68.90%, Send Time-Limited Offer
14428,High Value Customers,Medium Risk,6,5,1245,38.50%, Send Time-Limited Offer
12464,High Value Customers,Medium Risk,9,8,1212,66.50%, Send Time-Limited Offer
14126,High Value Customers,Medium Risk,7,4,1172,64.60%, Send Time-Limited Offer
15028,High Value Customers,Medium Risk,7,6,1158,52.70%, Send Time-Limited Offer
15500,High Value Customers,Medium Risk,7,4,1132,64.60%, Send Time-Limited Offer
13509,High Value Customers,Medium Risk,8,8,1115,51.80%, Send Time-Limited Offer
12421,High Value Customers,Medium Risk,15,6,1099,68.50%, Send Time-Limited Offer
13258,High Value Customers,Medium Risk,11,5,1035,40.10%, Send Time-Limited Offer
17299,High Value Customers,Medium Risk,11,6,1016,69.60%, Send Time-Limited Offer
15951,High Value Customers,Medium Risk,8,3,1013,53.50%, Send Time-Limited Offer
13429,High Value Customers,Medium Risk,10,4,1007,63.00%, Send Time-Limited Offer
13238,High Value Customers,Medium Risk,16,6,1007,67.50%, Send Time-Limited Offer
13427,High Value Customers,Medium Risk,18,6,1007,69.40%, Send Time-Limited Offer
17329,High Value Customers,Medium Risk,13,5,1004,51.70%, Send Time-Limited Offer
17237,High Value Customers,Medium Risk,10,4,1002,56.00%, Send Time-Limited Offer
17516,High Value Customers,Medium Risk,14,6,958,63.60%, Send Time-Limited Offer
18001,High Value Customers,Medium Risk,11,6,954,62.50%, Send Time-Limited Offer
16657,High Value Customers,Medium Risk,9,4,934,58.40%, Send Time-Limited Offer
17864,High Value Customers,Medium Risk,12,5,924,62.50%, Send Time-Limited Offer
14289,High Value Customers,Medium Risk,8,6,911,44.80%, Send Time-Limited Offer
15511,High Value Customers,Medium Risk,11,5,909,60.40%, Send Time-Limited Offer
16361,High Value Customers,Medium Risk,9,4,897,56.30%, Send Time-Limited Offer
15393,High Value Customers,Medium Risk,15,5,891,61.50%, Send Time-Limited Offer
16668,High Value Customers,Medium Risk,14,13,862,44.60%, Send Time-Limited Offer
12787,High Value Customers,Medium Risk,9,4,862,56.30%, Send Time-Limited Offer
13991,High Value Customers,Medium Risk,11,6,856,60.40%, Send Time-Limited Offer
16877,High Value Customers,Medium Risk,11,6,854,60.40%, Send Time-Limited Offer
18084,High Value Customers,Medium Risk,15,3,813,66.00%, Send Time-Limited Offer
17495,High Value Customers,Medium Risk,7,3,807,48.20%, Send Time-Limited Offer
16438,High Value Customers,Medium Risk,5,5,798,35.40%, Send Time-Limited Offer
15872,High Value Customers,Medium Risk,14,4,796,64.60%, Send Time-Limited Offer
16759,High Value Customers,Medium Risk,7,3,790,60.60%, Send Time-Limited Offer
15714,High Value Customers,Medium Risk,11,5,785,60.10%, Send Time-Limited Offer
15743,High Value Customers,Medium Risk,15,4,784,64.60%, Send Time-Limited Offer
13502,High Value Customers,Medium Risk,16,5,780,57.70%, Send Time-Limited Offer
18112,High Value Customers,Medium Risk,11,4,776,52.60%, Send Time-Limited Offer
18058,High Value Customers,Medium Risk,9,3,774,48.90%, Send Time-Limited Offer
15428,High Value Customers,Medium Risk,14,4,763,55.00%, Send Time-Limited Offer
13950,High Value Customers,Medium Risk,10,4,745,46.60%, Send Time-Limited Offer
13147,High Value Customers,Medium Risk,9,4,713,46.60%, Send Time-Limited Offer
16885,High Value Customers,Medium Risk,14,4,711,55.00%, Send Time-Limited Offer
15901,High Value Customers,Medium Risk,16,7,703,68.60%, Send Time-Limited Offer
14111,High Value Customers,Medium Risk,13,4,693,52.60%, Send Time-Limited Offer
17502,High Value Customers,Medium Risk,8,4,689,41.50%, Send Time-Limited Offer
16343,High Value Customers,Medium Risk,15,3,687,57.20%, Send Time-Limited Offer
16824,High Value Customers,Medium Risk,15,3,686,57.20%, Send Time-Limited Offer
14452,High Value Customers,Medium Risk,10,4,666,46.60%, Send Time-Limited Offer
17852,High Value Customers,Medium Risk,11,5,663,50.10%, Send Time-Limited Offer
16157,High Value Customers,Medium Risk,15,3,657,57.20%, Send Time-Limited Offer
17523,High Value Customers,Medium Risk,10,4,653,46.60%, Send Time-Limited Offer
18101,High Value Customers,Medium Risk,10,5,629,37.30%, Send Time-Limited Offer
16566,High Value Customers,Medium Risk,14,5,615,42.50%, Send Time-Limited Offer
12654,High Value Customers,Medium Risk,10,5,602,35.60%, Send Time-Limited Offer
17014,High Value Customers,Medium Risk,7,3,586,32.40%, Send Time-Limited Offer
14173,High Value Customers,Medium Risk,10,6,586,35.60%, Send Time-Limited Offer
16596,High Value Customers,Medium Risk,15,4,580,43.20%, Send Time-Limited Offer
17557,High Value Customers,Medium Risk,13,4,575,43.80%, Send Time-Limited Offer
18127,High Value Customers,Medium Risk,18,4,562,66.90%, Send Time-Limited Offer
16414,High Value Customers,Medium Risk,21,5,560,65.50%, Send Time-Limited Offer
16406,High Value Customers,Medium Risk,18,3,553,66.40%, Send Time-Limited Offer
13207,High Value Customers,Medium Risk,14,4,536,43.20%, Send Time-Limited Offer
13277,High Value Customers,Medium Risk,15,7,523,37.90%, Send Time-Limited Offer
17384,High Value Customers,Medium Risk,18,3,508,66.40%, Send Time-Limited Offer
13247,High Value Customers,Medium Risk,17,4,501,62.50%, Send Time-Limited Offer
12920,High Value Customers,Medium Risk,16,4,488,57.10%, Send Time-Limited Offer
16024,High Value Customers,Medium Risk,11,3,484,48.10%, Send Time-Limited Offer
16038,High Value Customers,Medium Risk,7,3,472,32.40%, Send Time-Limited Offer
13928,High Value Customers,Medium Risk,10,4,465,35.50%, Send Time-Limited Offer
15124,High Value Customers,Medium Risk,22,4,451,49.40%, Send Time-Limited Offer
17330,High Value Customers,Medium Risk,22,4,424,63.70%, Send Time-Limited Offer
15206,High Value Customers,Medium Risk,9,4,420,31.30%, Send Time-Limited Offer
17286,High Value Customers,Medium Risk,21,3,395,61.90%, Send Time-Limited Offer
17772,High Value Customers,Medium Risk,10,3,385,33.10%, Send Time-Limited Offer
16856,High Value Customers,Medium Risk,14,3,358,33.50%, Send Time-Limited Offer
15781,High Value Customers,Medium Risk,24,3,345,60.90%, Send Time-Limited Offer
16478,High Value Customers,Medium Risk,24,3,331,60.90%, Send Time-Limited Offer
18059,High Value Customers,Medium Risk,22,3,306,60.90%, Send Time-Limited Offer
14156,High Value Customers,High Risk,9,156,313946,93.30%, Urgent Win-Back Email
17450,High Value Customers,High Risk,7,51,246973,92.10%, Urgent Win-Back Email
12415,High Value Customers,High Risk,23,28,144458,96.70%, Urgent Win-Back Email
16029,High Value Customers,High Risk,38,107,122209,99.20%, Urgent Win-Back Email
12931,High Value Customers,High Risk,21,57,92347,97.60%, Urgent Win-Back Email
14298,High Value Customers,High Risk,7,82,91194,91.70%, Urgent Win-Back Email
15769,High Value Customers,High Risk,6,46,88704,77.10%, Urgent Win-Back Email
15838,High Value Customers,High Risk,10,34,74163,93.90%, Urgent Win-Back Email
14088,High Value Customers,High Risk,9,16,64037,81.00%, Urgent Win-Back Email
16422,High Value Customers,High Risk,16,109,63651,97.40%, Urgent Win-Back Email
13081,High Value Customers,High Risk,11,28,59205,95.60%, Urgent Win-Back Email
14680,High Value Customers,High Risk,24,58,57413,98.00%, Urgent Win-Back Email
14031,High Value Customers,High Risk,6,44,40999,84.80%, Urgent Win-Back Email
15039,High Value Customers,High Risk,9,93,40031,93.30%, Urgent Win-Back Email
17381,High Value Customers,High Risk,8,38,40002,90.70%, Urgent Win-Back Email
12921,High Value Customers,High Risk,8,74,35921,91.60%, Urgent Win-Back Email
12678,High Value Customers,High Risk,41,21,34281,97.30%, Urgent Win-Back Email
14258,High Value Customers,High Risk,8,25,32051,90.70%, Urgent Win-Back Email
12709,High Value Customers,High Risk,14,34,31093,96.00%, Urgent Win-Back Email
12681,High Value Customers,High Risk,14,45,30868,96.00%, Urgent Win-Back Email
17940,High Value Customers,High Risk,48,16,30393,97.30%, Urgent Win-Back Email
15513,High Value Customers,High Risk,32,35,27751,99.10%, Urgent Win-Back Email
16333,High Value Customers,High Risk,7,22,26627,77.20%, Urgent Win-Back Email
17865,High Value Customers,High Risk,30,46,26374,98.60%, Urgent Win-Back Email
18251,High Value Customers,High Risk,86,9,26279,98.80%, Urgent Win-Back Email
12731,High Value Customers,High Risk,23,17,25776,96.90%, Urgent Win-Back Email
14062,High Value Customers,High Risk,9,24,25604,92.60%, Urgent Win-Back Email
12744,High Value Customers,High Risk,51,11,25317,98.20%, Urgent Win-Back Email
12939,High Value Customers,High Risk,63,20,25265,99.10%, Urgent Win-Back Email
14895,High Value Customers,High Risk,7,38,25120,90.90%, Urgent Win-Back Email
14607,High Value Customers,High Risk,15,22,24138,95.80%, Urgent Win-Back Email
12409,High Value Customers,High Risk,78,7,23419,98.50%, Urgent Win-Back Email
17340,High Value Customers,High Risk,29,18,22405,98.20%, Urgent Win-Back Email
16839,High Value Customers,High Risk,8,44,22310,91.80%, Urgent Win-Back Email
12540,High Value Customers,High Risk,19,33,22254,97.70%, Urgent Win-Back Email
13340,High Value Customers,High Risk,44,12,22101,98.40%, Urgent Win-Back Email
13319,High Value Customers,High Risk,4,58,22082,85.00%, Urgent Win-Back Email
14667,High Value Customers,High Risk,10,54,21927,94.80%, Urgent Win-Back Email
12753,High Value Customers,High Risk,22,6,21429,93.80%, Urgent Win-Back Email
15615,High Value Customers,High Risk,9,47,21374,93.50%, Urgent Win-Back Email
14866,High Value Customers,High Risk,10,19,20850,92.00%, Urgent Win-Back Email
15251,High Value Customers,High Risk,8,21,20325,87.90%, Urgent Win-Back Email
12477,High Value Customers,High Risk,22,9,20276,96.20%, Urgent Win-Back Email
18008,High Value Customers,High Risk,69,23,19787,99.20%, Urgent Win-Back Email
17139,High Value Customers,High Risk,15,25,19584,96.50%, Urgent Win-Back Email
16843,High Value Customers,High Risk,42,35,19571,99.20%, Urgent Win-Back Email
12557,High Value Customers,High Risk,15,8,18716,83.00%, Urgent Win-Back Email
14194,High Value Customers,High Risk,4,36,18671,84.50%, Urgent Win-Back Email
17377,High Value Customers,High Risk,23,78,18319,98.40%, Urgent Win-Back Email
16746,High Value Customers,High Risk,4,42,18066,84.50%, Urgent Win-Back Email
12647,High Value Customers,High Risk,21,36,17924,97.80%, Urgent Win-Back Email
12472,High Value Customers,High Risk,31,19,17881,98.80%, Urgent Win-Back Email
15078,High Value Customers,High Risk,6,53,17762,86.80%, Urgent Win-Back Email
12901,High Value Customers,High Risk,8,28,17655,91.80%, Urgent Win-Back Email
14952,High Value Customers,High Risk,59,32,17629,99.50%, Urgent Win-Back Email
16652,High Value Customers,High Risk,58,16,17550,99.20%, Urgent Win-Back Email
18172,High Value Customers,High Risk,14,52,17480,97.00%, Urgent Win-Back Email
16019,High Value Customers,High Risk,46,27,17466,99.20%, Urgent Win-Back Email
15523,High Value Customers,High Risk,83,16,17360,99.20%, Urgent Win-Back Email
17416,High Value Customers,High Risk,29,22,17298,98.20%, Urgent Win-Back Email
14277,High Value Customers,High Risk,14,9,17226,93.00%, Urgent Win-Back Email
15358,High Value Customers,High Risk,4,42,17050,84.50%, Urgent Win-Back Email
15125,High Value Customers,High Risk,24,24,17025,97.90%, Urgent Win-Back Email
16656,High Value Customers,High Risk,21,30,16833,97.40%, Urgent Win-Back Email
12454,High Value Customers,High Risk,55,5,16680,98.20%, Urgent Win-Back Email
14961,High Value Customers,High Risk,10,22,16410,92.00%, Urgent Win-Back Email
15044,High Value Customers,High Risk,18,35,16204,97.20%, Urgent Win-Back Email
14733,High Value Customers,High Risk,15,15,16185,94.70%, Urgent Win-Back Email
17107,High Value Customers,High Risk,32,10,16075,98.30%, Urgent Win-Back Email
17716,High Value Customers,High Risk,22,24,15957,97.90%, Urgent Win-Back Email
14849,High Value Customers,High Risk,21,43,15763,97.40%, Urgent Win-Back Email
13488,High Value Customers,High Risk,16,23,15588,96.20%, Urgent Win-Back Email
12949,High Value Customers,High Risk,30,22,15527,98.20%, Urgent Win-Back Email
15601,High Value Customers,High Risk,10,30,14960,93.60%, Urgent Win-Back Email
14543,High Value Customers,High Risk,28,39,14907,98.60%, Urgent Win-Back Email
16126,High Value Customers,High Risk,28,15,14647,98.20%, Urgent Win-Back Email
17133,High Value Customers,High Risk,15,12,14622,93.30%, Urgent Win-Back Email
16873,High Value Customers,High Risk,4,12,14617,70.00%, Urgent Win-Back Email
15482,High Value Customers,High Risk,15,19,14593,94.70%, Urgent Win-Back Email
16713,High Value Customers,High Risk,18,32,14561,97.20%, Urgent Win-Back Email
14299,High Value Customers,High Risk,7,27,14499,90.50%, Urgent Win-Back Email
15093,High Value Customers,High Risk,17,23,14326,96.50%, Urgent Win-Back Email
12476,High Value Customers,High Risk,15,23,14115,94.70%, Urgent Win-Back Email
15005,High Value Customers,High Risk,15,56,14106,95.90%, Urgent Win-Back Email
13090,High Value Customers,High Risk,8,24,14103,90.30%, Urgent Win-Back Email
12714,High Value Customers,High Risk,8,12,14094,87.90%, Urgent Win-Back Email
13178,High Value Customers,High Risk,25,21,14059,98.20%, Urgent Win-Back Email
17589,High Value Customers,High Risk,59,18,14050,99.20%, Urgent Win-Back Email
18223,High Value Customers,High Risk,4,26,14001,74.80%, Urgent Win-Back Email
15502,High Value Customers,High Risk,15,14,13993,94.70%, Urgent Win-Back Email
12435,High Value Customers,High Risk,79,6,13926,98.30%, Urgent Win-Back Email
15291,High Value Customers,High Risk,25,40,13847,98.60%, Urgent Win-Back Email
15382,High Value Customers,High Risk,14,12,13734,93.30%, Urgent Win-Back Email
12567,High Value Customers,High Risk,22,15,13710,97.30%, Urgent Win-Back Email
13097,High Value Customers,High Risk,32,28,13389,99.00%, Urgent Win-Back Email
16923,High Value Customers,High Risk,11,32,13378,95.40%, Urgent Win-Back Email
15738,High Value Customers,High Risk,18,41,13373,97.20%, Urgent Win-Back Email
13629,High Value Customers,High Risk,22,19,13371,97.30%, Urgent Win-Back Email
13969,High Value Customers,High Risk,6,35,13366,84.10%, Urgent Win-Back Email
14049,High Value Customers,High Risk,16,13,13239,96.20%, Urgent Win-Back Email
13316,High Value Customers,High Risk,36,10,13192,98.30%, Urgent Win-Back Email
16549,High Value Customers,High Risk,9,34,13182,92.20%, Urgent Win-Back Email
17858,High Value Customers,High Risk,5,30,12798,80.50%, Urgent Win-Back Email
12451,High Value Customers,High Risk,10,8,12670,76.70%, Urgent Win-Back Email
15465,High Value Customers,High Risk,19,32,12656,97.20%, Urgent Win-Back Email
14040,High Value Customers,High Risk,40,35,12646,99.00%, Urgent Win-Back Email
16814,High Value Customers,High Risk,13,36,12500,95.40%, Urgent Win-Back Email
12474,High Value Customers,High Risk,16,31,12424,97.00%, Urgent Win-Back Email
14936,High Value Customers,High Risk,33,12,12411,98.40%, Urgent Win-Back Email
12481,High Value Customers,High Risk,22,15,12361,97.30%, Urgent Win-Back Email
13050,High Value Customers,High Risk,14,35,12345,95.80%, Urgent Win-Back Email
13418,High Value Customers,High Risk,11,31,12234,95.80%, Urgent Win-Back Email
15144,High Value Customers,High Risk,7,29,12160,91.30%, Urgent Win-Back Email
17338,High Value Customers,High Risk,16,17,12143,96.60%, Urgent Win-Back Email
15555,High Value Customers,High Risk,11,36,12112,95.80%, Urgent Win-Back Email
14505,High Value Customers,High Risk,16,19,12002,96.60%, Urgent Win-Back Email
17044,High Value Customers,High Risk,24,12,11962,96.90%, Urgent Win-Back Email
13458,High Value Customers,High Risk,6,16,11959,82.30%, Urgent Win-Back Email
16258,High Value Customers,High Risk,44,15,11943,98.90%, Urgent Win-Back Email
18226,High Value Customers,High Risk,43,26,11879,99.10%, Urgent Win-Back Email
12705,High Value Customers,High Risk,14,14,11762,95.20%, Urgent Win-Back Email
14426,High Value Customers,High Risk,23,17,11728,97.60%, Urgent Win-Back Email
13004,High Value Customers,High Risk,11,36,11651,95.80%, Urgent Win-Back Email
13576,High Value Customers,High Risk,9,28,11552,93.00%, Urgent Win-Back Email
15218,High Value Customers,High Risk,10,22,11517,92.70%, Urgent Win-Back Email
12668,High Value Customers,High Risk,11,10,11445,93.40%, Urgent Win-Back Email
17809,High Value Customers,High Risk,15,20,11337,95.20%, Urgent Win-Back Email
15874,High Value Customers,High Risk,63,21,11285,99.30%, Urgent Win-Back Email
12539,High Value Customers,High Risk,21,7,11215,92.50%, Urgent Win-Back Email
18055,High Value Customers,High Risk,6,14,11196,82.30%, Urgent Win-Back Email
12524,High Value Customers,High Risk,8,17,11126,89.00%, Urgent Win-Back Email
13941,High Value Customers,High Risk,21,15,11122,96.40%, Urgent Win-Back Email
16985,High Value Customers,High Risk,16,23,10923,95.80%, Urgent Win-Back Email
12431,High Value Customers,High Risk,35,27,10858,98.90%, Urgent Win-Back Email
16033,High Value Customers,High Risk,5,27,10836,78.80%, Urgent Win-Back Email
18229,High Value Customers,High Risk,11,28,10804,94.90%, Urgent Win-Back Email
16984,High Value Customers,High Risk,87,9,10755,98.80%, Urgent Win-Back Email
16327,High Value Customers,High Risk,13,16,10731,93.60%, Urgent Win-Back Email
16168,High Value Customers,High Risk,10,66,10636,93.20%, Urgent Win-Back Email
13324,High Value Customers,High Risk,35,18,10513,98.60%, Urgent Win-Back Email
16782,High Value Customers,High Risk,9,38,10438,91.50%, Urgent Win-Back Email
15296,High Value Customers,High Risk,50,12,10343,98.30%, Urgent Win-Back Email
15719,High Value Customers,High Risk,32,31,10223,98.90%, Urgent Win-Back Email
17160,High Value Customers,High Risk,30,17,10209,98.00%, Urgent Win-Back Email
15805,High Value Customers,High Risk,22,30,10189,97.60%, Urgent Win-Back Email
15547,High Value Customers,High Risk,6,26,10154,82.70%, Urgent Win-Back Email
14755,High Value Customers,High Risk,9,25,9973,91.50%, Urgent Win-Back Email
16182,High Value Customers,High Risk,71,9,9972,98.80%, Urgent Win-Back Email
14101,High Value Customers,High Risk,73,13,9962,99.20%, Urgent Win-Back Email
16131,High Value Customers,High Risk,51,12,9957,98.30%, Urgent Win-Back Email
14329,High Value Customers,High Risk,16,15,9927,95.80%, Urgent Win-Back Email
16701,High Value Customers,High Risk,8,26,9917,89.30%, Urgent Win-Back Email
13327,High Value Customers,High Risk,38,20,9879,98.60%, Urgent Win-Back Email
13735,High Value Customers,High Risk,24,13,9813,97.00%, Urgent Win-Back Email
14944,High Value Customers,High Risk,29,19,9785,98.00%, Urgent Win-Back Email
17306,High Value Customers,High Risk,10,21,9782,91.20%, Urgent Win-Back Email
13018,High Value Customers,High Risk,15,35,9763,95.40%, Urgent Win-Back Email
12380,High Value Customers,High Risk,21,11,9676,95.40%, Urgent Win-Back Email
13999,High Value Customers,High Risk,9,29,9502,91.50%, Urgent Win-Back Email
13174,High Value Customers,High Risk,15,12,9495,92.70%, Urgent Win-Back Email
14146,High Value Customers,High Risk,8,12,9450,86.80%, Urgent Win-Back Email
15727,High Value Customers,High Risk,16,15,9446,95.80%, Urgent Win-Back Email
13758,High Value Customers,High Risk,11,15,9417,93.60%, Urgent Win-Back Email
15981,High Value Customers,High Risk,24,21,9363,97.00%, Urgent Win-Back Email
15570,High Value Customers,High Risk,6,25,9311,82.70%, Urgent Win-Back Email
15249,High Value Customers,High Risk,31,18,9266,98.60%, Urgent Win-Back Email
14367,High Value Customers,High Risk,7,16,9262,87.10%, Urgent Win-Back Email
13448,High Value Customers,High Risk,16,13,9241,95.80%, Urgent Win-Back Email
14292,High Value Customers,High Risk,7,16,9226,87.10%, Urgent Win-Back Email
16700,High Value Customers,High Risk,8,25,9168,89.30%, Urgent Win-Back Email
17068,High Value Customers,High Risk,11,47,9161,94.90%, Urgent Win-Back Email
16709,High Value Customers,High Risk,84,14,9087,99.20%, Urgent Win-Back Email
15939,High Value Customers,High Risk,89,16,9060,99.20%, Urgent Win-Back Email
17576,High Value Customers,High Risk,7,41,9057,89.50%, Urgent Win-Back Email
16186,High Value Customers,High Risk,22,26,9026,97.60%, Urgent Win-Back Email
15150,High Value Customers,High Risk,16,13,9001,95.80%, Urgent Win-Back Email
13555,High Value Customers,High Risk,73,13,8999,99.20%, Urgent Win-Back Email
16722,High Value Customers,High Risk,16,22,8989,95.80%, Urgent Win-Back Email
15903,High Value Customers,High Risk,9,12,8940,88.30%, Urgent Win-Back Email
12359,High Value Customers,High Risk,57,10,8936,98.70%, Urgent Win-Back Email
14709,High Value Customers,High Risk,14,25,8886,95.40%, Urgent Win-Back Email
17396,High Value Customers,High Risk,38,14,8807,98.60%, Urgent Win-Back Email
13047,High Value Customers,High Risk,31,24,8795,98.90%, Urgent Win-Back Email
16532,High Value Customers,High Risk,17,5,8757,88.80%, Urgent Win-Back Email
18041,High Value Customers,High Risk,11,38,8752,94.90%, Urgent Win-Back Email
12957,High Value Customers,High Risk,9,13,8707,89.40%, Urgent Win-Back Email
15955,High Value Customers,High Risk,23,22,8658,97.00%, Urgent Win-Back Email
15497,High Value Customers,High Risk,17,9,8657,94.60%, Urgent Win-Back Email
13148,High Value Customers,High Risk,28,26,8622,98.40%, Urgent Win-Back Email
16945,High Value Customers,High Risk,21,33,8548,97.10%, Urgent Win-Back Email
15281,High Value Customers,High Risk,58,16,8544,99.10%, Urgent Win-Back Email
15270,High Value Customers,High Risk,15,21,8525,94.20%, Urgent Win-Back Email
15786,High Value Customers,High Risk,45,5,8515,97.00%, Urgent Win-Back Email
12798,High Value Customers,High Risk,9,4,8511,71.00%, Urgent Win-Back Email
13209,High Value Customers,High Risk,29,13,8510,98.00%, Urgent Win-Back Email
14286,High Value Customers,High Risk,23,7,8480,93.10%, Urgent Win-Back Email
18139,High Value Customers,High Risk,17,6,8438,88.80%, Urgent Win-Back Email
14057,High Value Customers,High Risk,23,22,8409,97.00%, Urgent Win-Back Email
17611,High Value Customers,High Risk,6,28,8372,82.70%, Urgent Win-Back Email
14676,High Value Customers,High Risk,30,12,8357,97.40%, Urgent Win-Back Email
12637,High Value Customers,High Risk,66,12,8340,98.90%, Urgent Win-Back Email
15034,High Value Customers,High Risk,15,14,8313,94.20%, Urgent Win-Back Email
15998,High Value Customers,High Risk,36,16,8308,98.60%, Urgent Win-Back Email
17686,High Value Customers,High Risk,6,9,8297,79.00%, Urgent Win-Back Email
14030,High Value Customers,High Risk,17,20,8262,96.20%, Urgent Win-Back Email
14525,High Value Customers,High Risk,19,17,8241,96.20%, Urgent Win-Back Email
17365,High Value Customers,High Risk,12,15,8225,93.60%, Urgent Win-Back Email
13381,High Value Customers,High Risk,31,12,8224,98.30%, Urgent Win-Back Email
13139,High Value Customers,High Risk,15,8,8203,81.60%, Urgent Win-Back Email
15544,High Value Customers,High Risk,8,20,8162,86.80%, Urgent Win-Back Email
17426,High Value Customers,High Risk,7,13,8078,87.10%, Urgent Win-Back Email
16767,High Value Customers,High Risk,30,15,8074,98.00%, Urgent Win-Back Email
16670,High Value Customers,High Risk,16,20,8030,95.80%, Urgent Win-Back Email
16556,High Value Customers,High Risk,66,17,8013,99.10%, Urgent Win-Back Email
15299,High Value Customers,High Risk,66,10,7992,98.70%, Urgent Win-Back Email
12428,High Value Customers,High Risk,25,9,7956,97.10%, Urgent Win-Back Email
14159,High Value Customers,High Risk,19,20,7938,96.20%, Urgent Win-Back Email
16303,High Value Customers,High Risk,25,7,7928,95.30%, Urgent Win-Back Email
12867,High Value Customers,High Risk,25,13,7913,98.00%, Urgent Win-Back Email
13871,High Value Customers,High Risk,22,17,7886,97.00%, Urgent Win-Back Email
12757,High Value Customers,High Risk,15,13,7857,94.20%, Urgent Win-Back Email
15622,High Value Customers,High Risk,42,17,7853,98.60%, Urgent Win-Back Email
15046,High Value Customers,High Risk,8,25,7812,89.30%, Urgent Win-Back Email
14800,High Value Customers,High Risk,47,17,7774,98.60%, Urgent Win-Back Email
17739,High Value Customers,High Risk,11,18,7731,93.60%, Urgent Win-Back Email
14688,High Value Customers,High Risk,7,28,7714,89.50%, Urgent Win-Back Email
13137,High Value Customers,High Risk,10,16,7713,91.20%, Urgent Win-Back Email
17696,High Value Customers,High Risk,37,27,7680,98.90%, Urgent Win-Back Email
14175,High Value Customers,High Risk,59,8,7679,98.30%, Urgent Win-Back Email
13141,High Value Customers,High Risk,84,17,7669,99.20%, Urgent Win-Back Email
15301,High Value Customers,High Risk,50,17,7603,98.60%, Urgent Win-Back Email
13373,High Value Customers,High Risk,60,6,7587,98.20%, Urgent Win-Back Email
15179,High Value Customers,High Risk,17,13,7492,96.20%, Urgent Win-Back Email
12429,High Value Customers,High Risk,8,8,7486,77.50%, Urgent Win-Back Email
13815,High Value Customers,High Risk,21,8,7476,92.40%, Urgent Win-Back Email
16242,High Value Customers,High Risk,7,14,7474,87.10%, Urgent Win-Back Email
17690,High Value Customers,High Risk,29,20,7448,98.00%, Urgent Win-Back Email
16570,High Value Customers,High Risk,14,20,7434,94.20%, Urgent Win-Back Email
14243,High Value Customers,High Risk,8,17,7431,86.80%, Urgent Win-Back Email
16253,High Value Customers,High Risk,66,7,7310,98.20%, Urgent Win-Back Email
17965,High Value Customers,High Risk,37,29,7241,98.90%, Urgent Win-Back Email
16729,High Value Customers,High Risk,37,21,7240,98.60%, Urgent Win-Back Email
14092,High Value Customers,High Risk,7,24,7229,89.50%, Urgent Win-Back Email
17231,High Value Customers,High Risk,11,25,7197,94.90%, Urgent Win-Back Email
16745,High Value Customers,High Risk,86,17,7194,99.20%, Urgent Win-Back Email
12712,High Value Customers,High Risk,28,21,7194,98.00%, Urgent Win-Back Email
13451,High Value Customers,High Risk,25,11,7191,97.40%, Urgent Win-Back Email
15950,High Value Customers,High Risk,31,10,7181,98.10%, Urgent Win-Back Email
14841,High Value Customers,High Risk,52,14,7163,98.60%, Urgent Win-Back Email
13983,High Value Customers,High Risk,29,21,7108,98.00%, Urgent Win-Back Email
15521,High Value Customers,High Risk,39,16,7107,98.60%, Urgent Win-Back Email
17769,High Value Customers,High Risk,12,17,7103,93.60%, Urgent Win-Back Email
16938,High Value Customers,High Risk,8,9,7043,86.80%, Urgent Win-Back Email
13183,High Value Customers,High Risk,7,15,7036,71.70%, Urgent Win-Back Email
17975,High Value Customers,High Risk,14,24,7029,95.40%, Urgent Win-Back Email
13831,High Value Customers,High Risk,15,18,7024,94.20%, Urgent Win-Back Email
16717,High Value Customers,High Risk,23,14,6986,97.00%, Urgent Win-Back Email
13552,High Value Customers,High Risk,65,22,6979,99.10%, Urgent Win-Back Email
15674,High Value Customers,High Risk,72,13,6948,99.20%, Urgent Win-Back Email
16265,High Value Customers,High Risk,8,12,6935,76.90%, Urgent Win-Back Email
16187,High Value Customers,High Risk,31,15,6911,98.60%, Urgent Win-Back Email
13520,High Value Customers,High Risk,58,11,6909,98.90%, Urgent Win-Back Email
16170,High Value Customers,High Risk,50,20,6869,98.60%, Urgent Win-Back Email
15129,High Value Customers,High Risk,49,23,6860,98.60%, Urgent Win-Back Email
12613,High Value Customers,High Risk,56,10,6835,98.70%, Urgent Win-Back Email
12830,High Value Customers,High Risk,37,6,6815,97.30%, Urgent Win-Back Email
16145,High Value Customers,High Risk,8,19,6805,76.90%, Urgent Win-Back Email
13993,High Value Customers,High Risk,42,19,6776,98.60%, Urgent Win-Back Email
18118,High Value Customers,High Risk,10,29,6733,93.00%, Urgent Win-Back Email
17838,High Value Customers,High Risk,26,13,6723,98.00%, Urgent Win-Back Email
12779,High Value Customers,High Risk,37,14,6722,98.60%, Urgent Win-Back Email
15321,High Value Customers,High Risk,70,12,6710,98.90%, Urgent Win-Back Email
14844,High Value Customers,High Risk,63,10,6702,98.70%, Urgent Win-Back Email
14388,High Value Customers,High Risk,9,16,6701,89.40%, Urgent Win-Back Email
16497,High Value Customers,High Risk,49,23,6695,98.60%, Urgent Win-Back Email
13384,High Value Customers,High Risk,30,11,6681,97.40%, Urgent Win-Back Email
17700,High Value Customers,High Risk,16,14,6680,95.80%, Urgent Win-Back Email
14440,High Value Customers,High Risk,7,13,6639,71.70%, Urgent Win-Back Email
12626,High Value Customers,High Risk,22,9,6620,95.80%, Urgent Win-Back Email
17819,High Value Customers,High Risk,71,12,6613,98.90%, Urgent Win-Back Email
15514,High Value Customers,High Risk,11,18,6599,93.60%, Urgent Win-Back Email
15980,High Value Customers,High Risk,88,7,6594,98.30%, Urgent Win-Back Email
12843,High Value Customers,High Risk,65,30,6588,99.30%, Urgent Win-Back Email
13015,High Value Customers,High Risk,52,11,6586,98.30%, Urgent Win-Back Email
12836,High Value Customers,High Risk,58,15,6586,99.10%, Urgent Win-Back Email
13883,High Value Customers,High Risk,10,15,6560,91.20%, Urgent Win-Back Email
14766,High Value Customers,High Risk,7,11,6556,71.70%, Urgent Win-Back Email
16655,High Value Customers,High Risk,17,13,6548,96.20%, Urgent Win-Back Email
14221,High Value Customers,High Risk,41,17,6517,98.60%, Urgent Win-Back Email
17873,High Value Customers,High Risk,79,18,6516,99.20%, Urgent Win-Back Email
12823,High Value Customers,High Risk,74,18,6502,99.20%, Urgent Win-Back Email
17419,High Value Customers,High Risk,10,18,6501,91.20%, Urgent Win-Back Email
18061,High Value Customers,High Risk,21,28,6489,97.10%, Urgent Win-Back Email
13317,High Value Customers,High Risk,65,19,6486,99.10%, Urgent Win-Back Email
16940,High Value Customers,High Risk,51,8,6428,97.50%, Urgent Win-Back Email
15673,High Value Customers,High Risk,87,9,6415,98.80%, Urgent Win-Back Email
12656,High Value Customers,High Risk,16,8,6408,89.80%, Urgent Win-Back Email
14390,High Value Customers,High Risk,9,13,6400,89.40%, Urgent Win-Back Email
18094,High Value Customers,High Risk,81,13,6392,99.20%, Urgent Win-Back Email
12406,High Value Customers,High Risk,21,5,6390,91.70%, Urgent Win-Back Email
12356,High Value Customers,High Risk,22,6,6374,93.80%, Urgent Win-Back Email
12484,High Value Customers,High Risk,32,12,6370,98.30%, Urgent Win-Back Email
14227,High Value Customers,High Risk,25,15,6369,98.00%, Urgent Win-Back Email
13590,High Value Customers,High Risk,10,18,6350,91.20%, Urgent Win-Back Email
16710,High Value Customers,High Risk,18,22,6349,96.20%, Urgent Win-Back Email
17799,High Value Customers,High Risk,21,20,6342,96.40%, Urgent Win-Back Email
14180,High Value Customers,High Risk,10,33,6319,93.00%, Urgent Win-Back Email
13654,High Value Customers,High Risk,42,11,6308,98.30%, Urgent Win-Back Email
13136,High Value Customers,High Risk,55,13,6275,99.10%, Urgent Win-Back Email
16735,High Value Customers,High Risk,78,14,6271,99.20%, Urgent Win-Back Email
13334,High Value Customers,High Risk,81,5,6264,98.30%, Urgent Win-Back Email
14004,High Value Customers,High Risk,42,11,6258,98.30%, Urgent Win-Back Email
16156,High Value Customers,High Risk,8,20,6218,76.90%, Urgent Win-Back Email
14530,High Value Customers,High Risk,25,16,6197,98.00%, Urgent Win-Back Email
14852,High Value Customers,High Risk,57,18,6147,99.10%, Urgent Win-Back Email
17669,High Value Customers,High Risk,42,10,6142,98.10%, Urgent Win-Back Email
13266,High Value Customers,High Risk,10,19,6135,91.20%, Urgent Win-Back Email
17509,High Value Customers,High Risk,57,8,6115,98.40%, Urgent Win-Back Email
12664,High Value Customers,High Risk,7,11,6070,71.70%, Urgent Win-Back Email
17625,High Value Customers,High Risk,17,8,6068,90.50%, Urgent Win-Back Email
14535,High Value Customers,High Risk,59,9,6031,98.70%, Urgent Win-Back Email
13658,High Value Customers,High Risk,9,9,6026,88.30%, Urgent Win-Back Email
15755,High Value Customers,High Risk,9,17,5993,89.40%, Urgent Win-Back Email
15785,High Value Customers,High Risk,32,16,5970,98.60%, Urgent Win-Back Email
12500,High Value Customers,High Risk,22,19,5955,97.00%, Urgent Win-Back Email
14257,High Value Customers,High Risk,63,9,5954,98.70%, Urgent Win-Back Email
17685,High Value Customers,High Risk,16,12,5943,94.70%, Urgent Win-Back Email
15971,High Value Customers,High Risk,17,18,5903,96.20%, Urgent Win-Back Email
16011,High Value Customers,High Risk,7,29,5880,76.30%, Urgent Win-Back Email
12455,High Value Customers,High Risk,72,10,5880,98.80%, Urgent Win-Back Email
14112,High Value Customers,High Risk,22,13,5835,97.00%, Urgent Win-Back Email
12910,High Value Customers,High Risk,22,13,5797,97.00%, Urgent Win-Back Email
17069,High Value Customers,High Risk,27,14,5794,98.00%, Urgent Win-Back Email
18075,High Value Customers,High Risk,22,20,5783,97.00%, Urgent Win-Back Email
17672,High Value Customers,High Risk,49,7,5779,97.20%, Urgent Win-Back Email
15485,High Value Customers,High Risk,29,7,5772,95.60%, Urgent Win-Back Email
14099,High Value Customers,High Risk,15,20,5766,94.20%, Urgent Win-Back Email
17863,High Value Customers,High Risk,58,12,5745,98.90%, Urgent Win-Back Email
16316,High Value Customers,High Risk,63,13,5745,99.10%, Urgent Win-Back Email
13771,High Value Customers,High Risk,63,9,5729,98.70%, Urgent Win-Back Email
16409,High Value Customers,High Risk,35,12,5709,98.30%, Urgent Win-Back Email
16607,High Value Customers,High Risk,17,25,5707,97.00%, Urgent Win-Back Email
16279,High Value Customers,High Risk,20,9,5705,94.60%, Urgent Win-Back Email
17651,High Value Customers,High Risk,11,16,5704,93.60%, Urgent Win-Back Email
13157,High Value Customers,High Risk,48,9,5687,98.10%, Urgent Win-Back Email
12727,High Value Customers,High Risk,10,10,5680,89.00%, Urgent Win-Back Email
12633,High Value Customers,High Risk,58,7,5678,98.20%, Urgent Win-Back Email
13901,High Value Customers,High Risk,71,15,5676,99.20%, Urgent Win-Back Email
13842,High Value Customers,High Risk,58,18,5630,99.10%, Urgent Win-Back Email
18145,High Value Customers,High Risk,12,11,5618,92.00%, Urgent Win-Back Email
16003,High Value Customers,High Risk,29,10,5614,97.10%, Urgent Win-Back Email
17059,High Value Customers,High Risk,29,9,5603,97.10%, Urgent Win-Back Email
17092,High Value Customers,High Risk,49,11,5595,98.30%, Urgent Win-Back Email
15228,High Value Customers,High Risk,65,6,5580,98.20%, Urgent Win-Back Email
17203,High Value Customers,High Risk,35,10,5576,98.10%, Urgent Win-Back Email
15527,High Value Customers,High Risk,18,23,5576,96.20%, Urgent Win-Back Email
14732,High Value Customers,High Risk,7,19,5517,71.70%, Urgent Win-Back Email
13115,High Value Customers,High Risk,11,10,5495,92.00%, Urgent Win-Back Email
16609,High Value Customers,High Risk,14,7,5493,80.90%, Urgent Win-Back Email
16992,High Value Customers,High Risk,10,13,5476,91.20%, Urgent Win-Back Email
17512,High Value Customers,High Risk,28,18,5468,98.00%, Urgent Win-Back Email
12480,High Value Customers,High Risk,27,7,5465,95.60%, Urgent Win-Back Email
14713,High Value Customers,High Risk,8,21,5419,76.90%, Urgent Win-Back Email
14626,High Value Customers,High Risk,23,11,5411,96.20%, Urgent Win-Back Email
17719,High Value Customers,High Risk,37,15,5396,98.60%, Urgent Win-Back Email
17612,High Value Customers,High Risk,52,18,5395,98.60%, Urgent Win-Back Email
16008,High Value Customers,High Risk,23,15,5384,97.00%, Urgent Win-Back Email
13014,High Value Customers,High Risk,10,11,5381,89.00%, Urgent Win-Back Email
13495,High Value Customers,High Risk,7,10,5374,71.70%, Urgent Win-Back Email
13975,High Value Customers,High Risk,30,12,5359,97.40%, Urgent Win-Back Email
12708,High Value Customers,High Risk,29,18,5314,98.00%, Urgent Win-Back Email
15394,High Value Customers,High Risk,9,11,5287,88.30%, Urgent Win-Back Email
15152,High Value Customers,High Risk,9,14,5264,89.40%, Urgent Win-Back Email
15722,High Value Customers,High Risk,35,11,5258,98.30%, Urgent Win-Back Email
13931,High Value Customers,High Risk,95,11,5257,98.90%, Urgent Win-Back Email
13107,High Value Customers,High Risk,43,9,5253,98.10%, Urgent Win-Back Email
17061,High Value Customers,High Risk,73,11,5232,98.90%, Urgent Win-Back Email
12422,High Value Customers,High Risk,95,17,5232,99.20%, Urgent Win-Back Email
15606,High Value Customers,High Risk,60,17,5231,99.10%, Urgent Win-Back Email
17084,High Value Customers,High Risk,34,3,5203,97.40%, Urgent Win-Back Email
17213,High Value Customers,High Risk,39,13,5182,98.60%, Urgent Win-Back Email
17663,High Value Customers,High Risk,25,17,5176,98.00%, Urgent Win-Back Email
17157,High Value Customers,High Risk,7,19,5152,71.70%, Urgent Win-Back Email
16153,High Value Customers,High Risk,49,11,5133,98.30%, Urgent Win-Back Email
12483,High Value Customers,High Risk,16,19,5121,95.80%, Urgent Win-Back Email
16308,High Value Customers,High Risk,37,7,5120,97.20%, Urgent Win-Back Email
13329,High Value Customers,High Risk,31,8,5113,97.50%, Urgent Win-Back Email
15529,High Value Customers,High Risk,22,12,5112,96.20%, Urgent Win-Back Email
17519,High Value Customers,High Risk,16,15,5109,95.80%, Urgent Win-Back Email
13523,High Value Customers,High Risk,32,6,5102,97.30%, Urgent Win-Back Email
12594,High Value Customers,High Risk,37,15,5090,98.60%, Urgent Win-Back Email
15367,High Value Customers,High Risk,56,11,5081,98.90%, Urgent Win-Back Email
13634,High Value Customers,High Risk,32,16,5073,98.60%, Urgent Win-Back Email
14307,High Value Customers,High Risk,88,10,5071,98.80%, Urgent Win-Back Email
16686,High Value Customers,High Risk,46,16,5071,98.60%, Urgent Win-Back Email
12395,High Value Customers,High Risk,18,15,5067,96.20%, Urgent Win-Back Email
12432,High Value Customers,High Risk,42,5,5059,97.30%, Urgent Win-Back Email
18144,High Value Customers,High Risk,7,19,5058,71.70%, Urgent Win-Back Email
17802,High Value Customers,High Risk,81,10,5053,98.80%, Urgent Win-Back Email
17469,High Value Customers,High Risk,15,17,5051,94.20%, Urgent Win-Back Email
12600,High Value Customers,High Risk,28,21,5044,98.00%, Urgent Win-Back Email
12759,High Value Customers,High Risk,51,8,5021,97.50%, Urgent Win-Back Email
17758,High Value Customers,High Risk,18,12,5013,95.10%, Urgent Win-Back Email
12444,High Value Customers,High Risk,20,5,5005,89.80%, Urgent Win-Back Email
14209,High Value Customers,High Risk,10,15,4993,91.20%, Urgent Win-Back Email
14639,High Value Customers,High Risk,51,9,4979,98.10%, Urgent Win-Back Email
13198,High Value Customers,High Risk,9,8,4974,74.90%, Urgent Win-Back Email
12562,High Value Customers,High Risk,7,9,4967,71.70%, Urgent Win-Back Email
17596,High Value Customers,High Risk,22,13,4921,97.00%, Urgent Win-Back Email
14970,High Value Customers,High Risk,67,12,4919,98.90%, Urgent Win-Back Email
16255,High Value Customers,High Risk,16,15,4907,95.80%, Urgent Win-Back Email
17314,High Value Customers,High Risk,24,17,4904,97.00%, Urgent Win-Back Email
16986,High Value Customers,High Risk,29,11,4889,97.40%, Urgent Win-Back Email
14107,High Value Customers,High Risk,51,11,4877,98.30%, Urgent Win-Back Email
17652,High Value Customers,High Risk,24,12,4868,96.20%, Urgent Win-Back Email
13562,High Value Customers,High Risk,81,8,4838,98.50%, Urgent Win-Back Email
17191,High Value Customers,High Risk,27,15,4836,98.00%, Urgent Win-Back Email
12449,High Value Customers,High Risk,21,6,4836,91.70%, Urgent Win-Back Email
13875,High Value Customers,High Risk,53,14,4814,98.60%, Urgent Win-Back Email
13124,High Value Customers,High Risk,89,4,4782,98.40%, Urgent Win-Back Email
13988,High Value Customers,High Risk,19,8,4758,90.50%, Urgent Win-Back Email
17082,High Value Customers,High Risk,32,6,4732,97.30%, Urgent Win-Back Email
14235,High Value Customers,High Risk,74,9,4718,98.80%, Urgent Win-Back Email
12589,High Value Customers,High Risk,28,8,4696,96.10%, Urgent Win-Back Email
17050,High Value Customers,High Risk,95,11,4692,98.90%, Urgent Win-Back Email
15410,High Value Customers,High Risk,83,10,4686,98.80%, Urgent Win-Back Email
13527,High Value Customers,High Risk,33,12,4684,98.30%, Urgent Win-Back Email
13971,High Value Customers,High Risk,18,14,4668,96.20%, Urgent Win-Back Email
18097,High Value Customers,High Risk,7,11,4663,71.70%, Urgent Win-Back Email
16293,High Value Customers,High Risk,21,15,4658,96.40%, Urgent Win-Back Email
14466,High Value Customers,High Risk,28,13,4647,98.00%, Urgent Win-Back Email
12578,High Value Customers,High Risk,20,4,4642,90.10%, Urgent Win-Back Email
17442,High Value Customers,High Risk,36,15,4620,98.60%, Urgent Win-Back Email
12553,High Value Customers,High Risk,7,12,4609,71.70%, Urgent Win-Back Email
13851,High Value Customers,High Risk,95,8,4606,98.50%, Urgent Win-Back Email
18257,High Value Customers,High Risk,38,12,4600,98.30%, Urgent Win-Back Email
14514,High Value Customers,High Risk,60,9,4599,98.70%, Urgent Win-Back Email
17188,High Value Customers,High Risk,10,13,4593,91.20%, Urgent Win-Back Email
15416,High Value Customers,High Risk,64,7,4573,98.20%, Urgent Win-Back Email
13491,High Value Customers,High Risk,51,27,4567,98.90%, Urgent Win-Back Email
14701,High Value Customers,High Risk,10,15,4562,91.20%, Urgent Win-Back Email
17613,High Value Customers,High Risk,22,14,4559,97.00%, Urgent Win-Back Email
15365,High Value Customers,High Risk,25,13,4557,98.00%, Urgent Win-Back Email
13571,High Value Customers,High Risk,12,26,4547,94.90%, Urgent Win-Back Email
18069,High Value Customers,High Risk,25,11,4541,97.40%, Urgent Win-Back Email
12598,High Value Customers,High Risk,9,11,4534,88.30%, Urgent Win-Back Email
14001,High Value Customers,High Risk,45,9,4530,98.10%, Urgent Win-Back Email
14290,High Value Customers,High Risk,10,8,4517,76.10%, Urgent Win-Back Email
15680,High Value Customers,High Risk,8,10,4508,76.90%, Urgent Win-Back Email
15764,High Value Customers,High Risk,87,8,4503,98.50%, Urgent Win-Back Email
17220,High Value Customers,High Risk,23,21,4482,97.00%, Urgent Win-Back Email
16912,High Value Customers,High Risk,28,15,4480,98.00%, Urgent Win-Back Email
12627,High Value Customers,High Risk,10,7,4479,74.00%, Urgent Win-Back Email
14341,High Value Customers,High Risk,44,18,4467,98.60%, Urgent Win-Back Email
16081,High Value Customers,High Risk,55,8,4460,98.40%, Urgent Win-Back Email
15240,High Value Customers,High Risk,44,12,4460,98.30%, Urgent Win-Back Email
17682,High Value Customers,High Risk,9,11,4457,88.30%, Urgent Win-Back Email
18093,High Value Customers,High Risk,92,8,4453,98.50%, Urgent Win-Back Email
16098,High Value Customers,High Risk,87,14,4448,99.20%, Urgent Win-Back Email
13982,High Value Customers,High Risk,38,9,4446,98.10%, Urgent Win-Back Email
16218,High Value Customers,High Risk,29,13,4440,98.00%, Urgent Win-Back Email
17722,High Value Customers,High Risk,95,5,4430,98.30%, Urgent Win-Back Email
12349,High Value Customers,High Risk,18,4,4429,90.10%, Urgent Win-Back Email
15845,High Value Customers,High Risk,17,11,4426,95.10%, Urgent Win-Back Email
16563,High Value Customers,High Risk,53,6,4423,97.30%, Urgent Win-Back Email
14211,High Value Customers,High Risk,52,18,4402,98.60%, Urgent Win-Back Email
15861,High Value Customers,High Risk,11,12,4402,92.00%, Urgent Win-Back Email
15203,High Value Customers,High Risk,25,15,4400,98.00%, Urgent Win-Back Email
16150,High Value Customers,High Risk,42,10,4396,98.10%, Urgent Win-Back Email
13505,High Value Customers,High Risk,72,4,4394,98.40%, Urgent Win-Back Email
13880,High Value Customers,High Risk,20,17,4392,96.20%, Urgent Win-Back Email
16732,High Value Customers,High Risk,31,4,4388,97.40%, Urgent Win-Back Email
16455,High Value Customers,High Risk,63,11,4384,98.90%, Urgent Win-Back Email
15708,High Value Customers,High Risk,40,9,4379,98.10%, Urgent Win-Back Email
17372,High Value Customers,High Risk,40,28,4378,98.90%, Urgent Win-Back Email
12523,High Value Customers,High Risk,18,23,4372,96.20%, Urgent Win-Back Email
14482,High Value Customers,High Risk,17,12,4358,95.10%, Urgent Win-Back Email
12408,High Value Customers,High Risk,32,8,4341,97.50%, Urgent Win-Back Email
18077,High Value Customers,High Risk,7,18,4339,71.70%, Urgent Win-Back Email
16241,High Value Customers,High Risk,9,16,4329,89.40%, Urgent Win-Back Email
14854,High Value Customers,High Risk,77,11,4323,98.90%, Urgent Win-Back Email
12370,High Value Customers,High Risk,50,7,4320,97.20%, Urgent Win-Back Email
16477,High Value Customers,High Risk,63,11,4320,98.90%, Urgent Win-Back Email
14334,High Value Customers,High Risk,16,12,4318,94.70%, Urgent Win-Back Email
18259,High Value Customers,High Risk,24,7,4318,93.60%, Urgent Win-Back Email
15493,High Value Customers,High Risk,32,9,4315,98.10%, Urgent Win-Back Email
12928,High Value Customers,High Risk,34,12,4305,98.30%, Urgent Win-Back Email
18230,High Value Customers,High Risk,8,9,4291,76.90%, Urgent Win-Back Email
17930,High Value Customers,High Risk,35,13,4275,98.60%, Urgent Win-Back Email
16712,High Value Customers,High Risk,8,13,4267,76.90%, Urgent Win-Back Email
14239,High Value Customers,High Risk,42,21,4263,98.60%, Urgent Win-Back Email
14047,High Value Customers,High Risk,8,14,4255,76.90%, Urgent Win-Back Email
16743,High Value Customers,High Risk,28,14,4253,98.00%, Urgent Win-Back Email
12360,High Value Customers,High Risk,51,8,4253,97.50%, Urgent Win-Back Email
16571,High Value Customers,High Risk,26,10,4249,97.10%, Urgent Win-Back Email
18079,High Value Customers,High Risk,44,5,4243,97.30%, Urgent Win-Back Email
13911,High Value Customers,High Risk,56,20,4235,99.10%, Urgent Win-Back Email
16875,High Value Customers,High Risk,66,11,4235,98.90%, Urgent Win-Back Email
15518,High Value Customers,High Risk,63,15,4219,99.10%, Urgent Win-Back Email
15752,High Value Customers,High Risk,39,9,4208,98.10%, Urgent Win-Back Email
15050,High Value Customers,High Risk,24,5,4194,93.80%, Urgent Win-Back Email
17738,High Value Customers,High Risk,18,13,4184,96.20%, Urgent Win-Back Email
18287,High Value Customers,High Risk,42,7,4183,97.20%, Urgent Win-Back Email
18194,High Value Customers,High Risk,81,6,4162,98.30%, Urgent Win-Back Email
13461,High Value Customers,High Risk,38,6,4160,97.30%, Urgent Win-Back Email
16209,High Value Customers,High Risk,88,9,4147,98.80%, Urgent Win-Back Email
13450,High Value Customers,High Risk,26,13,4120,98.00%, Urgent Win-Back Email
16928,High Value Customers,High Risk,79,29,4113,99.30%, Urgent Win-Back Email
17287,High Value Customers,High Risk,25,21,4112,98.00%, Urgent Win-Back Email
14408,High Value Customers,High Risk,10,11,4110,89.00%, Urgent Win-Back Email
14878,High Value Customers,High Risk,12,25,4105,94.90%, Urgent Win-Back Email
13421,High Value Customers,High Risk,39,8,4103,97.50%, Urgent Win-Back Email
13048,High Value Customers,High Risk,13,9,4084,92.00%, Urgent Win-Back Email
12876,High Value Customers,High Risk,57,4,4082,98.30%, Urgent Win-Back Email
15024,High Value Customers,High Risk,9,16,4076,89.40%, Urgent Win-Back Email
14913,High Value Customers,High Risk,35,8,4073,97.50%, Urgent Win-Back Email
12371,High Value Customers,High Risk,44,5,4067,97.30%, Urgent Win-Back Email
15571,High Value Customers,High Risk,11,14,4052,93.60%, Urgent Win-Back Email
17211,High Value Customers,High Risk,26,13,4047,98.00%, Urgent Win-Back Email
16791,High Value Customers,High Risk,28,15,4039,98.00%, Urgent Win-Back Email
14824,High Value Customers,High Risk,9,10,4023,88.30%, Urgent Win-Back Email
12726,High Value Customers,High Risk,27,11,4015,97.40%, Urgent Win-Back Email
15782,High Value Customers,High Risk,9,4,4014,73.00%, Urgent Win-Back Email
12721,High Value Customers,High Risk,31,8,4013,97.50%, Urgent Win-Back Email
17019,High Value Customers,High Risk,10,11,4012,89.00%, Urgent Win-Back Email
13895,High Value Customers,High Risk,27,6,4009,95.70%, Urgent Win-Back Email
16841,High Value Customers,High Risk,36,12,4006,98.30%, Urgent Win-Back Email
16719,High Value Customers,High Risk,14,14,3973,94.80%, Urgent Win-Back Email
16771,High Value Customers,High Risk,32,10,3968,98.30%, Urgent Win-Back Email
15858,High Value Customers,High Risk,15,13,3960,94.80%, Urgent Win-Back Email
15983,High Value Customers,High Risk,21,8,3959,93.10%, Urgent Win-Back Email
17667,High Value Customers,High Risk,65,9,3951,98.90%, Urgent Win-Back Email
12473,High Value Customers,High Risk,28,5,3939,95.70%, Urgent Win-Back Email
15051,High Value Customers,High Risk,22,9,3935,96.20%, Urgent Win-Back Email
15819,High Value Customers,High Risk,48,10,3935,98.30%, Urgent Win-Back Email
14498,High Value Customers,High Risk,42,10,3911,98.30%, Urgent Win-Back Email
15696,High Value Customers,High Risk,32,13,3907,98.80%, Urgent Win-Back Email
13995,High Value Customers,High Risk,14,14,3902,94.80%, Urgent Win-Back Email
12388,High Value Customers,High Risk,15,8,3901,84.20%, Urgent Win-Back Email
15811,High Value Customers,High Risk,21,7,3891,91.50%, Urgent Win-Back Email
14744,High Value Customers,High Risk,15,14,3885,94.80%, Urgent Win-Back Email
15288,High Value Customers,High Risk,42,10,3883,98.30%, Urgent Win-Back Email
15067,High Value Customers,High Risk,77,5,3878,98.30%, Urgent Win-Back Email
14565,High Value Customers,High Risk,95,5,3859,98.30%, Urgent Win-Back Email
16057,High Value Customers,High Risk,15,10,3855,93.10%, Urgent Win-Back Email
13213,High Value Customers,High Risk,56,11,3852,99.00%, Urgent Win-Back Email
16341,High Value Customers,High Risk,24,7,3851,93.60%, Urgent Win-Back Email
16466,High Value Customers,High Risk,33,15,3839,98.80%, Urgent Win-Back Email
17659,High Value Customers,High Risk,16,14,3835,96.30%, Urgent Win-Back Email
13481,High Value Customers,High Risk,45,11,3831,98.40%, Urgent Win-Back Email
12597,High Value Customers,High Risk,18,4,3811,90.10%, Urgent Win-Back Email
15421,High Value Customers,High Risk,58,10,3805,98.90%, Urgent Win-Back Email
17071,High Value Customers,High Risk,27,13,3801,98.20%, Urgent Win-Back Email
16128,High Value Customers,High Risk,17,11,3801,95.60%, Urgent Win-Back Email
14540,High Value Customers,High Risk,9,11,3795,89.50%, Urgent Win-Back Email
15827,High Value Customers,High Risk,72,28,3794,99.40%, Urgent Win-Back Email
16950,High Value Customers,High Risk,56,10,3784,98.90%, Urgent Win-Back Email
12619,High Value Customers,High Risk,15,10,3781,93.10%, Urgent Win-Back Email
14309,High Value Customers,High Risk,7,11,3781,76.70%, Urgent Win-Back Email
15494,High Value Customers,High Risk,20,5,3780,90.50%, Urgent Win-Back Email
17293,High Value Customers,High Risk,7,17,3774,76.70%, Urgent Win-Back Email
15834,High Value Customers,High Risk,69,7,3773,98.40%, Urgent Win-Back Email
15532,High Value Customers,High Risk,24,10,3772,96.50%, Urgent Win-Back Email
12530,High Value Customers,High Risk,59,9,3759,98.20%, Urgent Win-Back Email
17096,High Value Customers,High Risk,14,11,3759,89.90%, Urgent Win-Back Email
14409,High Value Customers,High Risk,70,9,3756,98.90%, Urgent Win-Back Email
14515,High Value Customers,High Risk,17,12,3749,95.30%, Urgent Win-Back Email
15370,High Value Customers,High Risk,40,8,3739,97.60%, Urgent Win-Back Email
15351,High Value Customers,High Risk,11,10,3738,92.30%, Urgent Win-Back Email
15255,High Value Customers,High Risk,66,9,3729,98.80%, Urgent Win-Back Email
12502,High Value Customers,High Risk,95,5,3724,98.20%, Urgent Win-Back Email
14593,High Value Customers,High Risk,21,12,3712,95.60%, Urgent Win-Back Email
16983,High Value Customers,High Risk,12,11,3710,92.30%, Urgent Win-Back Email
14776,High Value Customers,High Risk,50,15,3708,98.70%, Urgent Win-Back Email
16094,High Value Customers,High Risk,11,11,3696,92.30%, Urgent Win-Back Email
15953,High Value Customers,High Risk,14,18,3670,94.40%, Urgent Win-Back Email
14640,High Value Customers,High Risk,23,10,3667,96.00%, Urgent Win-Back Email
16444,High Value Customers,High Risk,45,17,3657,98.70%, Urgent Win-Back Email
17655,High Value Customers,High Risk,10,9,3652,89.40%, Urgent Win-Back Email
14857,High Value Customers,High Risk,59,7,3652,98.10%, Urgent Win-Back Email
17848,High Value Customers,High Risk,80,30,3651,99.20%, Urgent Win-Back Email
13632,High Value Customers,High Risk,24,8,3648,94.50%, Urgent Win-Back Email
17063,High Value Customers,High Risk,20,13,3639,96.30%, Urgent Win-Back Email
16748,High Value Customers,High Risk,17,14,3637,96.30%, Urgent Win-Back Email
16053,High Value Customers,High Risk,32,6,3635,97.10%, Urgent Win-Back Email
14882,High Value Customers,High Risk,26,14,3628,98.10%, Urgent Win-Back Email
15505,High Value Customers,High Risk,52,5,3611,97.10%, Urgent Win-Back Email
15791,High Value Customers,High Risk,43,5,3608,97.10%, Urgent Win-Back Email
18242,High Value Customers,High Risk,71,8,3605,98.50%, Urgent Win-Back Email
13750,High Value Customers,High Risk,53,11,3602,98.30%, Urgent Win-Back Email
12963,High Value Customers,High Risk,7,12,3602,73.70%, Urgent Win-Back Email
16325,High Value Customers,High Risk,46,12,3598,98.30%, Urgent Win-Back Email
17422,High Value Customers,High Risk,15,11,3595,93.00%, Urgent Win-Back Email
17679,High Value Customers,High Risk,52,7,3578,97.00%, Urgent Win-Back Email
17311,High Value Customers,High Risk,77,6,3567,98.20%, Urgent Win-Back Email
12645,High Value Customers,High Risk,33,8,3539,96.30%, Urgent Win-Back Email
16395,High Value Customers,High Risk,60,14,3538,98.70%, Urgent Win-Back Email
17924,High Value Customers,High Risk,11,8,3537,74.90%, Urgent Win-Back Email
15059,High Value Customers,High Risk,40,19,3524,98.00%, Urgent Win-Back Email
16347,High Value Customers,High Risk,10,11,3509,84.20%, Urgent Win-Back Email
14898,High Value Customers,High Risk,22,14,3508,95.50%, Urgent Win-Back Email
14934,High Value Customers,High Risk,81,5,3504,97.70%, Urgent Win-Back Email
13577,High Value Customers,High Risk,24,11,3489,94.40%, Urgent Win-Back Email
15306,High Value Customers,High Risk,63,9,3485,98.10%, Urgent Win-Back Email
12631,High Value Customers,High Risk,56,6,3482,97.60%, Urgent Win-Back Email
17913,High Value Customers,High Risk,58,14,3480,98.70%, Urgent Win-Back Email
13849,High Value Customers,High Risk,51,5,3469,97.30%, Urgent Win-Back Email
14533,High Value Customers,High Risk,24,11,3466,95.70%, Urgent Win-Back Email
15356,High Value Customers,High Risk,30,13,3465,97.70%, Urgent Win-Back Email
14837,High Value Customers,High Risk,89,9,3460,98.60%, Urgent Win-Back Email
13313,High Value Customers,High Risk,21,12,3445,94.80%, Urgent Win-Back Email
15974,High Value Customers,High Risk,38,7,3442,97.20%, Urgent Win-Back Email
16208,High Value Customers,High Risk,44,10,3440,97.80%, Urgent Win-Back Email
17725,High Value Customers,High Risk,15,11,3439,91.80%, Urgent Win-Back Email
12609,High Value Customers,High Risk,77,9,3436,98.60%, Urgent Win-Back Email
15916,High Value Customers,High Risk,15,13,3427,93.50%, Urgent Win-Back Email
16281,High Value Customers,High Risk,71,3,3424,98.40%, Urgent Win-Back Email
15373,High Value Customers,High Risk,7,17,3421,70.40%, Urgent Win-Back Email
14215,High Value Customers,High Risk,11,9,3416,91.00%, Urgent Win-Back Email
13979,High Value Customers,High Risk,72,7,3416,98.30%, Urgent Win-Back Email
15058,High Value Customers,High Risk,24,16,3410,96.60%, Urgent Win-Back Email
13437,High Value Customers,High Risk,13,7,3408,80.00%, Urgent Win-Back Email
13823,High Value Customers,High Risk,18,7,3403,89.40%, Urgent Win-Back Email
15114,High Value Customers,High Risk,29,12,3400,97.10%, Urgent Win-Back Email
12838,High Value Customers,High Risk,33,10,3398,97.80%, Urgent Win-Back Email
13246,High Value Customers,High Risk,17,11,3387,94.50%, Urgent Win-Back Email
13285,High Value Customers,High Risk,22,6,3365,93.70%, Urgent Win-Back Email
16818,High Value Customers,High Risk,10,11,3350,87.70%, Urgent Win-Back Email
13848,High Value Customers,High Risk,91,8,3335,98.30%, Urgent Win-Back Email
14064,High Value Customers,High Risk,28,15,3332,97.70%, Urgent Win-Back Email
15065,High Value Customers,High Risk,37,5,3327,97.30%, Urgent Win-Back Email
12865,High Value Customers,High Risk,25,4,3323,95.80%, Urgent Win-Back Email
13611,High Value Customers,High Risk,88,10,3320,98.60%, Urgent Win-Back Email
13431,High Value Customers,High Risk,66,8,3316,98.20%, Urgent Win-Back Email
13824,High Value Customers,High Risk,32,12,3315,98.00%, Urgent Win-Back Email
13131,High Value Customers,High Risk,22,7,3314,93.50%, Urgent Win-Back Email
14451,High Value Customers,High Risk,59,12,3309,98.70%, Urgent Win-Back Email
16365,High Value Customers,High Risk,17,15,3307,95.70%, Urgent Win-Back Email
14506,High Value Customers,High Risk,16,7,3291,88.50%, Urgent Win-Back Email
13650,High Value Customers,High Risk,16,10,3288,93.40%, Urgent Win-Back Email
15632,High Value Customers,High Risk,15,8,3285,80.70%, Urgent Win-Back Email
14507,High Value Customers,High Risk,23,11,3284,95.70%, Urgent Win-Back Email
14285,High Value Customers,High Risk,20,8,3284,89.40%, Urgent Win-Back Email
18188,High Value Customers,High Risk,14,6,3281,81.20%, Urgent Win-Back Email
15978,High Value Customers,High Risk,76,3,3279,98.40%, Urgent Win-Back Email
16612,High Value Customers,High Risk,32,9,3245,97.80%, Urgent Win-Back Email
15140,High Value Customers,High Risk,51,8,3244,97.20%, Urgent Win-Back Email
15602,High Value Customers,High Risk,7,16,3231,70.40%, Urgent Win-Back Email
16101,High Value Customers,High Risk,70,4,3229,98.40%, Urgent Win-Back Email
16059,High Value Customers,High Risk,65,12,3218,98.70%, Urgent Win-Back Email
16515,High Value Customers,High Risk,51,10,3216,97.80%, Urgent Win-Back Email
13268,High Value Customers,High Risk,17,11,3215,94.50%, Urgent Win-Back Email
12951,High Value Customers,High Risk,8,15,3214,74.60%, Urgent Win-Back Email
16918,High Value Customers,High Risk,49,16,3213,98.50%, Urgent Win-Back Email
13804,High Value Customers,High Risk,30,9,3209,96.80%, Urgent Win-Back Email
16107,High Value Customers,High Risk,17,7,3204,89.40%, Urgent Win-Back Email
17147,High Value Customers,High Risk,22,9,3200,95.30%, Urgent Win-Back Email
14315,High Value Customers,High Risk,44,8,3198,97.20%, Urgent Win-Back Email
15027,High Value Customers,High Risk,30,10,3196,96.80%, Urgent Win-Back Email
13397,High Value Customers,High Risk,72,10,3192,98.60%, Urgent Win-Back Email
17228,High Value Customers,High Risk,15,13,3177,93.50%, Urgent Win-Back Email
17621,High Value Customers,High Risk,20,6,3175,89.70%, Urgent Win-Back Email
16837,High Value Customers,High Risk,30,11,3171,97.10%, Urgent Win-Back Email
17640,High Value Customers,High Risk,86,6,3169,98.30%, Urgent Win-Back Email
16041,High Value Customers,High Risk,30,3,3166,95.80%, Urgent Win-Back Email
14963,High Value Customers,High Risk,9,12,3164,87.00%, Urgent Win-Back Email
16584,High Value Customers,High Risk,79,5,3164,98.30%, Urgent Win-Back Email
16400,High Value Customers,High Risk,94,9,3159,98.60%, Urgent Win-Back Email
14748,High Value Customers,High Risk,28,10,3152,96.80%, Urgent Win-Back Email
14306,High Value Customers,High Risk,50,6,3151,97.30%, Urgent Win-Back Email
17702,High Value Customers,High Risk,29,6,3144,95.70%, Urgent Win-Back Email
17354,High Value Customers,High Risk,50,4,3143,97.40%, Urgent Win-Back Email
14978,High Value Customers,High Risk,71,10,3142,98.60%, Urgent Win-Back Email
13742,High Value Customers,High Risk,16,12,3131,94.00%, Urgent Win-Back Email
14044,High Value Customers,High Risk,26,10,3123,96.80%, Urgent Win-Back Email
15199,High Value Customers,High Risk,58,10,3122,98.60%, Urgent Win-Back Email
14700,High Value Customers,High Risk,31,5,3116,97.30%, Urgent Win-Back Email
13692,High Value Customers,High Risk,24,5,3114,93.70%, Urgent Win-Back Email
13772,High Value Customers,High Risk,33,8,3114,97.20%, Urgent Win-Back Email
13538,High Value Customers,High Risk,42,12,3113,98.00%, Urgent Win-Back Email
12909,High Value Customers,High Risk,39,8,3103,97.20%, Urgent Win-Back Email
15491,High Value Customers,High Risk,94,6,3100,98.30%, Urgent Win-Back Email
13464,High Value Customers,High Risk,57,6,3098,98.20%, Urgent Win-Back Email
12937,High Value Customers,High Risk,14,9,3098,91.40%, Urgent Win-Back Email
15105,High Value Customers,High Risk,17,9,3095,94.00%, Urgent Win-Back Email
12849,High Value Customers,High Risk,30,6,3091,95.70%, Urgent Win-Back Email
14312,High Value Customers,High Risk,46,11,3090,98.00%, Urgent Win-Back Email
17552,High Value Customers,High Risk,59,12,3085,98.70%, Urgent Win-Back Email
17929,High Value Customers,High Risk,10,12,3082,87.70%, Urgent Win-Back Email
16007,High Value Customers,High Risk,47,7,3075,97.20%, Urgent Win-Back Email
13647,High Value Customers,High Risk,9,8,3072,72.50%, Urgent Win-Back Email
14038,High Value Customers,High Risk,77,5,3070,98.30%, Urgent Win-Back Email
13196,High Value Customers,High Risk,10,7,3069,73.80%, Urgent Win-Back Email
16120,High Value Customers,High Risk,58,6,3057,98.20%, Urgent Win-Back Email
16775,High Value Customers,High Risk,9,16,3057,88.20%, Urgent Win-Back Email
15241,High Value Customers,High Risk,66,11,3050,98.70%, Urgent Win-Back Email
16560,High Value Customers,High Risk,26,8,3048,95.50%, Urgent Win-Back Email
14916,High Value Customers,High Risk,70,8,3043,98.30%, Urgent Win-Back Email
15967,High Value Customers,High Risk,22,12,3042,95.70%, Urgent Win-Back Email
15754,High Value Customers,High Risk,50,9,3038,97.80%, Urgent Win-Back Email
13557,High Value Customers,High Risk,27,13,3032,97.70%, Urgent Win-Back Email
15965,High Value Customers,High Risk,16,13,3013,95.30%, Urgent Win-Back Email
14226,High Value Customers,High Risk,28,6,3003,95.70%, Urgent Win-Back Email
13635,High Value Customers,High Risk,67,4,2999,98.40%, Urgent Win-Back Email
15810,High Value Customers,High Risk,78,8,2999,98.30%, Urgent Win-Back Email
12457,High Value Customers,High Risk,65,8,2996,98.20%, Urgent Win-Back Email
17961,High Value Customers,High Risk,20,100,2996,88.40%, Urgent Win-Back Email
12854,High Value Customers,High Risk,78,7,2994,98.30%, Urgent Win-Back Email
15687,High Value Customers,High Risk,8,9,2993,74.60%, Urgent Win-Back Email
16012,High Value Customers,High Risk,34,5,2990,97.30%, Urgent Win-Back Email
15681,High Value Customers,High Risk,24,14,2990,96.60%, Urgent Win-Back Email
12374,High Value Customers,High Risk,24,4,2989,93.90%, Urgent Win-Back Email
18241,High Value Customers,High Risk,9,21,2987,88.20%, Urgent Win-Back Email
15329,High Value Customers,High Risk,38,11,2984,98.00%, Urgent Win-Back Email
16383,High Value Customers,High Risk,74,7,2975,98.30%, Urgent Win-Back Email
16416,High Value Customers,High Risk,26,9,2973,96.80%, Urgent Win-Back Email
13012,High Value Customers,High Risk,8,11,2973,74.60%, Urgent Win-Back Email
13110,High Value Customers,High Risk,30,12,2957,97.10%, Urgent Win-Back Email
13764,High Value Customers,High Risk,70,6,2953,98.30%, Urgent Win-Back Email
15757,High Value Customers,High Risk,65,6,2940,98.20%, Urgent Win-Back Email
14524,High Value Customers,High Risk,31,13,2934,98.50%, Urgent Win-Back Email
12635,High Value Customers,High Risk,89,4,2930,98.40%, Urgent Win-Back Email
15312,High Value Customers,High Risk,74,12,2930,98.80%, Urgent Win-Back Email
15862,High Value Customers,High Risk,7,13,2928,70.40%, Urgent Win-Back Email
12906,High Value Customers,High Risk,11,5,2920,80.40%, Urgent Win-Back Email
13784,High Value Customers,High Risk,9,14,2910,88.20%, Urgent Win-Back Email
13455,High Value Customers,High Risk,24,6,2906,93.70%, Urgent Win-Back Email
14233,High Value Customers,High Risk,48,7,2904,97.20%, Urgent Win-Back Email
14404,High Value Customers,High Risk,33,13,2899,98.50%, Urgent Win-Back Email
16633,High Value Customers,High Risk,16,6,2883,88.80%, Urgent Win-Back Email
18170,High Value Customers,High Risk,32,9,2878,97.80%, Urgent Win-Back Email
14005,High Value Customers,High Risk,9,5,2875,74.20%, Urgent Win-Back Email
15043,High Value Customers,High Risk,30,6,2874,95.70%, Urgent Win-Back Email
14711,High Value Customers,High Risk,9,11,2869,87.00%, Urgent Win-Back Email
16229,High Value Customers,High Risk,86,6,2868,98.30%, Urgent Win-Back Email
16225,High Value Customers,High Risk,44,15,2867,98.50%, Urgent Win-Back Email
15563,High Value Customers,High Risk,21,7,2867,91.40%, Urgent Win-Back Email
16086,High Value Customers,High Risk,58,10,2865,98.60%, Urgent Win-Back Email
16062,High Value Customers,High Risk,9,8,2863,72.50%, Urgent Win-Back Email
12685,High Value Customers,High Risk,27,6,2863,95.70%, Urgent Win-Back Email
14035,High Value Customers,High Risk,28,9,2857,96.80%, Urgent Win-Back Email
13728,High Value Customers,High Risk,36,16,2855,98.50%, Urgent Win-Back Email
16742,High Value Customers,High Risk,46,14,2853,98.50%, Urgent Win-Back Email
12352,High Value Customers,High Risk,35,10,2850,97.80%, Urgent Win-Back Email
13032,High Value Customers,High Risk,51,9,2844,97.80%, Urgent Win-Back Email
12676,High Value Customers,High Risk,24,11,2843,95.70%, Urgent Win-Back Email
16554,High Value Customers,High Risk,41,8,2842,97.20%, Urgent Win-Back Email
13477,High Value Customers,High Risk,37,11,2834,98.00%, Urgent Win-Back Email
17368,High Value Customers,High Risk,22,14,2826,96.60%, Urgent Win-Back Email
14842,High Value Customers,High Risk,43,4,2825,97.40%, Urgent Win-Back Email
16407,High Value Customers,High Risk,12,14,2822,92.80%, Urgent Win-Back Email
13719,High Value Customers,High Risk,14,11,2815,91.80%, Urgent Win-Back Email
15660,High Value Customers,High Risk,24,15,2813,96.60%, Urgent Win-Back Email
16871,High Value Customers,High Risk,21,6,2812,91.60%, Urgent Win-Back Email
14903,High Value Customers,High Risk,20,5,2811,89.70%, Urgent Win-Back Email
13330,High Value Customers,High Risk,92,6,2806,98.30%, Urgent Win-Back Email
17470,High Value Customers,High Risk,44,11,2805,98.00%, Urgent Win-Back Email
17284,High Value Customers,High Risk,59,8,2793,98.10%, Urgent Win-Back Email
12863,High Value Customers,High Risk,51,6,2793,97.10%, Urgent Win-Back Email
15073,High Value Customers,High Risk,9,8,2788,72.50%, Urgent Win-Back Email
15021,High Value Customers,High Risk,8,12,2784,74.60%, Urgent Win-Back Email
17790,High Value Customers,High Risk,26,20,2784,97.60%, Urgent Win-Back Email
16104,High Value Customers,High Risk,61,9,2779,98.50%, Urgent Win-Back Email
17591,High Value Customers,High Risk,72,8,2777,98.10%, Urgent Win-Back Email
17031,High Value Customers,High Risk,11,6,2774,79.50%, Urgent Win-Back Email
12391,High Value Customers,High Risk,21,6,2773,91.20%, Urgent Win-Back Email
13695,High Value Customers,High Risk,30,16,2771,97.60%, Urgent Win-Back Email
17720,High Value Customers,High Risk,25,10,2769,96.60%, Urgent Win-Back Email
13813,High Value Customers,High Risk,39,8,2765,97.00%, Urgent Win-Back Email
17262,High Value Customers,High Risk,51,11,2758,97.90%, Urgent Win-Back Email
14665,High Value Customers,High Risk,60,7,2750,98.10%, Urgent Win-Back Email
15841,High Value Customers,High Risk,72,9,2742,98.60%, Urgent Win-Back Email
16434,High Value Customers,High Risk,28,12,2742,96.90%, Urgent Win-Back Email
14808,High Value Customers,High Risk,39,8,2741,97.00%, Urgent Win-Back Email
15111,High Value Customers,High Risk,28,5,2731,95.40%, Urgent Win-Back Email
13211,High Value Customers,High Risk,9,10,2729,87.00%, Urgent Win-Back Email
12739,High Value Customers,High Risk,77,4,2727,98.30%, Urgent Win-Back Email
16190,High Value Customers,High Risk,39,8,2724,97.00%, Urgent Win-Back Email
16232,High Value Customers,High Risk,43,7,2713,97.00%, Urgent Win-Back Email
18173,High Value Customers,High Risk,86,5,2696,98.20%, Urgent Win-Back Email
17388,High Value Customers,High Risk,77,11,2692,98.70%, Urgent Win-Back Email
16369,High Value Customers,High Risk,17,7,2665,88.80%, Urgent Win-Back Email
13473,High Value Customers,High Risk,60,8,2658,98.10%, Urgent Win-Back Email
15671,High Value Customers,High Risk,18,7,2657,88.80%, Urgent Win-Back Email
14410,High Value Customers,High Risk,91,11,2651,98.70%, Urgent Win-Back Email
12516,High Value Customers,High Risk,77,4,2649,98.30%, Urgent Win-Back Email
13203,High Value Customers,High Risk,9,10,2648,87.00%, Urgent Win-Back Email
16618,High Value Customers,High Risk,30,5,2648,95.40%, Urgent Win-Back Email
13117,High Value Customers,High Risk,21,18,2644,95.70%, Urgent Win-Back Email
15814,High Value Customers,High Risk,16,6,2634,88.20%, Urgent Win-Back Email
12520,High Value Customers,High Risk,78,5,2634,98.20%, Urgent Win-Back Email
13644,High Value Customers,High Risk,15,4,2624,80.80%, Urgent Win-Back Email
15142,High Value Customers,High Risk,45,6,2620,97.10%, Urgent Win-Back Email
17043,High Value Customers,High Risk,31,8,2617,97.00%, Urgent Win-Back Email
15426,High Value Customers,High Risk,18,9,2615,93.60%, Urgent Win-Back Email
13700,High Value Customers,High Risk,25,13,2613,97.60%, Urgent Win-Back Email
16206,High Value Customers,High Risk,54,13,2602,98.90%, Urgent Win-Back Email
17317,High Value Customers,High Risk,45,3,2600,97.20%, Urgent Win-Back Email
15826,High Value Customers,High Risk,55,4,2598,98.20%, Urgent Win-Back Email
12412,High Value Customers,High Risk,74,6,2597,98.20%, Urgent Win-Back Email
14163,High Value Customers,High Risk,86,5,2595,98.20%, Urgent Win-Back Email
14229,High Value Customers,High Risk,51,7,2594,97.00%, Urgent Win-Back Email
14147,High Value Customers,High Risk,77,9,2590,98.60%, Urgent Win-Back Email
15062,High Value Customers,High Risk,70,8,2586,98.10%, Urgent Win-Back Email
12592,High Value Customers,High Risk,91,5,2583,98.20%, Urgent Win-Back Email
16115,High Value Customers,High Risk,9,12,2575,87.00%, Urgent Win-Back Email
17095,High Value Customers,High Risk,22,7,2572,93.10%, Urgent Win-Back Email
17002,High Value Customers,High Risk,85,7,2572,98.10%, Urgent Win-Back Email
13652,High Value Customers,High Risk,45,5,2571,97.10%, Urgent Win-Back Email
15434,High Value Customers,High Risk,7,11,2567,70.40%, Urgent Win-Back Email
13623,High Value Customers,High Risk,30,10,2566,96.60%, Urgent Win-Back Email
15747,High Value Customers,High Risk,12,9,2563,90.50%, Urgent Win-Back Email
13192,High Value Customers,High Risk,94,6,2559,98.20%, Urgent Win-Back Email
17463,High Value Customers,High Risk,15,7,2558,79.70%, Urgent Win-Back Email
16036,High Value Customers,High Risk,86,4,2557,98.30%, Urgent Win-Back Email
13862,High Value Customers,High Risk,17,9,2556,93.60%, Urgent Win-Back Email
15906,High Value Customers,High Risk,19,10,2556,93.60%, Urgent Win-Back Email
14810,High Value Customers,High Risk,40,13,2537,98.40%, Urgent Win-Back Email
14659,High Value Customers,High Risk,8,9,2530,74.60%, Urgent Win-Back Email
14790,High Value Customers,High Risk,16,10,2527,93.10%, Urgent Win-Back Email
17101,High Value Customers,High Risk,9,7,2507,72.50%, Urgent Win-Back Email
15860,High Value Customers,High Risk,40,17,2505,98.40%, Urgent Win-Back Email
12517,High Value Customers,High Risk,27,5,2503,95.40%, Urgent Win-Back Email
17288,High Value Customers,High Risk,8,11,2500,74.60%, Urgent Win-Back Email
14541,High Value Customers,High Risk,58,14,2500,98.90%, Urgent Win-Back Email
17594,High Value Customers,High Risk,84,4,2498,98.30%, Urgent Win-Back Email
15227,High Value Customers,High Risk,36,9,2488,97.70%, Urgent Win-Back Email
15117,High Value Customers,High Risk,14,8,2486,79.70%, Urgent Win-Back Email
14449,High Value Customers,High Risk,18,8,2483,88.80%, Urgent Win-Back Email
13588,High Value Customers,High Risk,15,9,2479,90.90%, Urgent Win-Back Email
17348,High Value Customers,High Risk,14,9,2476,90.90%, Urgent Win-Back Email
13134,High Value Customers,High Risk,85,6,2475,98.20%, Urgent Win-Back Email
13878,High Value Customers,High Risk,54,4,2473,98.20%, Urgent Win-Back Email
14502,High Value Customers,High Risk,19,11,2471,94.20%, Urgent Win-Back Email
12924,High Value Customers,High Risk,87,12,2469,98.70%, Urgent Win-Back Email
14421,High Value Customers,High Risk,56,6,2469,98.10%, Urgent Win-Back Email
17164,High Value Customers,High Risk,32,7,2467,97.00%, Urgent Win-Back Email
16470,High Value Customers,High Risk,51,11,2459,97.90%, Urgent Win-Back Email
17894,High Value Customers,High Risk,71,18,2453,99.00%, Urgent Win-Back Email
12701,High Value Customers,High Risk,79,6,2446,98.20%, Urgent Win-Back Email
18171,High Value Customers,High Risk,58,9,2437,98.50%, Urgent Win-Back Email
16005,High Value Customers,High Risk,11,10,2436,90.50%, Urgent Win-Back Email
13094,High Value Customers,High Risk,20,13,2433,95.10%, Urgent Win-Back Email
16638,High Value Customers,High Risk,22,15,2431,96.20%, Urgent Win-Back Email
17004,High Value Customers,High Risk,45,4,2425,97.00%, Urgent Win-Back Email
17921,High Value Customers,High Risk,63,10,2424,98.40%, Urgent Win-Back Email
15215,High Value Customers,High Risk,46,7,2422,96.90%, Urgent Win-Back Email
15089,High Value Customers,High Risk,9,6,2421,74.20%, Urgent Win-Back Email
15489,High Value Customers,High Risk,22,8,2420,92.70%, Urgent Win-Back Email
16040,High Value Customers,High Risk,64,7,2417,97.90%, Urgent Win-Back Email
13118,High Value Customers,High Risk,19,9,2415,93.20%, Urgent Win-Back Email
14205,High Value Customers,High Risk,16,9,2414,92.60%, Urgent Win-Back Email
17671,High Value Customers,High Risk,15,5,2403,79.20%, Urgent Win-Back Email
15793,High Value Customers,High Risk,14,8,2400,78.70%, Urgent Win-Back Email
12393,High Value Customers,High Risk,71,6,2399,98.10%, Urgent Win-Back Email
14414,High Value Customers,High Risk,91,8,2399,98.00%, Urgent Win-Back Email
15366,High Value Customers,High Risk,74,7,2389,98.00%, Urgent Win-Back Email
14443,High Value Customers,High Risk,53,5,2386,96.90%, Urgent Win-Back Email
17623,High Value Customers,High Risk,32,7,2384,96.90%, Urgent Win-Back Email
17905,High Value Customers,High Risk,70,13,2384,98.90%, Urgent Win-Back Email
14554,High Value Customers,High Risk,9,4,2381,74.90%, Urgent Win-Back Email
13908,High Value Customers,High Risk,79,4,2370,98.20%, Urgent Win-Back Email
14295,High Value Customers,High Risk,39,5,2363,96.90%, Urgent Win-Back Email
17634,High Value Customers,High Risk,35,9,2362,97.50%, Urgent Win-Back Email
16676,High Value Customers,High Risk,33,6,2362,96.90%, Urgent Win-Back Email
13614,High Value Customers,High Risk,23,6,2359,92.90%, Urgent Win-Back Email
15549,High Value Customers,High Risk,76,8,2346,98.00%, Urgent Win-Back Email
16085,High Value Customers,High Risk,22,12,2344,95.20%, Urgent Win-Back Email
13055,High Value Customers,High Risk,77,4,2321,98.20%, Urgent Win-Back Email
16628,High Value Customers,High Risk,29,7,2318,95.00%, Urgent Win-Back Email
12948,High Value Customers,High Risk,15,9,2317,90.40%, Urgent Win-Back Email
14555,High Value Customers,High Risk,56,6,2316,98.00%, Urgent Win-Back Email
17193,High Value Customers,High Risk,35,9,2310,97.50%, Urgent Win-Back Email
17324,High Value Customers,High Risk,17,12,2302,93.80%, Urgent Win-Back Email
16531,High Value Customers,High Risk,21,11,2298,94.20%, Urgent Win-Back Email
12599,High Value Customers,High Risk,28,13,2297,97.40%, Urgent Win-Back Email
16485,High Value Customers,High Risk,76,5,2295,98.10%, Urgent Win-Back Email
14901,High Value Customers,High Risk,10,12,2290,87.70%, Urgent Win-Back Email
17047,High Value Customers,High Risk,84,6,2289,98.10%, Urgent Win-Back Email
17018,High Value Customers,High Risk,40,6,2288,96.90%, Urgent Win-Back Email
14462,High Value Customers,High Risk,65,12,2270,98.50%, Urgent Win-Back Email
13748,High Value Customers,High Risk,95,9,2268,98.50%, Urgent Win-Back Email
16042,High Value Customers,High Risk,21,8,2265,90.40%, Urgent Win-Back Email
17180,High Value Customers,High Risk,55,11,2257,98.50%, Urgent Win-Back Email
14432,High Value Customers,High Risk,9,6,2256,74.20%, Urgent Win-Back Email
16350,High Value Customers,High Risk,20,9,2254,93.20%, Urgent Win-Back Email
13662,High Value Customers,High Risk,85,11,2250,98.60%, Urgent Win-Back Email
17414,High Value Customers,High Risk,43,6,2250,96.90%, Urgent Win-Back Email
15865,High Value Customers,High Risk,40,5,2249,96.90%, Urgent Win-Back Email
14644,High Value Customers,High Risk,67,7,2248,98.00%, Urgent Win-Back Email
18215,High Value Customers,High Risk,88,5,2247,98.10%, Urgent Win-Back Email
16177,High Value Customers,High Risk,49,8,2247,96.90%, Urgent Win-Back Email
13627,High Value Customers,High Risk,58,7,2246,97.90%, Urgent Win-Back Email
17075,High Value Customers,High Risk,17,10,2242,93.20%, Urgent Win-Back Email
16551,High Value Customers,High Risk,95,7,2237,98.00%, Urgent Win-Back Email
16108,High Value Customers,High Risk,84,4,2236,98.20%, Urgent Win-Back Email
16221,High Value Customers,High Risk,36,9,2236,97.50%, Urgent Win-Back Email
14177,High Value Customers,High Risk,85,13,2229,98.90%, Urgent Win-Back Email
17460,High Value Customers,High Risk,93,16,2228,98.90%, Urgent Win-Back Email
13320,High Value Customers,High Risk,77,6,2228,98.10%, Urgent Win-Back Email
14467,High Value Customers,High Risk,17,12,2221,93.80%, Urgent Win-Back Email
14321,High Value Customers,High Risk,10,7,2218,73.80%, Urgent Win-Back Email
18177,High Value Customers,High Risk,30,9,2217,96.40%, Urgent Win-Back Email
17648,High Value Customers,High Risk,60,5,2216,98.00%, Urgent Win-Back Email
14834,High Value Customers,High Risk,17,7,2206,88.20%, Urgent Win-Back Email
13410,High Value Customers,High Risk,23,9,2202,94.70%, Urgent Win-Back Email
14597,High Value Customers,High Risk,10,6,2202,74.40%, Urgent Win-Back Email
15864,High Value Customers,High Risk,21,7,2181,90.40%, Urgent Win-Back Email
13610,High Value Customers,High Risk,11,14,2176,92.00%, Urgent Win-Back Email
14595,High Value Customers,High Risk,19,8,2164,88.20%, Urgent Win-Back Email
13643,High Value Customers,High Risk,30,10,2157,96.40%, Urgent Win-Back Email
18116,High Value Customers,High Risk,67,13,2154,98.90%, Urgent Win-Back Email
17272,High Value Customers,High Risk,41,4,2149,97.00%, Urgent Win-Back Email
16134,High Value Customers,High Risk,21,5,2145,90.70%, Urgent Win-Back Email
12576,High Value Customers,High Risk,35,8,2143,96.90%, Urgent Win-Back Email
13092,High Value Customers,High Risk,70,12,2140,98.60%, Urgent Win-Back Email
14499,High Value Customers,High Risk,25,7,2139,95.00%, Urgent Win-Back Email
16493,High Value Customers,High Risk,79,7,2132,98.00%, Urgent Win-Back Email
14360,High Value Customers,High Risk,31,4,2128,97.00%, Urgent Win-Back Email
16996,High Value Customers,High Risk,29,9,2124,96.40%, Urgent Win-Back Email
14396,High Value Customers,High Risk,64,7,2122,97.90%, Urgent Win-Back Email
14691,High Value Customers,High Risk,30,5,2114,95.10%, Urgent Win-Back Email
16934,High Value Customers,High Risk,54,6,2111,98.00%, Urgent Win-Back Email
12997,High Value Customers,High Risk,21,8,2111,90.40%, Urgent Win-Back Email
13265,High Value Customers,High Risk,52,5,2108,96.90%, Urgent Win-Back Email
15252,High Value Customers,High Risk,35,5,2103,96.90%, Urgent Win-Back Email
15815,High Value Customers,High Risk,63,5,2101,98.00%, Urgent Win-Back Email
17159,High Value Customers,High Risk,21,5,2100,90.70%, Urgent Win-Back Email
12610,High Value Customers,High Risk,22,5,2100,92.90%, Urgent Win-Back Email
13591,High Value Customers,High Risk,64,7,2094,97.90%, Urgent Win-Back Email
14723,High Value Customers,High Risk,9,11,2093,87.00%, Urgent Win-Back Email
16726,High Value Customers,High Risk,25,7,2088,95.00%, Urgent Win-Back Email
15272,High Value Customers,High Risk,56,6,2085,98.00%, Urgent Win-Back Email
17289,High Value Customers,High Risk,31,9,2079,97.50%, Urgent Win-Back Email
15164,High Value Customers,High Risk,68,9,2069,98.50%, Urgent Win-Back Email
12586,High Value Customers,High Risk,16,4,2063,88.00%, Urgent Win-Back Email
14623,High Value Customers,High Risk,31,10,2060,97.50%, Urgent Win-Back Email
17633,High Value Customers,High Risk,30,7,2057,95.00%, Urgent Win-Back Email
15253,High Value Customers,High Risk,15,8,2055,78.70%, Urgent Win-Back Email
14188,High Value Customers,High Risk,30,6,2054,95.10%, Urgent Win-Back Email
16235,High Value Customers,High Risk,40,9,2054,97.50%, Urgent Win-Back Email
13984,High Value Customers,High Risk,26,12,2049,96.70%, Urgent Win-Back Email
16027,High Value Customers,High Risk,91,15,2048,98.90%, Urgent Win-Back Email
14232,High Value Customers,High Risk,42,5,2048,96.90%, Urgent Win-Back Email
15473,High Value Customers,High Risk,13,8,2046,77.90%, Urgent Win-Back Email
16960,High Value Customers,High Risk,38,8,2043,96.90%, Urgent Win-Back Email
15506,High Value Customers,High Risk,22,6,2040,92.90%, Urgent Win-Back Email
14651,High Value Customers,High Risk,66,9,2034,98.40%, Urgent Win-Back Email
13989,High Value Customers,High Risk,65,5,2026,98.00%, Urgent Win-Back Email
14631,High Value Customers,High Risk,50,6,2026,96.90%, Urgent Win-Back Email
17227,High Value Customers,High Risk,18,12,2022,93.80%, Urgent Win-Back Email
12348,High Value Customers,High Risk,74,5,2019,98.10%, Urgent Win-Back Email
16332,High Value Customers,High Risk,27,11,2010,96.70%, Urgent Win-Back Email
15990,High Value Customers,High Risk,43,7,2010,96.90%, Urgent Win-Back Email
14628,High Value Customers,High Risk,90,5,1998,98.10%, Urgent Win-Back Email
14152,High Value Customers,High Risk,74,7,1997,98.00%, Urgent Win-Back Email
18204,High Value Customers,High Risk,70,3,1994,98.20%, Urgent Win-Back Email
13889,High Value Customers,High Risk,92,6,1991,98.10%, Urgent Win-Back Email
17088,High Value Customers,High Risk,27,4,1991,95.30%, Urgent Win-Back Email
13208,High Value Customers,High Risk,58,9,1988,98.40%, Urgent Win-Back Email
17351,High Value Customers,High Risk,35,12,1988,97.80%, Urgent Win-Back Email
17797,High Value Customers,High Risk,21,8,1986,90.40%, Urgent Win-Back Email
14967,High Value Customers,High Risk,49,6,1983,96.90%, Urgent Win-Back Email
13725,High Value Customers,High Risk,49,8,1981,96.90%, Urgent Win-Back Email
17158,High Value Customers,High Risk,31,5,1980,96.90%, Urgent Win-Back Email
15030,High Value Customers,High Risk,71,8,1980,98.00%, Urgent Win-Back Email
17966,High Value Customers,High Risk,37,10,1974,97.50%, Urgent Win-Back Email
17997,High Value Customers,High Risk,73,8,1971,98.00%, Urgent Win-Back Email
12674,High Value Customers,High Risk,38,4,1971,97.00%, Urgent Win-Back Email
14477,High Value Customers,High Risk,19,7,1970,88.20%, Urgent Win-Back Email
15081,High Value Customers,High Risk,21,12,1966,94.20%, Urgent Win-Back Email
16233,High Value Customers,High Risk,70,9,1966,98.50%, Urgent Win-Back Email
18016,High Value Customers,High Risk,31,7,1960,96.90%, Urgent Win-Back Email
17135,High Value Customers,High Risk,15,10,1954,90.40%, Urgent Win-Back Email
13761,High Value Customers,High Risk,49,6,1952,96.90%, Urgent Win-Back Email
15885,High Value Customers,High Risk,92,15,1952,98.90%, Urgent Win-Back Email
14332,High Value Customers,High Risk,22,5,1944,92.90%, Urgent Win-Back Email
15620,High Value Customers,High Risk,56,4,1942,98.10%, Urgent Win-Back Email
13276,High Value Customers,High Risk,63,5,1939,98.00%, Urgent Win-Back Email
15605,High Value Customers,High Risk,35,9,1937,97.50%, Urgent Win-Back Email
15561,High Value Customers,High Risk,11,8,1934,77.90%, Urgent Win-Back Email
16770,High Value Customers,High Risk,57,9,1932,98.40%, Urgent Win-Back Email
15803,High Value Customers,High Risk,50,4,1930,97.00%, Urgent Win-Back Email
17236,High Value Customers,High Risk,12,12,1929,89.90%, Urgent Win-Back Email
13029,High Value Customers,High Risk,30,5,1927,95.10%, Urgent Win-Back Email
14710,High Value Customers,High Risk,13,13,1923,92.00%, Urgent Win-Back Email
16681,High Value Customers,High Risk,72,7,1922,98.00%, Urgent Win-Back Email
16942,High Value Customers,High Risk,12,9,1921,89.90%, Urgent Win-Back Email
12842,High Value Customers,High Risk,69,4,1918,98.20%, Urgent Win-Back Email
16650,High Value Customers,High Risk,71,7,1916,98.00%, Urgent Win-Back Email
16555,High Value Customers,High Risk,34,6,1916,96.90%, Urgent Win-Back Email
13503,High Value Customers,High Risk,70,6,1905,98.10%, Urgent Win-Back Email
17235,High Value Customers,High Risk,24,8,1905,92.70%, Urgent Win-Back Email
16049,High Value Customers,High Risk,39,6,1900,96.90%, Urgent Win-Back Email
14389,High Value Customers,High Risk,64,5,1898,98.00%, Urgent Win-Back Email
14741,High Value Customers,High Risk,11,7,1898,77.90%, Urgent Win-Back Email
17560,High Value Customers,High Risk,94,9,1896,98.50%, Urgent Win-Back Email
17609,High Value Customers,High Risk,40,11,1894,97.80%, Urgent Win-Back Email
14912,High Value Customers,High Risk,16,6,1889,87.60%, Urgent Win-Back Email
16172,High Value Customers,High Risk,94,8,1885,98.00%, Urgent Win-Back Email
16660,High Value Customers,High Risk,15,7,1880,78.70%, Urgent Win-Back Email
15197,High Value Customers,High Risk,10,6,1878,74.40%, Urgent Win-Back Email
13946,High Value Customers,High Risk,78,6,1876,98.10%, Urgent Win-Back Email
13168,High Value Customers,High Risk,35,5,1875,96.90%, Urgent Win-Back Email
12494,High Value Customers,High Risk,15,9,1873,90.40%, Urgent Win-Back Email
17974,High Value Customers,High Risk,24,6,1858,92.90%, Urgent Win-Back Email
16043,High Value Customers,High Risk,37,8,1857,96.90%, Urgent Win-Back Email
15201,High Value Customers,High Risk,86,7,1843,98.00%, Urgent Win-Back Email
17015,High Value Customers,High Risk,28,3,1843,95.30%, Urgent Win-Back Email
16102,High Value Customers,High Risk,41,3,1842,97.00%, Urgent Win-Back Email
14553,High Value Customers,High Risk,18,9,1842,93.20%, Urgent Win-Back Email
16880,High Value Customers,High Risk,30,8,1841,95.00%, Urgent Win-Back Email
14715,High Value Customers,High Risk,24,8,1840,92.70%, Urgent Win-Back Email
16175,High Value Customers,High Risk,93,7,1836,98.00%, Urgent Win-Back Email
16205,High Value Customers,High Risk,30,7,1831,95.00%, Urgent Win-Back Email
15339,High Value Customers,High Risk,65,7,1828,97.90%, Urgent Win-Back Email
16825,High Value Customers,High Risk,38,5,1827,96.90%, Urgent Win-Back Email
17244,High Value Customers,High Risk,52,5,1826,96.90%, Urgent Win-Back Email
14738,High Value Customers,High Risk,42,9,1822,97.50%, Urgent Win-Back Email
17888,High Value Customers,High Risk,20,25,1820,91.20%, Urgent Win-Back Email
17828,High Value Customers,High Risk,22,4,1820,93.20%, Urgent Win-Back Email
16110,High Value Customers,High Risk,44,4,1819,97.00%, Urgent Win-Back Email
16511,High Value Customers,High Risk,21,6,1819,90.70%, Urgent Win-Back Email
15807,High Value Customers,High Risk,49,5,1818,96.90%, Urgent Win-Back Email
15530,High Value Customers,High Risk,21,5,1814,90.70%, Urgent Win-Back Email
14704,High Value Customers,High Risk,10,11,1814,87.70%, Urgent Win-Back Email
14915,High Value Customers,High Risk,90,11,1811,98.60%, Urgent Win-Back Email
16595,High Value Customers,High Risk,60,5,1810,98.00%, Urgent Win-Back Email
18096,High Value Customers,High Risk,11,6,1805,78.40%, Urgent Win-Back Email
18161,High Value Customers,High Risk,14,6,1803,79.20%, Urgent Win-Back Email
16249,High Value Customers,High Risk,52,5,1800,96.90%, Urgent Win-Back Email
15452,High Value Customers,High Risk,29,6,1799,95.10%, Urgent Win-Back Email
16348,High Value Customers,High Risk,31,8,1798,96.90%, Urgent Win-Back Email
18235,High Value Customers,High Risk,71,3,1796,98.20%, Urgent Win-Back Email
18236,High Value Customers,High Risk,29,12,1795,96.70%, Urgent Win-Back Email
13782,High Value Customers,High Risk,12,13,1794,92.00%, Urgent Win-Back Email
17603,High Value Customers,High Risk,77,4,1793,98.20%, Urgent Win-Back Email
15608,High Value Customers,High Risk,27,5,1786,95.10%, Urgent Win-Back Email
15128,High Value Customers,High Risk,59,5,1784,98.00%, Urgent Win-Back Email
15220,High Value Customers,High Risk,51,6,1779,96.90%, Urgent Win-Back Email
12458,High Value Customers,High Risk,70,4,1777,98.20%, Urgent Win-Back Email
12778,High Value Customers,High Risk,19,9,1776,93.20%, Urgent Win-Back Email
15594,High Value Customers,High Risk,15,5,1772,79.20%, Urgent Win-Back Email
16374,High Value Customers,High Risk,65,5,1771,98.00%, Urgent Win-Back Email
17813,High Value Customers,High Risk,13,5,1771,78.40%, Urgent Win-Back Email
13456,High Value Customers,High Risk,17,6,1767,88.50%, Urgent Win-Back Email
13717,High Value Customers,High Risk,31,8,1763,96.90%, Urgent Win-Back Email
14522,High Value Customers,High Risk,23,8,1759,92.70%, Urgent Win-Back Email
16266,High Value Customers,High Risk,73,14,1758,98.90%, Urgent Win-Back Email
17432,High Value Customers,High Risk,17,9,1751,93.20%, Urgent Win-Back Email
13155,High Value Customers,High Risk,32,6,1750,96.90%, Urgent Win-Back Email
16639,High Value Customers,High Risk,30,4,1748,95.30%, Urgent Win-Back Email
14236,High Value Customers,High Risk,80,5,1745,98.10%, Urgent Win-Back Email
17190,High Value Customers,High Risk,58,7,1743,97.90%, Urgent Win-Back Email
13240,High Value Customers,High Risk,95,8,1739,98.00%, Urgent Win-Back Email
16809,High Value Customers,High Risk,22,9,1727,94.70%, Urgent Win-Back Email
15730,High Value Customers,High Risk,65,5,1727,98.00%, Urgent Win-Back Email
17162,High Value Customers,High Risk,28,10,1715,95.90%, Urgent Win-Back Email
14987,High Value Customers,High Risk,15,8,1714,76.60%, Urgent Win-Back Email
14447,High Value Customers,High Risk,18,6,1712,87.20%, Urgent Win-Back Email
15551,High Value Customers,High Risk,36,7,1710,96.50%, Urgent Win-Back Email
17731,High Value Customers,High Risk,78,6,1709,97.80%, Urgent Win-Back Email
12407,High Value Customers,High Risk,49,5,1708,96.60%, Urgent Win-Back Email
13566,High Value Customers,High Risk,40,5,1708,96.60%, Urgent Win-Back Email
16768,High Value Customers,High Risk,47,9,1708,97.20%, Urgent Win-Back Email
16907,High Value Customers,High Risk,28,9,1708,95.90%, Urgent Win-Back Email
14859,High Value Customers,High Risk,12,5,1706,76.30%, Urgent Win-Back Email
17571,High Value Customers,High Risk,49,5,1704,96.60%, Urgent Win-Back Email
13184,High Value Customers,High Risk,14,10,1701,89.30%, Urgent Win-Back Email
14829,High Value Customers,High Risk,28,7,1693,94.40%, Urgent Win-Back Email
16671,High Value Customers,High Risk,27,3,1692,95.20%, Urgent Win-Back Email
12933,High Value Customers,High Risk,23,8,1687,91.90%, Urgent Win-Back Email
15996,High Value Customers,High Risk,87,7,1687,97.80%, Urgent Win-Back Email
17041,High Value Customers,High Risk,26,6,1686,94.50%, Urgent Win-Back Email
12775,High Value Customers,High Risk,16,7,1686,85.80%, Urgent Win-Back Email
13516,High Value Customers,High Risk,20,4,1685,88.70%, Urgent Win-Back Email
15987,High Value Customers,High Risk,11,8,1682,75.80%, Urgent Win-Back Email
13064,High Value Customers,High Risk,12,6,1681,76.30%, Urgent Win-Back Email
13149,High Value Customers,High Risk,13,4,1676,78.70%, Urgent Win-Back Email
17656,High Value Customers,High Risk,72,5,1675,97.80%, Urgent Win-Back Email
13587,High Value Customers,High Risk,63,4,1674,98.00%, Urgent Win-Back Email
13308,High Value Customers,High Risk,22,4,1670,93.00%, Urgent Win-Back Email
17534,High Value Customers,High Risk,53,5,1669,96.60%, Urgent Win-Back Email
13434,High Value Customers,High Risk,73,5,1667,97.80%, Urgent Win-Back Email
18276,High Value Customers,High Risk,43,6,1657,96.60%, Urgent Win-Back Email
12577,High Value Customers,High Risk,34,8,1654,96.50%, Urgent Win-Back Email
18022,High Value Customers,High Risk,35,5,1652,96.60%, Urgent Win-Back Email
12657,High Value Customers,High Risk,10,4,1643,74.70%, Urgent Win-Back Email
17951,High Value Customers,High Risk,39,4,1636,97.00%, Urgent Win-Back Email
18136,High Value Customers,High Risk,62,5,1631,97.70%, Urgent Win-Back Email
18149,High Value Customers,High Risk,50,7,1625,96.50%, Urgent Win-Back Email
17764,High Value Customers,High Risk,50,5,1624,96.60%, Urgent Win-Back Email
17867,High Value Customers,High Risk,29,15,1621,97.10%, Urgent Win-Back Email
12379,High Value Customers,High Risk,81,4,1620,98.10%, Urgent Win-Back Email
17515,High Value Customers,High Risk,30,9,1617,95.90%, Urgent Win-Back Email
16224,High Value Customers,High Risk,56,5,1617,97.70%, Urgent Win-Back Email
14336,High Value Customers,High Risk,16,4,1615,87.70%, Urgent Win-Back Email
13249,High Value Customers,High Risk,91,9,1609,98.30%, Urgent Win-Back Email
17886,High Value Customers,High Risk,31,6,1608,96.60%, Urgent Win-Back Email
17222,High Value Customers,High Risk,64,6,1605,97.70%, Urgent Win-Back Email
17345,High Value Customers,High Risk,14,10,1605,89.30%, Urgent Win-Back Email
14587,High Value Customers,High Risk,18,9,1601,92.40%, Urgent Win-Back Email
15134,High Value Customers,High Risk,14,10,1596,89.30%, Urgent Win-Back Email
16774,High Value Customers,High Risk,67,8,1594,97.80%, Urgent Win-Back Email
17837,High Value Customers,High Risk,41,8,1593,96.50%, Urgent Win-Back Email
15289,High Value Customers,High Risk,28,5,1593,94.50%, Urgent Win-Back Email
17540,High Value Customers,High Risk,24,6,1591,92.10%, Urgent Win-Back Email
16099,High Value Customers,High Risk,49,7,1573,96.50%, Urgent Win-Back Email
15466,High Value Customers,High Risk,84,4,1571,98.10%, Urgent Win-Back Email
14198,High Value Customers,High Risk,17,9,1570,92.40%, Urgent Win-Back Email
13539,High Value Customers,High Risk,85,7,1569,97.80%, Urgent Win-Back Email
17624,High Value Customers,High Risk,14,4,1569,79.50%, Urgent Win-Back Email
17323,High Value Customers,High Risk,14,12,1566,89.70%, Urgent Win-Back Email
18036,High Value Customers,High Risk,31,11,1564,97.50%, Urgent Win-Back Email
13939,High Value Customers,High Risk,22,7,1561,91.90%, Urgent Win-Back Email
16140,High Value Customers,High Risk,65,3,1558,98.00%, Urgent Win-Back Email
16394,High Value Customers,High Risk,56,5,1555,97.70%, Urgent Win-Back Email
16017,High Value Customers,High Risk,46,5,1554,96.60%, Urgent Win-Back Email
14754,High Value Customers,High Risk,44,6,1550,96.60%, Urgent Win-Back Email
16366,High Value Customers,High Risk,18,4,1548,88.70%, Urgent Win-Back Email
18252,High Value Customers,High Risk,50,7,1542,96.00%, Urgent Win-Back Email
13310,High Value Customers,High Risk,27,5,1541,93.90%, Urgent Win-Back Email
13579,High Value Customers,High Risk,14,5,1539,75.00%, Urgent Win-Back Email
15587,High Value Customers,High Risk,49,7,1522,96.00%, Urgent Win-Back Email
16066,High Value Customers,High Risk,16,5,1522,84.70%, Urgent Win-Back Email
17025,High Value Customers,High Risk,60,5,1511,97.50%, Urgent Win-Back Email
13158,High Value Customers,High Risk,94,5,1508,97.60%, Urgent Win-Back Email
15110,High Value Customers,High Risk,23,6,1506,91.20%, Urgent Win-Back Email
16762,High Value Customers,High Risk,19,3,1501,89.60%, Urgent Win-Back Email
16239,High Value Customers,High Risk,56,6,1492,97.50%, Urgent Win-Back Email
14609,High Value Customers,High Risk,71,10,1486,95.70%, Urgent Win-Back Email
16121,High Value Customers,High Risk,56,5,1477,97.50%, Urgent Win-Back Email
14684,High Value Customers,High Risk,25,6,1469,93.90%, Urgent Win-Back Email
13138,High Value Customers,High Risk,21,7,1467,88.10%, Urgent Win-Back Email
13500,High Value Customers,High Risk,22,4,1466,93.00%, Urgent Win-Back Email
18196,High Value Customers,High Risk,94,4,1464,98.10%, Urgent Win-Back Email
14657,High Value Customers,High Risk,17,6,1461,85.80%, Urgent Win-Back Email
15071,High Value Customers,High Risk,93,4,1456,98.10%, Urgent Win-Back Email
14487,High Value Customers,High Risk,26,7,1454,93.70%, Urgent Win-Back Email
16906,High Value Customers,High Risk,81,7,1449,97.50%, Urgent Win-Back Email
17545,High Value Customers,High Risk,42,6,1449,96.10%, Urgent Win-Back Email
14591,High Value Customers,High Risk,14,4,1447,79.50%, Urgent Win-Back Email
17073,High Value Customers,High Risk,17,4,1446,88.70%, Urgent Win-Back Email
15636,High Value Customers,High Risk,89,4,1445,98.10%, Urgent Win-Back Email
17175,High Value Customers,High Risk,43,4,1444,97.00%, Urgent Win-Back Email
17734,High Value Customers,High Risk,53,6,1442,96.10%, Urgent Win-Back Email
18066,High Value Customers,High Risk,74,3,1440,98.10%, Urgent Win-Back Email
13278,High Value Customers,High Risk,40,4,1436,97.00%, Urgent Win-Back Email
13259,High Value Customers,High Risk,61,9,1433,95.50%, Urgent Win-Back Email
17950,High Value Customers,High Risk,71,7,1433,97.50%, Urgent Win-Back Email
17411,High Value Customers,High Risk,11,5,1425,74.10%, Urgent Win-Back Email
18221,High Value Customers,High Risk,21,6,1425,88.40%, Urgent Win-Back Email
15799,High Value Customers,High Risk,75,4,1424,98.10%, Urgent Win-Back Email
13145,High Value Customers,High Risk,39,7,1424,96.00%, Urgent Win-Back Email
15106,High Value Customers,High Risk,17,5,1423,85.80%, Urgent Win-Back Email
16463,High Value Customers,High Risk,20,4,1422,88.70%, Urgent Win-Back Email
15652,High Value Customers,High Risk,90,5,1420,97.60%, Urgent Win-Back Email
16173,High Value Customers,High Risk,15,6,1418,75.00%, Urgent Win-Back Email
14662,High Value Customers,High Risk,28,7,1416,93.70%, Urgent Win-Back Email
16245,High Value Customers,High Risk,23,3,1414,93.00%, Urgent Win-Back Email
17878,High Value Customers,High Risk,43,3,1412,97.00%, Urgent Win-Back Email
16848,High Value Customers,High Risk,52,4,1412,97.00%, Urgent Win-Back Email
13049,High Value Customers,High Risk,63,4,1408,98.00%, Urgent Win-Back Email
18189,High Value Customers,High Risk,77,3,1404,98.10%, Urgent Win-Back Email
15186,High Value Customers,High Risk,13,5,1403,74.10%, Urgent Win-Back Email
18167,High Value Customers,High Risk,22,3,1385,93.00%, Urgent Win-Back Email
14116,High Value Customers,High Risk,19,5,1383,85.80%, Urgent Win-Back Email
16389,High Value Customers,High Risk,52,4,1382,97.00%, Urgent Win-Back Email
14861,High Value Customers,High Risk,51,10,1381,93.20%, Urgent Win-Back Email
14853,High Value Customers,High Risk,23,5,1377,91.20%, Urgent Win-Back Email
16669,High Value Customers,High Risk,23,3,1375,93.00%, Urgent Win-Back Email
14577,High Value Customers,High Risk,12,7,1374,73.50%, Urgent Win-Back Email
14434,High Value Customers,High Risk,21,6,1373,88.40%, Urgent Win-Back Email
14538,High Value Customers,High Risk,64,5,1371,97.50%, Urgent Win-Back Email
13760,High Value Customers,High Risk,53,5,1364,96.10%, Urgent Win-Back Email
16367,High Value Customers,High Risk,36,3,1362,97.00%, Urgent Win-Back Email
17796,High Value Customers,High Risk,39,7,1362,96.00%, Urgent Win-Back Email
13919,High Value Customers,High Risk,58,4,1361,98.00%, Urgent Win-Back Email
16384,High Value Customers,High Risk,89,4,1359,98.10%, Urgent Win-Back Email
15411,High Value Customers,High Risk,25,4,1359,95.20%, Urgent Win-Back Email
13232,High Value Customers,High Risk,12,7,1358,73.50%, Urgent Win-Back Email
17054,High Value Customers,High Risk,27,5,1356,93.90%, Urgent Win-Back Email
14550,High Value Customers,High Risk,10,4,1353,74.70%, Urgent Win-Back Email
15116,High Value Customers,High Risk,17,4,1353,88.70%, Urgent Win-Back Email
16079,High Value Customers,High Risk,16,3,1352,88.70%, Urgent Win-Back Email
12463,High Value Customers,High Risk,52,4,1345,97.00%, Urgent Win-Back Email
13220,High Value Customers,High Risk,77,5,1336,97.60%, Urgent Win-Back Email
17033,High Value Customers,High Risk,85,4,1333,98.10%, Urgent Win-Back Email
17932,High Value Customers,High Risk,28,3,1332,95.20%, Urgent Win-Back Email
15774,High Value Customers,High Risk,68,6,1330,97.60%, Urgent Win-Back Email
16372,High Value Customers,High Risk,32,5,1329,96.10%, Urgent Win-Back Email
16295,High Value Customers,High Risk,9,4,1329,74.50%, Urgent Win-Back Email
14712,High Value Customers,High Risk,28,4,1328,95.20%, Urgent Win-Back Email
17027,High Value Customers,High Risk,78,9,1327,95.70%, Urgent Win-Back Email
16370,High Value Customers,High Risk,81,4,1321,98.10%, Urgent Win-Back Email
14725,High Value Customers,High Risk,24,4,1315,93.00%, Urgent Win-Back Email
16464,High Value Customers,High Risk,19,3,1315,89.60%, Urgent Win-Back Email
13282,High Value Customers,High Risk,17,4,1313,88.70%, Urgent Win-Back Email
12987,High Value Customers,High Risk,73,5,1312,97.60%, Urgent Win-Back Email
15038,High Value Customers,High Risk,58,9,1310,95.50%, Urgent Win-Back Email
13846,High Value Customers,High Risk,24,4,1308,93.00%, Urgent Win-Back Email
16777,High Value Customers,High Risk,79,5,1308,97.60%, Urgent Win-Back Email
14297,High Value Customers,High Risk,17,4,1305,88.70%, Urgent Win-Back Email
15579,High Value Customers,High Risk,68,5,1302,97.60%, Urgent Win-Back Email
15400,High Value Customers,High Risk,91,8,1302,97.50%, Urgent Win-Back Email
16574,High Value Customers,High Risk,70,3,1302,98.10%, Urgent Win-Back Email
16723,High Value Customers,High Risk,90,4,1302,98.10%, Urgent Win-Back Email
14480,High Value Customers,High Risk,10,4,1300,74.70%, Urgent Win-Back Email
14167,High Value Customers,High Risk,38,8,1296,96.00%, Urgent Win-Back Email
17109,High Value Customers,High Risk,28,8,1295,93.70%, Urgent Win-Back Email
16212,High Value Customers,High Risk,18,4,1294,88.70%, Urgent Win-Back Email
17034,High Value Customers,High Risk,15,5,1284,75.00%, Urgent Win-Back Email
13617,High Value Customers,High Risk,39,8,1279,96.00%, Urgent Win-Back Email
17521,High Value Customers,High Risk,29,5,1278,93.90%, Urgent Win-Back Email
15584,High Value Customers,High Risk,23,6,1278,91.20%, Urgent Win-Back Email
17759,High Value Customers,High Risk,16,5,1277,84.70%, Urgent Win-Back Email
18035,High Value Customers,High Risk,35,5,1277,96.10%, Urgent Win-Back Email
14820,High Value Customers,High Risk,20,9,1275,79.30%, Urgent Win-Back Email
15809,High Value Customers,High Risk,35,7,1274,96.00%, Urgent Win-Back Email
14984,High Value Customers,High Risk,18,6,1271,85.80%, Urgent Win-Back Email
14379,High Value Customers,High Risk,43,4,1269,97.00%, Urgent Win-Back Email
13892,High Value Customers,High Risk,26,6,1268,93.90%, Urgent Win-Back Email
13515,High Value Customers,High Risk,72,6,1266,97.60%, Urgent Win-Back Email
14427,High Value Customers,High Risk,49,4,1264,97.00%, Urgent Win-Back Email
12993,High Value Customers,High Risk,22,8,1260,90.90%, Urgent Win-Back Email
15651,High Value Customers,High Risk,36,5,1259,96.10%, Urgent Win-Back Email
15664,High Value Customers,High Risk,50,4,1254,97.00%, Urgent Win-Back Email
18135,High Value Customers,High Risk,28,10,1250,88.00%, Urgent Win-Back Email
14020,High Value Customers,High Risk,16,4,1249,87.70%, Urgent Win-Back Email
17076,High Value Customers,High Risk,35,6,1243,96.10%, Urgent Win-Back Email
17201,High Value Customers,High Risk,53,4,1242,97.00%, Urgent Win-Back Email
17397,High Value Customers,High Risk,21,3,1233,91.50%, Urgent Win-Back Email
17360,High Value Customers,High Risk,16,6,1231,84.70%, Urgent Win-Back Email
13787,High Value Customers,High Risk,75,6,1222,97.60%, Urgent Win-Back Email
17410,High Value Customers,High Risk,15,5,1215,75.00%, Urgent Win-Back Email
17198,High Value Customers,High Risk,23,3,1214,93.00%, Urgent Win-Back Email
13405,High Value Customers,High Risk,73,6,1214,97.60%, Urgent Win-Back Email
18263,High Value Customers,High Risk,25,3,1213,95.20%, Urgent Win-Back Email
16872,High Value Customers,High Risk,76,6,1213,97.60%, Urgent Win-Back Email
17653,High Value Customers,High Risk,36,4,1208,97.00%, Urgent Win-Back Email
16830,High Value Customers,High Risk,38,4,1208,97.00%, Urgent Win-Back Email
15573,High Value Customers,High Risk,31,5,1207,96.10%, Urgent Win-Back Email
18181,High Value Customers,High Risk,23,5,1206,91.20%, Urgent Win-Back Email
15737,High Value Customers,High Risk,14,8,1205,74.40%, Urgent Win-Back Email
15994,High Value Customers,High Risk,54,3,1202,98.00%, Urgent Win-Back Email
15181,High Value Customers,High Risk,65,5,1200,97.50%, Urgent Win-Back Email
16693,High Value Customers,High Risk,68,5,1199,97.60%, Urgent Win-Back Email
17800,High Value Customers,High Risk,36,9,1199,93.20%, Urgent Win-Back Email
14201,High Value Customers,High Risk,59,10,1194,95.50%, Urgent Win-Back Email
15022,High Value Customers,High Risk,11,5,1186,74.10%, Urgent Win-Back Email
13601,High Value Customers,High Risk,44,4,1185,97.00%, Urgent Win-Back Email
18277,High Value Customers,High Risk,57,5,1180,97.50%, Urgent Win-Back Email
17058,High Value Customers,High Risk,81,3,1180,98.10%, Urgent Win-Back Email
15068,High Value Customers,High Risk,45,4,1177,97.00%, Urgent Win-Back Email
13233,High Value Customers,High Risk,73,4,1176,98.10%, Urgent Win-Back Email
14818,High Value Customers,High Risk,73,6,1170,97.60%, Urgent Win-Back Email
12691,High Value Customers,High Risk,27,7,1170,93.70%, Urgent Win-Back Email
17373,High Value Customers,High Risk,39,7,1168,96.00%, Urgent Win-Back Email
17664,High Value Customers,High Risk,18,4,1166,88.70%, Urgent Win-Back Email
17812,High Value Customers,High Risk,12,7,1166,73.50%, Urgent Win-Back Email
13499,High Value Customers,High Risk,17,5,1159,85.80%, Urgent Win-Back Email
17513,High Value Customers,High Risk,71,3,1159,98.10%, Urgent Win-Back Email
16184,High Value Customers,High Risk,63,6,1159,97.50%, Urgent Win-Back Email
17169,High Value Customers,High Risk,57,3,1157,98.00%, Urgent Win-Back Email
16637,High Value Customers,High Risk,31,4,1154,97.00%, Urgent Win-Back Email
14475,High Value Customers,High Risk,71,4,1151,98.10%, Urgent Win-Back Email
14585,High Value Customers,High Risk,49,5,1143,96.10%, Urgent Win-Back Email
18125,High Value Customers,High Risk,29,4,1143,95.20%, Urgent Win-Back Email
17500,High Value Customers,High Risk,16,3,1138,88.70%, Urgent Win-Back Email
17302,High Value Customers,High Risk,14,5,1136,75.00%, Urgent Win-Back Email
16014,High Value Customers,High Risk,37,5,1130,96.10%, Urgent Win-Back Email
16354,High Value Customers,High Risk,62,5,1130,97.50%, Urgent Win-Back Email
13167,High Value Customers,High Risk,18,5,1125,85.80%, Urgent Win-Back Email
16916,High Value Customers,High Risk,23,4,1123,93.00%, Urgent Win-Back Email
17562,High Value Customers,High Risk,13,7,1122,73.50%, Urgent Win-Back Email
16895,High Value Customers,High Risk,64,5,1121,97.50%, Urgent Win-Back Email
13589,High Value Customers,High Risk,14,6,1121,75.00%, Urgent Win-Back Email
17007,High Value Customers,High Risk,50,7,1120,96.00%, Urgent Win-Back Email
17423,High Value Customers,High Risk,45,3,1119,97.00%, Urgent Win-Back Email
16430,High Value Customers,High Risk,56,7,1118,97.40%, Urgent Win-Back Email
14966,High Value Customers,High Risk,14,6,1116,75.00%, Urgent Win-Back Email
14080,High Value Customers,High Risk,32,5,1116,96.10%, Urgent Win-Back Email
16203,High Value Customers,High Risk,58,6,1115,97.50%, Urgent Win-Back Email
12679,High Value Customers,High Risk,58,4,1113,98.00%, Urgent Win-Back Email
16139,High Value Customers,High Risk,18,5,1111,85.80%, Urgent Win-Back Email
15933,High Value Customers,High Risk,20,3,1107,89.60%, Urgent Win-Back Email
14805,High Value Customers,High Risk,14,7,1105,74.40%, Urgent Win-Back Email
16386,High Value Customers,High Risk,28,3,1103,95.20%, Urgent Win-Back Email
14948,High Value Customers,High Risk,22,6,1102,91.20%, Urgent Win-Back Email
16418,High Value Customers,High Risk,44,5,1102,96.10%, Urgent Win-Back Email
16533,High Value Customers,High Risk,18,3,1096,90.50%, Urgent Win-Back Email
13835,High Value Customers,High Risk,24,7,1095,91.80%, Urgent Win-Back Email
17703,High Value Customers,High Risk,34,4,1095,97.30%, Urgent Win-Back Email
15745,High Value Customers,High Risk,18,4,1095,89.70%, Urgent Win-Back Email
13546,High Value Customers,High Risk,11,5,1092,76.10%, Urgent Win-Back Email
16211,High Value Customers,High Risk,88,3,1091,98.30%, Urgent Win-Back Email
16188,High Value Customers,High Risk,44,5,1088,96.50%, Urgent Win-Back Email
14139,High Value Customers,High Risk,45,4,1087,97.30%, Urgent Win-Back Email
16298,High Value Customers,High Risk,22,7,1086,91.80%, Urgent Win-Back Email
17420,High Value Customers,High Risk,49,6,1084,96.50%, Urgent Win-Back Email
13727,High Value Customers,High Risk,28,8,1080,94.30%, Urgent Win-Back Email
16183,High Value Customers,High Risk,66,4,1078,98.20%, Urgent Win-Back Email
16071,High Value Customers,High Risk,44,4,1077,97.30%, Urgent Win-Back Email
13959,High Value Customers,High Risk,78,6,1076,97.80%, Urgent Win-Back Email
16884,High Value Customers,High Risk,37,4,1074,97.30%, Urgent Win-Back Email
16593,High Value Customers,High Risk,50,8,1071,96.40%, Urgent Win-Back Email
14484,High Value Customers,High Risk,49,4,1071,97.30%, Urgent Win-Back Email
12728,High Value Customers,High Risk,70,5,1070,97.80%, Urgent Win-Back Email
17214,High Value Customers,High Risk,59,6,1069,97.70%, Urgent Win-Back Email
15801,High Value Customers,High Risk,45,3,1064,97.30%, Urgent Win-Back Email
12936,High Value Customers,High Risk,16,4,1064,88.80%, Urgent Win-Back Email
16903,High Value Customers,High Risk,28,3,1062,95.70%, Urgent Win-Back Email
15026,High Value Customers,High Risk,79,5,1062,97.80%, Urgent Win-Back Email
15706,High Value Customers,High Risk,63,4,1061,98.20%, Urgent Win-Back Email
16261,High Value Customers,High Risk,16,6,1059,86.00%, Urgent Win-Back Email
18130,High Value Customers,High Risk,14,3,1059,82.50%, Urgent Win-Back Email
15850,High Value Customers,High Risk,18,6,1059,87.00%, Urgent Win-Back Email
17555,High Value Customers,High Risk,19,5,1058,87.00%, Urgent Win-Back Email
15407,High Value Customers,High Risk,33,4,1056,97.30%, Urgent Win-Back Email
16728,High Value Customers,High Risk,45,4,1055,97.30%, Urgent Win-Back Email
15886,High Value Customers,High Risk,59,4,1053,98.20%, Urgent Win-Back Email
14947,High Value Customers,High Risk,71,6,1050,97.80%, Urgent Win-Back Email
17934,High Value Customers,High Risk,51,3,1049,97.30%, Urgent Win-Back Email
15839,High Value Customers,High Risk,32,3,1048,97.30%, Urgent Win-Back Email
14108,High Value Customers,High Risk,30,4,1045,95.70%, Urgent Win-Back Email
16441,High Value Customers,High Risk,66,5,1034,97.20%, Urgent Win-Back Email
17724,High Value Customers,High Risk,70,3,1033,97.70%, Urgent Win-Back Email
16385,High Value Customers,High Risk,59,5,1031,97.20%, Urgent Win-Back Email
16284,High Value Customers,High Risk,30,3,1030,93.90%, Urgent Win-Back Email
13602,High Value Customers,High Risk,64,4,1025,97.60%, Urgent Win-Back Email
16898,High Value Customers,High Risk,25,5,1016,92.50%, Urgent Win-Back Email
14953,High Value Customers,High Risk,24,4,1014,90.20%, Urgent Win-Back Email
16451,High Value Customers,High Risk,87,3,1013,97.40%, Urgent Win-Back Email
12703,High Value Customers,High Risk,70,4,1007,97.60%, Urgent Win-Back Email
13549,High Value Customers,High Risk,25,8,1006,91.60%, Urgent Win-Back Email
14214,High Value Customers,High Risk,30,5,1004,91.00%, Urgent Win-Back Email
18160,High Value Customers,High Risk,56,3,1004,97.20%, Urgent Win-Back Email
14157,High Value Customers,High Risk,19,5,1003,76.10%, Urgent Win-Back Email
16122,High Value Customers,High Risk,72,6,1001,97.10%, Urgent Win-Back Email
12413,High Value Customers,High Risk,66,4,999,97.20%, Urgent Win-Back Email
17205,High Value Customers,High Risk,53,3,999,95.50%, Urgent Win-Back Email
16863,High Value Customers,High Risk,30,3,999,91.80%, Urgent Win-Back Email
18006,High Value Customers,High Risk,22,4,998,85.80%, Urgent Win-Back Email
12722,High Value Customers,High Risk,84,4,998,97.60%, Urgent Win-Back Email
13292,High Value Customers,High Risk,38,5,995,95.50%, Urgent Win-Back Email
16009,High Value Customers,High Risk,21,4,993,83.10%, Urgent Win-Back Email
15132,High Value Customers,High Risk,17,5,978,77.90%, Urgent Win-Back Email
15406,High Value Customers,High Risk,30,4,976,92.50%, Urgent Win-Back Email
17081,High Value Customers,High Risk,24,6,964,85.80%, Urgent Win-Back Email
16518,High Value Customers,High Risk,60,4,959,97.50%, Urgent Win-Back Email
12588,High Value Customers,High Risk,38,4,959,95.90%, Urgent Win-Back Email
17080,High Value Customers,High Risk,21,7,958,79.80%, Urgent Win-Back Email
17172,High Value Customers,High Risk,78,3,957,97.60%, Urgent Win-Back Email
12990,High Value Customers,High Risk,30,7,956,90.80%, Urgent Win-Back Email
15835,High Value Customers,High Risk,43,4,954,95.90%, Urgent Win-Back Email
13636,High Value Customers,High Risk,36,5,949,95.50%, Urgent Win-Back Email
15787,High Value Customers,High Risk,25,3,948,92.50%, Urgent Win-Back Email
16362,High Value Customers,High Risk,31,6,947,95.50%, Urgent Win-Back Email
16136,High Value Customers,High Risk,59,4,947,97.50%, Urgent Win-Back Email
16861,High Value Customers,High Risk,59,5,947,97.20%, Urgent Win-Back Email
15707,High Value Customers,High Risk,34,4,946,95.90%, Urgent Win-Back Email
18217,High Value Customers,High Risk,28,4,945,92.50%, Urgent Win-Back Email
16204,High Value Customers,High Risk,22,3,944,86.90%, Urgent Win-Back Email
17527,High Value Customers,High Risk,53,4,939,95.90%, Urgent Win-Back Email
15957,High Value Customers,High Risk,31,3,930,95.90%, Urgent Win-Back Email
14272,High Value Customers,High Risk,73,4,921,97.60%, Urgent Win-Back Email
15304,High Value Customers,High Risk,60,9,920,94.60%, Urgent Win-Back Email
17760,High Value Customers,High Risk,21,6,919,81.60%, Urgent Win-Back Email
14342,High Value Customers,High Risk,20,6,918,77.90%, Urgent Win-Back Email
13573,High Value Customers,High Risk,49,6,916,95.60%, Urgent Win-Back Email
16411,High Value Customers,High Risk,18,4,910,80.00%, Urgent Win-Back Email
14714,High Value Customers,High Risk,23,4,906,87.30%, Urgent Win-Back Email
12808,High Value Customers,High Risk,36,5,906,95.60%, Urgent Win-Back Email
17382,High Value Customers,High Risk,64,8,902,97.00%, Urgent Win-Back Email
15900,High Value Customers,High Risk,23,4,900,87.30%, Urgent Win-Back Email
16784,High Value Customers,High Risk,19,5,897,78.30%, Urgent Win-Back Email
13569,High Value Customers,High Risk,16,4,894,78.60%, Urgent Win-Back Email
17155,High Value Customers,High Risk,17,7,892,76.30%, Urgent Win-Back Email
16900,High Value Customers,High Risk,16,3,887,80.10%, Urgent Win-Back Email
17361,High Value Customers,High Risk,48,5,881,95.60%, Urgent Win-Back Email
14551,High Value Customers,High Risk,17,7,880,76.30%, Urgent Win-Back Email
18043,High Value Customers,High Risk,24,3,876,87.30%, Urgent Win-Back Email
14681,High Value Customers,High Risk,70,6,875,97.40%, Urgent Win-Back Email
14508,High Value Customers,High Risk,21,5,875,82.00%, Urgent Win-Back Email
13200,High Value Customers,High Risk,18,4,870,80.00%, Urgent Win-Back Email
16357,High Value Customers,High Risk,32,4,868,96.00%, Urgent Win-Back Email
15870,High Value Customers,High Risk,32,4,863,96.00%, Urgent Win-Back Email
17064,High Value Customers,High Risk,58,3,859,97.50%, Urgent Win-Back Email
15287,High Value Customers,High Risk,21,5,856,82.00%, Urgent Win-Back Email
16020,High Value Customers,High Risk,16,3,851,80.10%, Urgent Win-Back Email
13487,High Value Customers,High Risk,57,5,847,97.30%, Urgent Win-Back Email
16924,High Value Customers,High Risk,20,3,847,81.40%, Urgent Win-Back Email
16846,High Value Customers,High Risk,49,3,842,96.00%, Urgent Win-Back Email
13940,High Value Customers,High Risk,16,4,839,78.60%, Urgent Win-Back Email
15766,High Value Customers,High Risk,63,3,831,97.50%, Urgent Win-Back Email
13544,High Value Customers,High Risk,39,6,829,95.60%, Urgent Win-Back Email
16469,High Value Customers,High Risk,23,5,829,86.10%, Urgent Win-Back Email
13681,High Value Customers,High Risk,17,4,828,80.00%, Urgent Win-Back Email
16869,High Value Customers,High Risk,22,4,825,87.30%, Urgent Win-Back Email
15847,High Value Customers,High Risk,37,5,823,95.60%, Urgent Win-Back Email
16164,High Value Customers,High Risk,16,3,822,80.10%, Urgent Win-Back Email
16680,High Value Customers,High Risk,42,3,821,96.00%, Urgent Win-Back Email
13514,High Value Customers,High Risk,73,4,816,97.70%, Urgent Win-Back Email
16460,High Value Customers,High Risk,27,3,815,92.70%, Urgent Win-Back Email
14624,High Value Customers,High Risk,56,6,814,97.30%, Urgent Win-Back Email
16621,High Value Customers,High Risk,51,4,813,96.00%, Urgent Win-Back Email
15952,High Value Customers,High Risk,33,4,807,96.00%, Urgent Win-Back Email
15831,High Value Customers,High Risk,57,3,802,97.50%, Urgent Win-Back Email
13980,High Value Customers,High Risk,59,5,800,97.30%, Urgent Win-Back Email
17255,High Value Customers,High Risk,40,4,799,96.00%, Urgent Win-Back Email
15637,High Value Customers,High Risk,52,5,798,95.80%, Urgent Win-Back Email
16720,High Value Customers,High Risk,25,3,795,92.90%, Urgent Win-Back Email
14690,High Value Customers,High Risk,43,4,794,96.20%, Urgent Win-Back Email
18034,High Value Customers,High Risk,21,3,794,85.10%, Urgent Win-Back Email
14976,High Value Customers,High Risk,56,7,791,97.10%, Urgent Win-Back Email
13598,High Value Customers,High Risk,46,5,790,95.80%, Urgent Win-Back Email
16468,High Value Customers,High Risk,73,3,788,97.70%, Urgent Win-Back Email
15806,High Value Customers,High Risk,45,3,785,96.20%, Urgent Win-Back Email
16836,High Value Customers,High Risk,39,4,782,96.20%, Urgent Win-Back Email
15679,High Value Customers,High Risk,23,4,781,87.60%, Urgent Win-Back Email
12504,High Value Customers,High Risk,17,4,779,77.30%, Urgent Win-Back Email
15618,High Value Customers,High Risk,32,4,777,95.60%, Urgent Win-Back Email
14997,High Value Customers,High Risk,45,4,777,95.60%, Urgent Win-Back Email
14234,High Value Customers,High Risk,21,4,775,81.10%, Urgent Win-Back Email
15988,High Value Customers,High Risk,18,3,770,78.90%, Urgent Win-Back Email
16978,High Value Customers,High Risk,77,3,769,97.40%, Urgent Win-Back Email
14883,High Value Customers,High Risk,18,6,762,75.50%, Urgent Win-Back Email
18246,High Value Customers,High Risk,23,3,759,85.40%, Urgent Win-Back Email
17979,High Value Customers,High Risk,35,4,758,95.60%, Urgent Win-Back Email
17461,High Value Customers,High Risk,22,3,757,85.40%, Urgent Win-Back Email
15656,High Value Customers,High Risk,44,4,748,95.60%, Urgent Win-Back Email
16730,High Value Customers,High Risk,51,3,743,95.60%, Urgent Win-Back Email
15462,High Value Customers,High Risk,93,4,737,97.40%, Urgent Win-Back Email
12527,High Value Customers,High Risk,81,5,736,97.10%, Urgent Win-Back Email
17430,High Value Customers,High Risk,32,4,735,95.60%, Urgent Win-Back Email
13575,High Value Customers,High Risk,22,5,732,84.10%, Urgent Win-Back Email
17999,High Value Customers,High Risk,36,3,731,95.60%, Urgent Win-Back Email
14798,High Value Customers,High Risk,52,8,724,94.50%, Urgent Win-Back Email
17572,High Value Customers,High Risk,70,10,723,94.40%, Urgent Win-Back Email
17561,High Value Customers,High Risk,18,4,722,77.30%, Urgent Win-Back Email
16023,High Value Customers,High Risk,45,3,720,95.60%, Urgent Win-Back Email
16415,High Value Customers,High Risk,43,3,719,95.60%, Urgent Win-Back Email
16882,High Value Customers,High Risk,66,3,705,97.20%, Urgent Win-Back Email
12883,High Value Customers,High Risk,24,4,703,85.40%, Urgent Win-Back Email
17163,High Value Customers,High Risk,21,4,700,81.10%, Urgent Win-Back Email
16018,High Value Customers,High Risk,38,4,698,95.60%, Urgent Win-Back Email
14959,High Value Customers,High Risk,63,4,695,97.20%, Urgent Win-Back Email
15184,High Value Customers,High Risk,28,4,690,91.50%, Urgent Win-Back Email
18017,High Value Customers,High Risk,80,4,688,97.40%, Urgent Win-Back Email
18123,High Value Customers,High Risk,23,3,685,85.40%, Urgent Win-Back Email
15669,High Value Customers,High Risk,39,4,684,95.60%, Urgent Win-Back Email
16601,High Value Customers,High Risk,40,3,684,95.60%, Urgent Win-Back Email
13524,High Value Customers,High Risk,40,5,680,95.10%, Urgent Win-Back Email
13925,High Value Customers,High Risk,92,4,678,97.40%, Urgent Win-Back Email
14504,High Value Customers,High Risk,46,4,673,95.60%, Urgent Win-Back Email
16648,High Value Customers,High Risk,42,3,673,95.60%, Urgent Win-Back Email
17011,High Value Customers,High Risk,29,3,672,91.50%, Urgent Win-Back Email
17418,High Value Customers,High Risk,41,3,670,95.60%, Urgent Win-Back Email
17777,High Value Customers,High Risk,24,3,666,85.40%, Urgent Win-Back Email
17371,High Value Customers,High Risk,16,6,663,71.10%, Urgent Win-Back Email
16887,High Value Customers,High Risk,34,3,661,95.60%, Urgent Win-Back Email
17779,High Value Customers,High Risk,20,3,659,78.90%, Urgent Win-Back Email
16734,High Value Customers,High Risk,51,3,651,95.60%, Urgent Win-Back Email
16969,High Value Customers,High Risk,38,3,650,95.60%, Urgent Win-Back Email
15276,High Value Customers,High Risk,65,4,650,97.20%, Urgent Win-Back Email
12844,High Value Customers,High Risk,28,4,649,91.50%, Urgent Win-Back Email
16412,High Value Customers,High Risk,53,5,647,95.10%, Urgent Win-Back Email
16185,High Value Customers,High Risk,16,3,645,74.90%, Urgent Win-Back Email
16399,High Value Customers,High Risk,18,3,642,78.90%, Urgent Win-Back Email
16330,High Value Customers,High Risk,17,7,634,73.30%, Urgent Win-Back Email
16750,High Value Customers,High Risk,44,5,624,93.40%, Urgent Win-Back Email
14077,High Value Customers,High Risk,40,6,615,93.40%, Urgent Win-Back Email
16589,High Value Customers,High Risk,70,4,612,97.30%, Urgent Win-Back Email
16321,High Value Customers,High Risk,71,7,605,96.20%, Urgent Win-Back Email
16445,High Value Customers,High Risk,33,4,603,93.30%, Urgent Win-Back Email
16080,High Value Customers,High Risk,81,4,603,97.00%, Urgent Win-Back Email
18211,High Value Customers,High Risk,25,5,600,85.20%, Urgent Win-Back Email
18232,High Value Customers,High Risk,81,4,593,97.00%, Urgent Win-Back Email
17483,High Value Customers,High Risk,64,4,592,96.80%, Urgent Win-Back Email
15198,High Value Customers,High Risk,91,5,571,96.60%, Urgent Win-Back Email
18053,High Value Customers,High Risk,70,3,571,97.20%, Urgent Win-Back Email
18150,High Value Customers,High Risk,31,3,567,93.00%, Urgent Win-Back Email
17233,High Value Customers,High Risk,34,3,561,93.80%, Urgent Win-Back Email
14273,High Value Customers,High Risk,50,4,560,93.30%, Urgent Win-Back Email
17295,High Value Customers,High Risk,28,3,557,85.10%, Urgent Win-Back Email
16519,High Value Customers,High Risk,24,4,556,74.00%, Urgent Win-Back Email
16475,High Value Customers,High Risk,87,4,544,96.30%, Urgent Win-Back Email
15675,High Value Customers,High Risk,80,4,542,96.30%, Urgent Win-Back Email
16804,High Value Customers,High Risk,22,3,537,75.50%, Urgent Win-Back Email
15756,High Value Customers,High Risk,60,4,533,96.20%, Urgent Win-Back Email
16706,High Value Customers,High Risk,36,3,531,92.60%, Urgent Win-Back Email
13865,High Value Customers,High Risk,57,4,502,96.20%, Urgent Win-Back Email
16488,High Value Customers,High Risk,32,3,499,92.60%, Urgent Win-Back Email
17608,High Value Customers,High Risk,32,4,499,92.00%, Urgent Win-Back Email
17680,High Value Customers,High Risk,23,3,497,75.50%, Urgent Win-Back Email
15958,High Value Customers,High Risk,73,4,493,96.30%, Urgent Win-Back Email
15048,High Value Customers,High Risk,64,4,483,96.40%, Urgent Win-Back Email
14819,High Value Customers,High Risk,63,4,470,96.40%, Urgent Win-Back Email
17181,High Value Customers,High Risk,56,3,465,96.70%, Urgent Win-Back Email
17564,High Value Customers,High Risk,23,3,454,78.50%, Urgent Win-Back Email
17376,High Value Customers,High Risk,70,4,454,97.20%, Urgent Win-Back Email
16921,High Value Customers,High Risk,60,3,447,94.30%, Urgent Win-Back Email
17370,High Value Customers,High Risk,72,4,446,94.10%, Urgent Win-Back Email
18270,High Value Customers,High Risk,37,3,445,87.20%, Urgent Win-Back Email
16932,High Value Customers,High Risk,52,3,441,87.20%, Urgent Win-Back Email
15488,High Value Customers,High Risk,92,5,432,71.40%, Urgent Win-Back Email
15888,High Value Customers,High Risk,80,3,429,95.10%, Urgent Win-Back Email
15504,High Value Customers,High Risk,80,4,424,94.70%, Urgent Win-Back Email
16773,High Value Customers,High Risk,56,3,421,94.90%, Urgent Win-Back Email
17785,High Value Customers,High Risk,52,3,403,88.50%, Urgent Win-Back Email
17771,High Value Customers,High Risk,56,4,387,94.50%, Urgent Win-Back Email
17573,High Value Customers,High Risk,28,3,381,74.20%, Urgent Win-Back Email
16930,High Value Customers,High Risk,25,3,381,74.20%, Urgent Win-Back Email
17783,High Value Customers,High Risk,71,3,380,94.10%, Urgent Win-Back Email
13283,High Value Customers,High Risk,59,4,373,93.30%, Urgent Win-Back Email
18155,High Value Customers,High Risk,74,3,372,94.10%, Urgent Win-Back Email
17339,High Value Customers,High Risk,93,3,362,94.10%, Urgent Win-Back Email
15863,High Value Customers,High Risk,25,5,359,70.60%, Urgent Win-Back Email
16690,High Value Customers,High Risk,71,4,353,93.60%, Urgent Win-Back Email
18081,High Value Customers,High Risk,35,3,343,86.30%, Urgent Win-Back Email
17917,High Value Customers,High Risk,44,3,341,86.30%, Urgent Win-Back Email
17928,High Value Customers,High Risk,44,3,341,86.30%, Urgent Win-Back Email
17647,High Value Customers,High Risk,64,3,332,93.80%, Urgent Win-Back Email
17309,High Value Customers,High Risk,94,3,331,94.10%, Urgent Win-Back Email
16342,High Value Customers,High Risk,74,4,322,93.60%, Urgent Win-Back Email
17898,High Value Customers,High Risk,84,4,299,93.60%, Urgent Win-Back Email
17901,High Value Customers,High Risk,28,3,260,74.20%, Urgent Win-Back Email
13592,High Value Customers,High Risk,35,4,248,85.30%, Urgent Win-Back Email
17892,High Value Customers,High Risk,55,3,244,93.80%, Urgent Win-Back Email
16462,High Value Customers,High Risk,73,3,136,93.70%, Urgent Win-Back Email
13666,High Value Customers,High Risk,59,5,128,92.30%, Urgent Win-Back Email
17816,High Value Customers,High Risk,36,6,112,84.00%, Urgent Win-Back Email
17024,High Value Customers,High Risk,44,3,96,78.40%, Urgent Win-Back Email
12346,At-Risk Loyal Customers,High Risk,325,12,77556,99.00%,Personalised Recommendation
16754,At-Risk Loyal Customers,High Risk,371,29,67502,99.70%,Personalised Recommendation
17850,At-Risk Loyal Customers,High Risk,371,155,56600,99.80%,Personalised Recommendation
13093,At-Risk Loyal Customers,High Risk,275,55,54944,99.70%,Personalised Recommendation
15749,At-Risk Loyal Customers,High Risk,234,3,44534,98.40%,Personalised Recommendation
13902,At-Risk Loyal Customers,High Risk,631,5,34095,98.30%,Personalised Recommendation
13802,At-Risk Loyal Customers,High Risk,138,19,26259,99.10%,Personalised Recommendation
12482,At-Risk Loyal Customers,High Risk,575,29,23691,99.80%,Personalised Recommendation
14063,At-Risk Loyal Customers,High Risk,437,9,22710,99.50%,Personalised Recommendation
15808,At-Risk Loyal Customers,High Risk,305,21,18410,99.60%,Personalised Recommendation
13027,At-Risk Loyal Customers,High Risk,113,19,17335,99.20%,Personalised Recommendation
13564,At-Risk Loyal Customers,High Risk,143,37,17250,99.50%,Personalised Recommendation
16553,At-Risk Loyal Customers,High Risk,162,33,16644,99.40%,Personalised Recommendation
16180,At-Risk Loyal Customers,High Risk,99,13,16250,99.20%,Personalised Recommendation
12980,At-Risk Loyal Customers,High Risk,157,21,16246,99.30%,Personalised Recommendation
15768,At-Risk Loyal Customers,High Risk,115,34,15601,99.40%,Personalised Recommendation
18087,At-Risk Loyal Customers,High Risk,97,17,14762,99.20%,Personalised Recommendation
17448,At-Risk Loyal Customers,High Risk,496,46,14557,99.70%,Personalised Recommendation
15032,At-Risk Loyal Customers,High Risk,255,8,13781,99.30%,Personalised Recommendation
13952,At-Risk Loyal Customers,High Risk,217,14,12824,99.50%,Personalised Recommendation
14016,At-Risk Loyal Customers,High Risk,161,11,11403,99.20%,Personalised Recommendation
14045,At-Risk Loyal Customers,High Risk,108,16,11313,99.30%,Personalised Recommendation
14134,At-Risk Loyal Customers,High Risk,382,15,11123,99.60%,Personalised Recommendation
18260,At-Risk Loyal Customers,High Risk,172,23,9962,99.20%,Personalised Recommendation
17230,At-Risk Loyal Customers,High Risk,263,18,9925,99.60%,Personalised Recommendation
12758,At-Risk Loyal Customers,High Risk,116,7,9903,98.10%,Personalised Recommendation
14828,At-Risk Loyal Customers,High Risk,196,13,9839,99.50%,Personalised Recommendation
17504,At-Risk Loyal Customers,High Risk,205,18,9565,99.50%,Personalised Recommendation
14439,At-Risk Loyal Customers,High Risk,319,5,9443,99.10%,Personalised Recommendation
16550,At-Risk Loyal Customers,High Risk,108,18,9435,99.20%,Personalised Recommendation
13162,At-Risk Loyal Customers,High Risk,121,16,9275,99.20%,Personalised Recommendation
15260,At-Risk Loyal Customers,High Risk,99,25,9188,99.30%,Personalised Recommendation
12755,At-Risk Loyal Customers,High Risk,280,11,9031,99.50%,Personalised Recommendation
13715,At-Risk Loyal Customers,High Risk,280,17,8483,99.60%,Personalised Recommendation
14160,At-Risk Loyal Customers,High Risk,609,7,8421,99.10%,Personalised Recommendation
13206,At-Risk Loyal Customers,High Risk,399,13,8377,99.60%,Personalised Recommendation
12643,At-Risk Loyal Customers,High Risk,127,12,8350,98.90%,Personalised Recommendation
13869,At-Risk Loyal Customers,High Risk,122,10,8112,98.80%,Personalised Recommendation
17085,At-Risk Loyal Customers,High Risk,122,28,7891,99.30%,Personalised Recommendation
15581,At-Risk Loyal Customers,High Risk,120,38,7795,99.30%,Personalised Recommendation
17409,At-Risk Loyal Customers,High Risk,184,10,7794,99.30%,Personalised Recommendation
13082,At-Risk Loyal Customers,High Risk,125,21,7336,99.20%,Personalised Recommendation
18231,At-Risk Loyal Customers,High Risk,191,28,6881,99.60%,Personalised Recommendation
16456,At-Risk Loyal Customers,High Risk,98,13,6863,99.20%,Personalised Recommendation
15413,At-Risk Loyal Customers,High Risk,691,5,6799,99.30%,Personalised Recommendation
14461,At-Risk Loyal Customers,High Risk,147,13,6714,99.20%,Personalised Recommendation
13734,At-Risk Loyal Customers,High Risk,508,4,6702,99.20%,Personalised Recommendation
15332,At-Risk Loyal Customers,High Risk,365,6,6554,99.20%,Personalised Recommendation
14855,At-Risk Loyal Customers,High Risk,118,7,6520,98.30%,Personalised Recommendation
14154,At-Risk Loyal Customers,High Risk,238,8,6461,99.30%,Personalised Recommendation
15480,At-Risk Loyal Customers,High Risk,115,5,6279,98.30%,Personalised Recommendation
13615,At-Risk Loyal Customers,High Risk,318,8,6273,99.30%,Personalised Recommendation
15369,At-Risk Loyal Customers,High Risk,491,11,6251,99.50%,Personalised Recommendation
18178,At-Risk Loyal Customers,High Risk,128,11,6104,98.90%,Personalised Recommendation
12835,At-Risk Loyal Customers,High Risk,427,41,6043,99.70%,Personalised Recommendation
15372,At-Risk Loyal Customers,High Risk,136,8,6017,98.50%,Personalised Recommendation
14105,At-Risk Loyal Customers,High Risk,238,5,5989,99.20%,Personalised Recommendation
17457,At-Risk Loyal Customers,High Risk,126,14,5985,99.20%,Personalised Recommendation
14918,At-Risk Loyal Customers,High Risk,115,9,5956,98.80%,Personalised Recommendation
14210,At-Risk Loyal Customers,High Risk,105,16,5862,99.20%,Personalised Recommendation
17146,At-Risk Loyal Customers,High Risk,105,13,5860,99.20%,Personalised Recommendation
13722,At-Risk Loyal Customers,High Risk,131,10,5635,98.80%,Personalised Recommendation
16320,At-Risk Loyal Customers,High Risk,171,6,5629,98.50%,Personalised Recommendation
14249,At-Risk Loyal Customers,High Risk,410,12,5625,99.50%,Personalised Recommendation
16546,At-Risk Loyal Customers,High Risk,290,5,5606,99.20%,Personalised Recommendation
13593,At-Risk Loyal Customers,High Risk,107,14,5524,99.20%,Personalised Recommendation
17204,At-Risk Loyal Customers,High Risk,174,9,5505,98.90%,Personalised Recommendation
14081,At-Risk Loyal Customers,High Risk,301,10,5370,99.40%,Personalised Recommendation
14442,At-Risk Loyal Customers,High Risk,204,7,5367,98.90%,Personalised Recommendation
15641,At-Risk Loyal Customers,High Risk,104,12,5346,98.90%,Personalised Recommendation
14930,At-Risk Loyal Customers,High Risk,108,6,5247,98.30%,Personalised Recommendation
15812,At-Risk Loyal Customers,High Risk,106,12,5201,98.90%,Personalised Recommendation
12510,At-Risk Loyal Customers,High Risk,142,9,5178,98.80%,Personalised Recommendation
12625,At-Risk Loyal Customers,High Risk,211,4,5165,99.00%,Personalised Recommendation
16919,At-Risk Loyal Customers,High Risk,155,24,5126,99.30%,Personalised Recommendation
17406,At-Risk Loyal Customers,High Risk,332,13,4905,99.60%,Personalised Recommendation
13659,At-Risk Loyal Customers,High Risk,205,12,4895,99.30%,Personalised Recommendation
15379,At-Risk Loyal Customers,High Risk,168,8,4878,98.60%,Personalised Recommendation
13044,At-Risk Loyal Customers,High Risk,290,11,4854,99.50%,Personalised Recommendation
15002,At-Risk Loyal Customers,High Risk,115,9,4817,98.80%,Personalised Recommendation
17829,At-Risk Loyal Customers,High Risk,298,5,4757,99.20%,Personalised Recommendation
13958,At-Risk Loyal Customers,High Risk,379,8,4709,99.30%,Personalised Recommendation
17400,At-Risk Loyal Customers,High Risk,125,8,4677,98.50%,Personalised Recommendation
16858,At-Risk Loyal Customers,High Risk,368,10,4668,99.40%,Personalised Recommendation
12916,At-Risk Loyal Customers,High Risk,138,7,4654,98.30%,Personalised Recommendation
14685,At-Risk Loyal Customers,High Risk,575,8,4620,99.30%,Personalised Recommendation
15245,At-Risk Loyal Customers,High Risk,133,8,4611,98.50%,Personalised Recommendation
16125,At-Risk Loyal Customers,High Risk,366,14,4588,99.60%,Personalised Recommendation
17508,At-Risk Loyal Customers,High Risk,280,8,4579,99.30%,Personalised Recommendation
14648,At-Risk Loyal Customers,High Risk,415,15,4547,99.60%,Personalised Recommendation
14625,At-Risk Loyal Customers,High Risk,195,11,4498,99.30%,Personalised Recommendation
15122,At-Risk Loyal Customers,High Risk,113,11,4497,98.90%,Personalised Recommendation
18064,At-Risk Loyal Customers,High Risk,132,11,4495,98.90%,Personalised Recommendation
17138,At-Risk Loyal Customers,High Risk,275,7,4417,99.20%,Personalised Recommendation
12917,At-Risk Loyal Customers,High Risk,127,6,4359,98.30%,Personalised Recommendation
15633,At-Risk Loyal Customers,High Risk,508,13,4352,99.60%,Personalised Recommendation
16072,At-Risk Loyal Customers,High Risk,287,4,4329,99.20%,Personalised Recommendation
14740,At-Risk Loyal Customers,High Risk,196,11,4161,99.30%,Personalised Recommendation
17646,At-Risk Loyal Customers,High Risk,218,12,4150,99.30%,Personalised Recommendation
14566,At-Risk Loyal Customers,High Risk,110,4,4092,98.40%,Personalised Recommendation
14025,At-Risk Loyal Customers,High Risk,464,8,4058,99.30%,Personalised Recommendation
17083,At-Risk Loyal Customers,High Risk,108,9,4050,98.80%,Personalised Recommendation
12840,At-Risk Loyal Customers,High Risk,143,7,4042,98.30%,Personalised Recommendation
15665,At-Risk Loyal Customers,High Risk,167,5,4015,98.50%,Personalised Recommendation
13542,At-Risk Loyal Customers,High Risk,376,17,4006,99.60%,Personalised Recommendation
17307,At-Risk Loyal Customers,High Risk,394,11,4000,99.50%,Personalised Recommendation
14817,At-Risk Loyal Customers,High Risk,199,7,3960,98.90%,Personalised Recommendation
14465,At-Risk Loyal Customers,High Risk,246,11,3946,99.60%,Personalised Recommendation
13037,At-Risk Loyal Customers,High Risk,137,12,3915,99.00%,Personalised Recommendation
12853,At-Risk Loyal Customers,High Risk,134,11,3908,99.00%,Personalised Recommendation
15823,At-Risk Loyal Customers,High Risk,371,3,3897,99.20%,Personalised Recommendation
13446,At-Risk Loyal Customers,High Risk,429,11,3882,99.60%,Personalised Recommendation
18073,At-Risk Loyal Customers,High Risk,113,12,3878,99.00%,Personalised Recommendation
14532,At-Risk Loyal Customers,High Risk,235,11,3859,99.60%,Personalised Recommendation
13357,At-Risk Loyal Customers,High Risk,256,5,3838,99.20%,Personalised Recommendation
15704,At-Risk Loyal Customers,High Risk,139,6,3818,98.30%,Personalised Recommendation
16636,At-Risk Loyal Customers,High Risk,437,4,3802,99.20%,Personalised Recommendation
18168,At-Risk Loyal Customers,High Risk,175,16,3770,99.40%,Personalised Recommendation
15079,At-Risk Loyal Customers,High Risk,212,11,3767,99.40%,Personalised Recommendation
17553,At-Risk Loyal Customers,High Risk,129,4,3758,95.10%,Personalised Recommendation
12623,At-Risk Loyal Customers,High Risk,275,7,3748,99.10%,Personalised Recommendation
16772,At-Risk Loyal Customers,High Risk,422,3,3724,99.20%,Personalised Recommendation
14364,At-Risk Loyal Customers,High Risk,108,8,3717,98.50%,Personalised Recommendation
12857,At-Risk Loyal Customers,High Risk,210,6,3688,98.90%,Personalised Recommendation
12872,At-Risk Loyal Customers,High Risk,326,12,3685,99.50%,Personalised Recommendation
12468,At-Risk Loyal Customers,High Risk,187,5,3671,98.90%,Personalised Recommendation
16718,At-Risk Loyal Customers,High Risk,368,5,3648,99.20%,Personalised Recommendation
14770,At-Risk Loyal Customers,High Risk,231,8,3638,99.30%,Personalised Recommendation
16503,At-Risk Loyal Customers,High Risk,106,11,3614,99.00%,Personalised Recommendation
15569,At-Risk Loyal Customers,High Risk,103,10,3586,98.90%,Personalised Recommendation
15222,At-Risk Loyal Customers,High Risk,318,11,3551,99.20%,Personalised Recommendation
16336,At-Risk Loyal Customers,High Risk,420,4,3518,99.00%,Personalised Recommendation
13929,At-Risk Loyal Customers,High Risk,168,11,3494,98.50%,Personalised Recommendation
17597,At-Risk Loyal Customers,High Risk,213,5,3484,98.60%,Personalised Recommendation
17931,At-Risk Loyal Customers,High Risk,133,14,3437,99.00%,Personalised Recommendation
16045,At-Risk Loyal Customers,High Risk,119,8,3435,98.30%,Personalised Recommendation
12377,At-Risk Loyal Customers,High Risk,314,4,3426,99.20%,Personalised Recommendation
17876,At-Risk Loyal Customers,High Risk,399,3,3424,99.20%,Personalised Recommendation
13031,At-Risk Loyal Customers,High Risk,406,5,3419,99.20%,Personalised Recommendation
13425,At-Risk Loyal Customers,High Risk,107,5,3404,98.30%,Personalised Recommendation
16067,At-Risk Loyal Customers,High Risk,562,3,3395,99.20%,Personalised Recommendation
17723,At-Risk Loyal Customers,High Risk,126,7,3378,98.30%,Personalised Recommendation
13707,At-Risk Loyal Customers,High Risk,266,5,3366,99.20%,Personalised Recommendation
13786,At-Risk Loyal Customers,High Risk,366,6,3359,99.20%,Personalised Recommendation
15538,At-Risk Loyal Customers,High Risk,537,6,3358,99.20%,Personalised Recommendation
15265,At-Risk Loyal Customers,High Risk,150,4,3346,98.40%,Personalised Recommendation
12424,At-Risk Loyal Customers,High Risk,162,4,3340,98.50%,Personalised Recommendation
14344,At-Risk Loyal Customers,High Risk,126,20,3334,99.00%,Personalised Recommendation
16351,At-Risk Loyal Customers,High Risk,332,13,3330,99.60%,Personalised Recommendation
17774,At-Risk Loyal Customers,High Risk,96,9,3328,98.60%,Personalised Recommendation
13291,At-Risk Loyal Customers,High Risk,155,11,3321,98.80%,Personalised Recommendation
14161,At-Risk Loyal Customers,High Risk,215,7,3319,98.90%,Personalised Recommendation
13214,At-Risk Loyal Customers,High Risk,417,7,3264,99.20%,Personalised Recommendation
15057,At-Risk Loyal Customers,High Risk,274,5,3256,99.20%,Personalised Recommendation
14669,At-Risk Loyal Customers,High Risk,241,7,3244,99.20%,Personalised Recommendation
17353,At-Risk Loyal Customers,High Risk,128,4,3242,98.40%,Personalised Recommendation
15625,At-Risk Loyal Customers,High Risk,103,9,3236,98.60%,Personalised Recommendation
15353,At-Risk Loyal Customers,High Risk,254,7,3176,99.20%,Personalised Recommendation
13052,At-Risk Loyal Customers,High Risk,211,7,3169,98.90%,Personalised Recommendation
12976,At-Risk Loyal Customers,High Risk,211,8,3156,98.90%,Personalised Recommendation
15614,At-Risk Loyal Customers,High Risk,437,4,3147,99.20%,Personalised Recommendation
15095,At-Risk Loyal Customers,High Risk,103,10,3142,98.60%,Personalised Recommendation
15596,At-Risk Loyal Customers,High Risk,100,9,3130,98.60%,Personalised Recommendation
17145,At-Risk Loyal Customers,High Risk,512,4,3121,99.20%,Personalised Recommendation
13631,At-Risk Loyal Customers,High Risk,99,11,3070,98.80%,Personalised Recommendation
15716,At-Risk Loyal Customers,High Risk,145,11,3057,98.80%,Personalised Recommendation
13485,At-Risk Loyal Customers,High Risk,232,11,3019,99.40%,Personalised Recommendation
13963,At-Risk Loyal Customers,High Risk,307,17,3012,99.60%,Personalised Recommendation
14590,At-Risk Loyal Customers,High Risk,424,20,3007,99.60%,Personalised Recommendation
17032,At-Risk Loyal Customers,High Risk,547,8,3005,99.20%,Personalised Recommendation
15182,At-Risk Loyal Customers,High Risk,153,11,2999,98.80%,Personalised Recommendation
17692,At-Risk Loyal Customers,High Risk,126,12,2976,98.80%,Personalised Recommendation
16736,At-Risk Loyal Customers,High Risk,505,5,2957,99.20%,Personalised Recommendation
14867,At-Risk Loyal Customers,High Risk,185,16,2952,99.40%,Personalised Recommendation
13253,At-Risk Loyal Customers,High Risk,156,4,2951,98.40%,Personalised Recommendation
17444,At-Risk Loyal Customers,High Risk,147,3,2940,98.40%,Personalised Recommendation
17588,At-Risk Loyal Customers,High Risk,99,7,2940,98.30%,Personalised Recommendation
15235,At-Risk Loyal Customers,High Risk,217,16,2938,99.40%,Personalised Recommendation
16755,At-Risk Loyal Customers,High Risk,113,7,2901,98.30%,Personalised Recommendation
17320,At-Risk Loyal Customers,High Risk,99,6,2896,98.30%,Personalised Recommendation
15100,At-Risk Loyal Customers,High Risk,333,7,2895,99.20%,Personalised Recommendation
17242,At-Risk Loyal Customers,High Risk,107,5,2889,98.30%,Personalised Recommendation
12806,At-Risk Loyal Customers,High Risk,434,4,2879,99.20%,Personalised Recommendation
16467,At-Risk Loyal Customers,High Risk,508,7,2869,99.20%,Personalised Recommendation
14758,At-Risk Loyal Customers,High Risk,144,7,2865,98.30%,Personalised Recommendation
16163,At-Risk Loyal Customers,High Risk,231,6,2850,99.20%,Personalised Recommendation
15797,At-Risk Loyal Customers,High Risk,112,6,2821,98.30%,Personalised Recommendation
13799,At-Risk Loyal Customers,High Risk,116,9,2804,98.60%,Personalised Recommendation
16335,At-Risk Loyal Customers,High Risk,551,7,2774,99.10%,Personalised Recommendation
15817,At-Risk Loyal Customers,High Risk,420,3,2766,99.20%,Personalised Recommendation
12982,At-Risk Loyal Customers,High Risk,242,8,2745,99.10%,Personalised Recommendation
17241,At-Risk Loyal Customers,High Risk,384,12,2744,99.40%,Personalised Recommendation
15389,At-Risk Loyal Customers,High Risk,171,5,2734,98.30%,Personalised Recommendation
12986,At-Risk Loyal Customers,High Risk,428,10,2730,99.30%,Personalised Recommendation
15985,At-Risk Loyal Customers,High Risk,122,7,2715,98.10%,Personalised Recommendation
12725,At-Risk Loyal Customers,High Risk,370,4,2695,99.20%,Personalised Recommendation
14496,At-Risk Loyal Customers,High Risk,311,7,2668,99.10%,Personalised Recommendation
13819,At-Risk Loyal Customers,High Risk,301,6,2642,99.20%,Personalised Recommendation
16276,At-Risk Loyal Customers,High Risk,176,3,2629,98.90%,Personalised Recommendation
14548,At-Risk Loyal Customers,High Risk,150,9,2627,98.60%,Personalised Recommendation
14573,At-Risk Loyal Customers,High Risk,179,13,2621,99.40%,Personalised Recommendation
14195,At-Risk Loyal Customers,High Risk,201,6,2616,98.90%,Personalised Recommendation
14431,At-Risk Loyal Customers,High Risk,302,4,2614,99.20%,Personalised Recommendation
17787,At-Risk Loyal Customers,High Risk,152,4,2601,98.30%,Personalised Recommendation
17897,At-Risk Loyal Customers,High Risk,172,9,2585,98.70%,Personalised Recommendation
16499,At-Risk Loyal Customers,High Risk,359,8,2578,99.10%,Personalised Recommendation
14745,At-Risk Loyal Customers,High Risk,112,12,2572,98.70%,Personalised Recommendation
17550,At-Risk Loyal Customers,High Risk,196,9,2548,99.10%,Personalised Recommendation
17465,At-Risk Loyal Customers,High Risk,425,7,2543,99.10%,Personalised Recommendation
16889,At-Risk Loyal Customers,High Risk,194,6,2531,98.90%,Personalised Recommendation
12978,At-Risk Loyal Customers,High Risk,384,5,2503,99.20%,Personalised Recommendation
16202,At-Risk Loyal Customers,High Risk,360,9,2502,99.30%,Personalised Recommendation
13414,At-Risk Loyal Customers,High Risk,133,6,2494,98.20%,Personalised Recommendation
16795,At-Risk Loyal Customers,High Risk,364,3,2492,99.20%,Personalised Recommendation
16520,At-Risk Loyal Customers,High Risk,185,6,2483,98.90%,Personalised Recommendation
14256,At-Risk Loyal Customers,High Risk,259,5,2474,99.20%,Personalised Recommendation
13762,At-Risk Loyal Customers,High Risk,218,5,2472,98.90%,Personalised Recommendation
17732,At-Risk Loyal Customers,High Risk,372,8,2470,99.10%,Personalised Recommendation
15221,At-Risk Loyal Customers,High Risk,365,4,2465,99.20%,Personalised Recommendation
13338,At-Risk Loyal Customers,High Risk,157,4,2446,98.40%,Personalised Recommendation
15623,At-Risk Loyal Customers,High Risk,140,8,2437,98.10%,Personalised Recommendation
17505,At-Risk Loyal Customers,High Risk,161,5,2435,98.30%,Personalised Recommendation
13085,At-Risk Loyal Customers,High Risk,157,8,2433,98.30%,Personalised Recommendation
12733,At-Risk Loyal Customers,High Risk,233,4,2425,99.10%,Personalised Recommendation
15658,At-Risk Loyal Customers,High Risk,189,8,2423,98.80%,Personalised Recommendation
12802,At-Risk Loyal Customers,High Risk,186,7,2416,98.80%,Personalised Recommendation
16147,At-Risk Loyal Customers,High Risk,133,5,2399,98.10%,Personalised Recommendation
16883,At-Risk Loyal Customers,High Risk,186,19,2397,99.30%,Personalised Recommendation
16812,At-Risk Loyal Customers,High Risk,360,4,2392,99.10%,Personalised Recommendation
16105,At-Risk Loyal Customers,High Risk,248,5,2386,99.10%,Personalised Recommendation
16065,At-Risk Loyal Customers,High Risk,364,8,2383,99.10%,Personalised Recommendation
17969,At-Risk Loyal Customers,High Risk,165,20,2370,99.00%,Personalised Recommendation
15015,At-Risk Loyal Customers,High Risk,500,13,2365,99.50%,Personalised Recommendation
16083,At-Risk Loyal Customers,High Risk,100,4,2351,98.20%,Personalised Recommendation
17282,At-Risk Loyal Customers,High Risk,129,5,2340,98.10%,Personalised Recommendation
13280,At-Risk Loyal Customers,High Risk,121,7,2323,98.00%,Personalised Recommendation
17113,At-Risk Loyal Customers,High Risk,573,6,2323,99.10%,Personalised Recommendation
14346,At-Risk Loyal Customers,High Risk,120,5,2316,98.10%,Personalised Recommendation
17994,At-Risk Loyal Customers,High Risk,121,11,2313,98.60%,Personalised Recommendation
14481,At-Risk Loyal Customers,High Risk,164,5,2311,98.20%,Personalised Recommendation
15946,At-Risk Loyal Customers,High Risk,502,3,2304,99.10%,Personalised Recommendation
13059,At-Risk Loyal Customers,High Risk,249,10,2303,99.30%,Personalised Recommendation
18095,At-Risk Loyal Customers,High Risk,312,5,2303,99.10%,Personalised Recommendation
12649,At-Risk Loyal Customers,High Risk,106,8,2295,98.00%,Personalised Recommendation
18051,At-Risk Loyal Customers,High Risk,633,7,2282,99.10%,Personalised Recommendation
13655,At-Risk Loyal Customers,High Risk,113,6,2281,98.10%,Personalised Recommendation
15638,At-Risk Loyal Customers,High Risk,378,6,2265,99.10%,Personalised Recommendation
15734,At-Risk Loyal Customers,High Risk,114,4,2263,98.20%,Personalised Recommendation
16823,At-Risk Loyal Customers,High Risk,226,7,2260,99.10%,Personalised Recommendation
12868,At-Risk Loyal Customers,High Risk,185,8,2247,98.80%,Personalised Recommendation
16174,At-Risk Loyal Customers,High Risk,125,7,2247,98.00%,Personalised Recommendation
15629,At-Risk Loyal Customers,High Risk,449,4,2241,99.10%,Personalised Recommendation
14472,At-Risk Loyal Customers,High Risk,103,9,2228,98.50%,Personalised Recommendation
13478,At-Risk Loyal Customers,High Risk,468,5,2216,99.10%,Personalised Recommendation
15476,At-Risk Loyal Customers,High Risk,379,4,2210,99.10%,Personalised Recommendation
14006,At-Risk Loyal Customers,High Risk,115,7,2197,98.00%,Personalised Recommendation
16317,At-Risk Loyal Customers,High Risk,119,5,2193,98.10%,Personalised Recommendation
17822,At-Risk Loyal Customers,High Risk,419,5,2188,99.10%,Personalised Recommendation
15649,At-Risk Loyal Customers,High Risk,335,4,2170,99.10%,Personalised Recommendation
13888,At-Risk Loyal Customers,High Risk,119,7,2169,98.00%,Personalised Recommendation
15944,At-Risk Loyal Customers,High Risk,276,4,2164,99.10%,Personalised Recommendation
14407,At-Risk Loyal Customers,High Risk,106,6,2158,98.10%,Personalised Recommendation
18009,At-Risk Loyal Customers,High Risk,234,8,2156,99.10%,Personalised Recommendation
16275,At-Risk Loyal Customers,High Risk,196,3,2151,98.80%,Personalised Recommendation
18239,At-Risk Loyal Customers,High Risk,218,6,2150,98.80%,Personalised Recommendation
16716,At-Risk Loyal Customers,High Risk,266,3,2150,99.10%,Personalised Recommendation
16004,At-Risk Loyal Customers,High Risk,474,5,2146,99.10%,Personalised Recommendation
13152,At-Risk Loyal Customers,High Risk,416,7,2146,99.10%,Personalised Recommendation
17029,At-Risk Loyal Customers,High Risk,110,7,2137,98.00%,Personalised Recommendation
14634,At-Risk Loyal Customers,High Risk,437,4,2124,99.10%,Personalised Recommendation
16807,At-Risk Loyal Customers,High Risk,142,6,2124,98.10%,Personalised Recommendation
15456,At-Risk Loyal Customers,High Risk,282,10,2119,99.30%,Personalised Recommendation
14399,At-Risk Loyal Customers,High Risk,393,8,2113,99.10%,Personalised Recommendation
14469,At-Risk Loyal Customers,High Risk,415,4,2112,99.10%,Personalised Recommendation
16054,At-Risk Loyal Customers,High Risk,144,4,2112,98.20%,Personalised Recommendation
14276,At-Risk Loyal Customers,High Risk,98,7,2103,98.00%,Personalised Recommendation
12975,At-Risk Loyal Customers,High Risk,436,6,2100,99.10%,Personalised Recommendation
16510,At-Risk Loyal Customers,High Risk,371,6,2100,99.10%,Personalised Recommendation
17742,At-Risk Loyal Customers,High Risk,112,11,2098,98.60%,Personalised Recommendation
13753,At-Risk Loyal Customers,High Risk,287,4,2095,99.10%,Personalised Recommendation
17585,At-Risk Loyal Customers,High Risk,108,7,2093,98.00%,Personalised Recommendation
14896,At-Risk Loyal Customers,High Risk,204,8,2092,98.80%,Personalised Recommendation
17048,At-Risk Loyal Customers,High Risk,117,7,2072,98.00%,Personalised Recommendation
17126,At-Risk Loyal Customers,High Risk,151,9,2070,98.50%,Personalised Recommendation
16290,At-Risk Loyal Customers,High Risk,464,4,2069,99.10%,Personalised Recommendation
14988,At-Risk Loyal Customers,High Risk,211,7,2067,98.80%,Personalised Recommendation
13476,At-Risk Loyal Customers,High Risk,178,5,2061,98.80%,Personalised Recommendation
18258,At-Risk Loyal Customers,High Risk,463,6,2060,99.10%,Personalised Recommendation
16176,At-Risk Loyal Customers,High Risk,420,4,2053,99.10%,Personalised Recommendation
13874,At-Risk Loyal Customers,High Risk,357,7,2049,99.10%,Personalised Recommendation
13663,At-Risk Loyal Customers,High Risk,178,5,2048,98.80%,Personalised Recommendation
14000,At-Risk Loyal Customers,High Risk,210,5,2046,98.80%,Personalised Recommendation
16214,At-Risk Loyal Customers,High Risk,170,4,2038,98.30%,Personalised Recommendation
16331,At-Risk Loyal Customers,High Risk,431,6,2038,99.10%,Personalised Recommendation
14225,At-Risk Loyal Customers,High Risk,434,4,2037,99.10%,Personalised Recommendation
17337,At-Risk Loyal Customers,High Risk,150,4,2028,98.20%,Personalised Recommendation
15384,At-Risk Loyal Customers,High Risk,169,4,2028,98.30%,Personalised Recommendation
12418,At-Risk Loyal Customers,High Risk,112,4,2021,98.20%,Personalised Recommendation
16197,At-Risk Loyal Customers,High Risk,468,9,2017,99.30%,Personalised Recommendation
17152,At-Risk Loyal Customers,High Risk,194,4,2016,98.80%,Personalised Recommendation
16529,At-Risk Loyal Customers,High Risk,189,4,2012,98.80%,Personalised Recommendation
13693,At-Risk Loyal Customers,High Risk,373,9,2012,99.30%,Personalised Recommendation
14301,At-Risk Loyal Customers,High Risk,116,4,1992,98.20%,Personalised Recommendation
15192,At-Risk Loyal Customers,High Risk,119,5,1981,98.10%,Personalised Recommendation
12582,At-Risk Loyal Customers,High Risk,238,4,1980,99.10%,Personalised Recommendation
15795,At-Risk Loyal Customers,High Risk,149,8,1980,98.00%,Personalised Recommendation
14905,At-Risk Loyal Customers,High Risk,157,8,1971,98.20%,Personalised Recommendation
16032,At-Risk Loyal Customers,High Risk,455,6,1970,99.10%,Personalised Recommendation
12399,At-Risk Loyal Customers,High Risk,118,7,1962,98.00%,Personalised Recommendation
15789,At-Risk Loyal Customers,High Risk,357,6,1962,99.10%,Personalised Recommendation
16788,At-Risk Loyal Customers,High Risk,122,5,1950,98.10%,Personalised Recommendation
15425,At-Risk Loyal Customers,High Risk,399,4,1945,99.10%,Personalised Recommendation
16619,At-Risk Loyal Customers,High Risk,263,4,1938,99.10%,Personalised Recommendation
16859,At-Risk Loyal Customers,High Risk,144,7,1932,98.00%,Personalised Recommendation
14492,At-Risk Loyal Customers,High Risk,429,7,1922,99.10%,Personalised Recommendation
18220,At-Risk Loyal Customers,High Risk,226,6,1922,99.10%,Personalised Recommendation
12644,At-Risk Loyal Customers,High Risk,129,4,1918,98.20%,Personalised Recommendation
16692,At-Risk Loyal Customers,High Risk,255,4,1915,99.10%,Personalised Recommendation
12947,At-Risk Loyal Customers,High Risk,143,6,1908,98.10%,Personalised Recommendation
17046,At-Risk Loyal Customers,High Risk,156,5,1906,98.10%,Personalised Recommendation
14127,At-Risk Loyal Customers,High Risk,122,6,1900,98.10%,Personalised Recommendation
14224,At-Risk Loyal Customers,High Risk,109,9,1898,98.50%,Personalised Recommendation
14327,At-Risk Loyal Customers,High Risk,162,6,1895,98.20%,Personalised Recommendation
16631,At-Risk Loyal Customers,High Risk,481,7,1893,99.10%,Personalised Recommendation
15381,At-Risk Loyal Customers,High Risk,213,5,1891,98.80%,Personalised Recommendation
17341,At-Risk Loyal Customers,High Risk,156,5,1890,98.10%,Personalised Recommendation
17259,At-Risk Loyal Customers,High Risk,147,6,1889,98.10%,Personalised Recommendation
14130,At-Risk Loyal Customers,High Risk,318,4,1883,99.10%,Personalised Recommendation
16725,At-Risk Loyal Customers,High Risk,301,14,1882,99.50%,Personalised Recommendation
14403,At-Risk Loyal Customers,High Risk,129,6,1881,98.10%,Personalised Recommendation
18151,At-Risk Loyal Customers,High Risk,134,6,1879,98.10%,Personalised Recommendation
12383,At-Risk Loyal Customers,High Risk,184,5,1851,98.80%,Personalised Recommendation
12507,At-Risk Loyal Customers,High Risk,133,4,1844,98.20%,Personalised Recommendation
14870,At-Risk Loyal Customers,High Risk,261,6,1839,99.10%,Personalised Recommendation
15402,At-Risk Loyal Customers,High Risk,148,6,1831,98.10%,Personalised Recommendation
16797,At-Risk Loyal Customers,High Risk,392,5,1828,99.10%,Personalised Recommendation
17642,At-Risk Loyal Customers,High Risk,119,5,1824,98.10%,Personalised Recommendation
13561,At-Risk Loyal Customers,High Risk,215,11,1821,99.10%,Personalised Recommendation
16634,At-Risk Loyal Customers,High Risk,222,6,1815,99.10%,Personalised Recommendation
15972,At-Risk Loyal Customers,High Risk,455,5,1810,99.10%,Personalised Recommendation
15133,At-Risk Loyal Customers,High Risk,127,5,1807,98.10%,Personalised Recommendation
15889,At-Risk Loyal Customers,High Risk,156,8,1806,98.00%,Personalised Recommendation
17165,At-Risk Loyal Customers,High Risk,283,6,1794,99.10%,Personalised Recommendation
14850,At-Risk Loyal Customers,High Risk,311,7,1794,99.10%,Personalised Recommendation
13711,At-Risk Loyal Customers,High Risk,218,9,1792,99.00%,Personalised Recommendation
16611,At-Risk Loyal Customers,High Risk,185,6,1785,98.80%,Personalised Recommendation
18214,At-Risk Loyal Customers,High Risk,530,4,1780,99.10%,Personalised Recommendation
12908,At-Risk Loyal Customers,High Risk,175,5,1776,98.20%,Personalised Recommendation
13920,At-Risk Loyal Customers,High Risk,431,4,1775,99.10%,Personalised Recommendation
16124,At-Risk Loyal Customers,High Risk,316,4,1772,99.10%,Personalised Recommendation
14933,At-Risk Loyal Customers,High Risk,443,4,1770,99.10%,Personalised Recommendation
13648,At-Risk Loyal Customers,High Risk,399,8,1764,99.10%,Personalised Recommendation
15777,At-Risk Loyal Customers,High Risk,240,7,1763,99.10%,Personalised Recommendation
14584,At-Risk Loyal Customers,High Risk,168,8,1748,98.20%,Personalised Recommendation
15976,At-Risk Loyal Customers,High Risk,164,6,1747,98.20%,Personalised Recommendation
17695,At-Risk Loyal Customers,High Risk,131,5,1746,98.10%,Personalised Recommendation
14692,At-Risk Loyal Customers,High Risk,136,12,1745,98.60%,Personalised Recommendation
16087,At-Risk Loyal Customers,High Risk,388,5,1740,99.10%,Personalised Recommendation
13531,At-Risk Loyal Customers,High Risk,204,6,1739,98.80%,Personalised Recommendation
17268,At-Risk Loyal Customers,High Risk,107,11,1734,98.60%,Personalised Recommendation
16010,At-Risk Loyal Customers,High Risk,245,11,1724,99.40%,Personalised Recommendation
14021,At-Risk Loyal Customers,High Risk,154,7,1717,97.80%,Personalised Recommendation
16654,At-Risk Loyal Customers,High Risk,140,8,1711,97.80%,Personalised Recommendation
15607,At-Risk Loyal Customers,High Risk,336,9,1709,99.20%,Personalised Recommendation
16329,At-Risk Loyal Customers,High Risk,427,4,1703,99.10%,Personalised Recommendation
12693,At-Risk Loyal Customers,High Risk,126,7,1703,97.80%,Personalised Recommendation
15911,At-Risk Loyal Customers,High Risk,623,8,1702,99.00%,Personalised Recommendation
15326,At-Risk Loyal Customers,High Risk,333,5,1701,99.00%,Personalised Recommendation
12932,At-Risk Loyal Customers,High Risk,538,8,1699,99.00%,Personalised Recommendation
17694,At-Risk Loyal Customers,High Risk,141,3,1696,98.10%,Personalised Recommendation
14078,At-Risk Loyal Customers,High Risk,101,9,1693,98.30%,Personalised Recommendation
15732,At-Risk Loyal Customers,High Risk,211,10,1682,98.90%,Personalised Recommendation
14643,At-Risk Loyal Customers,High Risk,169,5,1680,98.00%,Personalised Recommendation
13649,At-Risk Loyal Customers,High Risk,256,6,1679,99.00%,Personalised Recommendation
15167,At-Risk Loyal Customers,High Risk,320,5,1660,99.00%,Personalised Recommendation
16625,At-Risk Loyal Customers,High Risk,274,5,1654,99.00%,Personalised Recommendation
18085,At-Risk Loyal Customers,High Risk,329,4,1646,99.10%,Personalised Recommendation
15013,At-Risk Loyal Customers,High Risk,487,10,1641,99.20%,Personalised Recommendation
13506,At-Risk Loyal Customers,High Risk,315,5,1639,99.00%,Personalised Recommendation
14420,At-Risk Loyal Customers,High Risk,98,4,1639,98.10%,Personalised Recommendation
13554,At-Risk Loyal Customers,High Risk,379,7,1638,99.00%,Personalised Recommendation
18062,At-Risk Loyal Customers,High Risk,172,6,1633,98.00%,Personalised Recommendation
16256,At-Risk Loyal Customers,High Risk,266,3,1629,99.10%,Personalised Recommendation
15422,At-Risk Loyal Customers,High Risk,322,7,1620,99.00%,Personalised Recommendation
16801,At-Risk Loyal Customers,High Risk,162,4,1620,98.30%,Personalised Recommendation
16461,At-Risk Loyal Customers,High Risk,177,3,1615,98.80%,Personalised Recommendation
16860,At-Risk Loyal Customers,High Risk,452,3,1611,99.10%,Personalised Recommendation
13900,At-Risk Loyal Customers,High Risk,182,6,1611,98.60%,Personalised Recommendation
17853,At-Risk Loyal Customers,High Risk,406,3,1608,99.10%,Personalised Recommendation
15325,At-Risk Loyal Customers,High Risk,103,8,1602,97.80%,Personalised Recommendation
13740,At-Risk Loyal Customers,High Risk,240,5,1598,99.00%,Personalised Recommendation
13239,At-Risk Loyal Customers,High Risk,261,5,1595,99.00%,Personalised Recommendation
17028,At-Risk Loyal Customers,High Risk,580,3,1594,99.10%,Personalised Recommendation
13752,At-Risk Loyal Customers,High Risk,123,7,1591,97.80%,Personalised Recommendation
16092,At-Risk Loyal Customers,High Risk,114,6,1588,97.80%,Personalised Recommendation
16096,At-Risk Loyal Customers,High Risk,263,4,1585,99.10%,Personalised Recommendation
15279,At-Risk Loyal Customers,High Risk,354,5,1581,99.00%,Personalised Recommendation
13202,At-Risk Loyal Customers,High Risk,393,7,1580,99.00%,Personalised Recommendation
17649,At-Risk Loyal Customers,High Risk,137,3,1579,98.10%,Personalised Recommendation
12549,At-Risk Loyal Customers,High Risk,575,6,1576,99.00%,Personalised Recommendation
14489,At-Risk Loyal Customers,High Risk,206,4,1575,98.80%,Personalised Recommendation
14136,At-Risk Loyal Customers,High Risk,400,5,1571,99.00%,Personalised Recommendation
17851,At-Risk Loyal Customers,High Risk,421,6,1563,99.00%,Personalised Recommendation
15149,At-Risk Loyal Customers,High Risk,133,5,1555,97.80%,Personalised Recommendation
13360,At-Risk Loyal Customers,High Risk,431,4,1554,99.10%,Personalised Recommendation
14186,At-Risk Loyal Customers,High Risk,426,5,1551,99.00%,Personalised Recommendation
12926,At-Risk Loyal Customers,High Risk,410,4,1548,99.10%,Personalised Recommendation
17454,At-Risk Loyal Customers,High Risk,191,10,1548,98.90%,Personalised Recommendation
13783,At-Risk Loyal Customers,High Risk,487,4,1542,99.10%,Personalised Recommendation
16835,At-Risk Loyal Customers,High Risk,127,6,1538,97.60%,Personalised Recommendation
15798,At-Risk Loyal Customers,High Risk,492,3,1535,99.10%,Personalised Recommendation
13402,At-Risk Loyal Customers,High Risk,126,4,1535,98.10%,Personalised Recommendation
16714,At-Risk Loyal Customers,High Risk,218,4,1530,98.80%,Personalised Recommendation
17610,At-Risk Loyal Customers,High Risk,539,5,1529,98.90%,Personalised Recommendation
14068,At-Risk Loyal Customers,High Risk,319,4,1528,99.10%,Personalised Recommendation
17990,At-Risk Loyal Customers,High Risk,236,6,1528,98.90%,Personalised Recommendation
16340,At-Risk Loyal Customers,High Risk,106,3,1526,98.10%,Personalised Recommendation
15574,At-Risk Loyal Customers,High Risk,177,6,1519,98.50%,Personalised Recommendation
14264,At-Risk Loyal Customers,High Risk,154,6,1517,97.60%,Personalised Recommendation
14220,At-Risk Loyal Customers,High Risk,246,4,1515,99.10%,Personalised Recommendation
14682,At-Risk Loyal Customers,High Risk,187,6,1515,98.50%,Personalised Recommendation
16037,At-Risk Loyal Customers,High Risk,269,5,1509,98.90%,Personalised Recommendation
15261,At-Risk Loyal Customers,High Risk,134,4,1508,98.10%,Personalised Recommendation
17179,At-Risk Loyal Customers,High Risk,177,6,1507,98.50%,Personalised Recommendation
16450,At-Risk Loyal Customers,High Risk,149,3,1506,98.10%,Personalised Recommendation
15590,At-Risk Loyal Customers,High Risk,381,5,1497,98.90%,Personalised Recommendation
15882,At-Risk Loyal Customers,High Risk,198,8,1496,98.40%,Personalised Recommendation
15173,At-Risk Loyal Customers,High Risk,380,7,1495,98.80%,Personalised Recommendation
16314,At-Risk Loyal Customers,High Risk,389,3,1491,99.10%,Personalised Recommendation
18268,At-Risk Loyal Customers,High Risk,133,6,1490,97.60%,Personalised Recommendation
16419,At-Risk Loyal Customers,High Risk,112,8,1487,97.50%,Personalised Recommendation
16980,At-Risk Loyal Customers,High Risk,254,3,1473,99.10%,Personalised Recommendation
16586,At-Risk Loyal Customers,High Risk,248,3,1463,99.10%,Personalised Recommendation
17978,At-Risk Loyal Customers,High Risk,364,4,1462,99.10%,Personalised Recommendation
18106,At-Risk Loyal Customers,High Risk,329,6,1461,98.90%,Personalised Recommendation
17582,At-Risk Loyal Customers,High Risk,235,5,1451,98.90%,Personalised Recommendation
16727,At-Risk Loyal Customers,High Risk,363,4,1437,99.10%,Personalised Recommendation
12805,At-Risk Loyal Customers,High Risk,381,4,1435,99.10%,Personalised Recommendation
17941,At-Risk Loyal Customers,High Risk,130,4,1433,98.10%,Personalised Recommendation
13475,At-Risk Loyal Customers,High Risk,190,4,1432,98.80%,Personalised Recommendation
18071,At-Risk Loyal Customers,High Risk,257,6,1429,98.90%,Personalised Recommendation
17438,At-Risk Loyal Customers,High Risk,253,5,1423,98.90%,Personalised Recommendation
16926,At-Risk Loyal Customers,High Risk,370,5,1421,98.90%,Personalised Recommendation
15223,At-Risk Loyal Customers,High Risk,225,5,1418,98.90%,Personalised Recommendation
17496,At-Risk Loyal Customers,High Risk,358,4,1413,99.10%,Personalised Recommendation
17908,At-Risk Loyal Customers,High Risk,373,5,1412,98.90%,Personalised Recommendation
13821,At-Risk Loyal Customers,High Risk,144,6,1411,97.60%,Personalised Recommendation
17714,At-Risk Loyal Customers,High Risk,320,5,1410,98.90%,Personalised Recommendation
12765,At-Risk Loyal Customers,High Risk,471,6,1405,98.90%,Personalised Recommendation
18202,At-Risk Loyal Customers,High Risk,199,3,1397,98.80%,Personalised Recommendation
16129,At-Risk Loyal Customers,High Risk,406,3,1396,99.10%,Personalised Recommendation
16300,At-Risk Loyal Customers,High Risk,429,3,1392,99.10%,Personalised Recommendation
15141,At-Risk Loyal Customers,High Risk,457,7,1388,98.80%,Personalised Recommendation
13382,At-Risk Loyal Customers,High Risk,280,5,1388,98.90%,Personalised Recommendation
16167,At-Risk Loyal Customers,High Risk,413,5,1386,98.90%,Personalised Recommendation
15580,At-Risk Loyal Customers,High Risk,376,8,1381,98.80%,Personalised Recommendation
15751,At-Risk Loyal Customers,High Risk,460,11,1380,98.20%,Personalised Recommendation
13074,At-Risk Loyal Customers,High Risk,510,4,1379,99.10%,Personalised Recommendation
17150,At-Risk Loyal Customers,High Risk,376,6,1376,98.90%,Personalised Recommendation
14265,At-Risk Loyal Customers,High Risk,108,4,1373,98.10%,Personalised Recommendation
14316,At-Risk Loyal Customers,High Risk,421,5,1370,98.90%,Personalised Recommendation
14114,At-Risk Loyal Customers,High Risk,273,7,1364,98.80%,Personalised Recommendation
15347,At-Risk Loyal Customers,High Risk,365,4,1364,99.10%,Personalised Recommendation
16588,At-Risk Loyal Customers,High Risk,385,4,1361,99.10%,Personalised Recommendation
17429,At-Risk Loyal Customers,High Risk,127,5,1357,97.60%,Personalised Recommendation
12875,At-Risk Loyal Customers,High Risk,142,5,1357,97.60%,Personalised Recommendation
14320,At-Risk Loyal Customers,High Risk,206,5,1347,98.50%,Personalised Recommendation
16894,At-Risk Loyal Customers,High Risk,501,3,1324,99.10%,Personalised Recommendation
12960,At-Risk Loyal Customers,High Risk,413,4,1322,99.10%,Personalised Recommendation
13497,At-Risk Loyal Customers,High Risk,282,6,1320,98.90%,Personalised Recommendation
16296,At-Risk Loyal Customers,High Risk,625,4,1314,99.10%,Personalised Recommendation
16756,At-Risk Loyal Customers,High Risk,214,7,1312,98.40%,Personalised Recommendation
13855,At-Risk Loyal Customers,High Risk,500,4,1310,99.10%,Personalised Recommendation
16955,At-Risk Loyal Customers,High Risk,184,6,1309,98.50%,Personalised Recommendation
16282,At-Risk Loyal Customers,High Risk,339,3,1308,99.10%,Personalised Recommendation
15108,At-Risk Loyal Customers,High Risk,141,4,1300,98.10%,Personalised Recommendation
16943,At-Risk Loyal Customers,High Risk,211,5,1299,98.50%,Personalised Recommendation
14479,At-Risk Loyal Customers,High Risk,253,4,1299,99.10%,Personalised Recommendation
13440,At-Risk Loyal Customers,High Risk,422,7,1295,98.80%,Personalised Recommendation
14821,At-Risk Loyal Customers,High Risk,366,7,1286,98.80%,Personalised Recommendation
17142,At-Risk Loyal Customers,High Risk,238,4,1284,99.10%,Personalised Recommendation
13443,At-Risk Loyal Customers,High Risk,448,6,1280,98.90%,Personalised Recommendation
17862,At-Risk Loyal Customers,High Risk,323,4,1279,99.10%,Personalised Recommendation
13243,At-Risk Loyal Customers,High Risk,202,5,1278,98.50%,Personalised Recommendation
16951,At-Risk Loyal Customers,High Risk,134,3,1278,98.10%,Personalised Recommendation
14478,At-Risk Loyal Customers,High Risk,381,4,1277,99.10%,Personalised Recommendation
13916,At-Risk Loyal Customers,High Risk,463,4,1276,99.10%,Personalised Recommendation
15439,At-Risk Loyal Customers,High Risk,404,4,1269,99.10%,Personalised Recommendation
17531,At-Risk Loyal Customers,High Risk,189,3,1267,98.80%,Personalised Recommendation
17635,At-Risk Loyal Customers,High Risk,423,3,1266,99.10%,Personalised Recommendation
16842,At-Risk Loyal Customers,High Risk,100,3,1264,98.10%,Personalised Recommendation
13065,At-Risk Loyal Customers,High Risk,372,5,1261,98.90%,Personalised Recommendation
17343,At-Risk Loyal Customers,High Risk,354,6,1260,98.90%,Personalised Recommendation
12402,At-Risk Loyal Customers,High Risk,322,6,1257,98.90%,Personalised Recommendation
15064,At-Risk Loyal Customers,High Risk,409,4,1254,99.10%,Personalised Recommendation
16292,At-Risk Loyal Customers,High Risk,121,5,1254,97.60%,Personalised Recommendation
15800,At-Risk Loyal Customers,High Risk,106,7,1243,97.50%,Personalised Recommendation
13201,At-Risk Loyal Customers,High Risk,501,4,1241,99.10%,Personalised Recommendation
13863,At-Risk Loyal Customers,High Risk,247,4,1240,99.10%,Personalised Recommendation
14231,At-Risk Loyal Customers,High Risk,183,4,1236,98.80%,Personalised Recommendation
12605,At-Risk Loyal Customers,High Risk,375,4,1233,99.10%,Personalised Recommendation
16159,At-Risk Loyal Customers,High Risk,281,4,1233,99.10%,Personalised Recommendation
13019,At-Risk Loyal Customers,High Risk,378,6,1230,98.90%,Personalised Recommendation
17342,At-Risk Loyal Customers,High Risk,379,4,1228,99.10%,Personalised Recommendation
17539,At-Risk Loyal Customers,High Risk,617,4,1227,99.10%,Personalised Recommendation
14512,At-Risk Loyal Customers,High Risk,187,7,1223,98.40%,Personalised Recommendation
16946,At-Risk Loyal Customers,High Risk,382,5,1222,98.90%,Personalised Recommendation
13304,At-Risk Loyal Customers,High Risk,350,4,1218,99.10%,Personalised Recommendation
15661,At-Risk Loyal Customers,High Risk,316,8,1216,98.80%,Personalised Recommendation
13140,At-Risk Loyal Customers,High Risk,107,5,1216,97.60%,Personalised Recommendation
15377,At-Risk Loyal Customers,High Risk,382,4,1212,99.10%,Personalised Recommendation
13723,At-Risk Loyal Customers,High Risk,216,6,1209,98.50%,Personalised Recommendation
17062,At-Risk Loyal Customers,High Risk,313,6,1208,98.90%,Personalised Recommendation
18193,At-Risk Loyal Customers,High Risk,164,3,1207,98.30%,Personalised Recommendation
18057,At-Risk Loyal Customers,High Risk,392,3,1204,99.10%,Personalised Recommendation
15600,At-Risk Loyal Customers,High Risk,427,4,1199,99.10%,Personalised Recommendation
17713,At-Risk Loyal Customers,High Risk,381,4,1198,99.10%,Personalised Recommendation
16307,At-Risk Loyal Customers,High Risk,428,3,1195,99.10%,Personalised Recommendation
13293,At-Risk Loyal Customers,High Risk,391,6,1193,98.90%,Personalised Recommendation
16306,At-Risk Loyal Customers,High Risk,213,7,1193,98.40%,Personalised Recommendation
13976,At-Risk Loyal Customers,High Risk,206,4,1192,98.80%,Personalised Recommendation
17984,At-Risk Loyal Customers,High Risk,144,5,1191,97.60%,Personalised Recommendation
16471,At-Risk Loyal Customers,High Risk,274,4,1190,99.10%,Personalised Recommendation
17239,At-Risk Loyal Customers,High Risk,312,4,1189,99.10%,Personalised Recommendation
14275,At-Risk Loyal Customers,High Risk,395,6,1189,98.90%,Personalised Recommendation
15259,At-Risk Loyal Customers,High Risk,512,4,1182,99.10%,Personalised Recommendation
17021,At-Risk Loyal Customers,High Risk,441,6,1182,98.90%,Personalised Recommendation
16614,At-Risk Loyal Customers,High Risk,182,3,1180,98.80%,Personalised Recommendation
18025,At-Risk Loyal Customers,High Risk,379,6,1178,98.90%,Personalised Recommendation
14370,At-Risk Loyal Customers,High Risk,450,6,1176,98.90%,Personalised Recommendation
12915,At-Risk Loyal Customers,High Risk,148,4,1175,98.10%,Personalised Recommendation
14693,At-Risk Loyal Customers,High Risk,264,7,1165,98.80%,Personalised Recommendation
17525,At-Risk Loyal Customers,High Risk,359,3,1162,99.10%,Personalised Recommendation
12972,At-Risk Loyal Customers,High Risk,413,4,1161,99.10%,Personalised Recommendation
16838,At-Risk Loyal Customers,High Risk,196,4,1160,98.80%,Personalised Recommendation
15879,At-Risk Loyal Customers,High Risk,403,4,1157,99.10%,Personalised Recommendation
17127,At-Risk Loyal Customers,High Risk,428,5,1155,98.90%,Personalised Recommendation
13462,At-Risk Loyal Customers,High Risk,252,5,1154,98.90%,Personalised Recommendation
16521,At-Risk Loyal Customers,High Risk,414,3,1148,99.10%,Personalised Recommendation
17770,At-Risk Loyal Customers,High Risk,198,5,1143,98.50%,Personalised Recommendation
13856,At-Risk Loyal Customers,High Risk,168,11,1142,96.40%,Personalised Recommendation
18218,At-Risk Loyal Customers,High Risk,210,4,1142,98.80%,Personalised Recommendation
16769,At-Risk Loyal Customers,High Risk,259,4,1142,99.10%,Personalised Recommendation
17866,At-Risk Loyal Customers,High Risk,142,3,1135,98.10%,Personalised Recommendation
17137,At-Risk Loyal Customers,High Risk,415,6,1134,98.90%,Personalised Recommendation
13393,At-Risk Loyal Customers,High Risk,583,4,1131,99.10%,Personalised Recommendation
15695,At-Risk Loyal Customers,High Risk,266,4,1131,99.10%,Personalised Recommendation
14450,At-Risk Loyal Customers,High Risk,180,7,1128,98.40%,Personalised Recommendation
13778,At-Risk Loyal Customers,High Risk,102,4,1124,98.10%,Personalised Recommendation
17492,At-Risk Loyal Customers,High Risk,247,3,1122,99.10%,Personalised Recommendation
13368,At-Risk Loyal Customers,High Risk,256,4,1122,99.10%,Personalised Recommendation
17871,At-Risk Loyal Customers,High Risk,204,5,1119,98.50%,Personalised Recommendation
16278,At-Risk Loyal Customers,High Risk,99,3,1118,98.10%,Personalised Recommendation
14672,At-Risk Loyal Customers,High Risk,234,4,1113,99.10%,Personalised Recommendation
12648,At-Risk Loyal Customers,High Risk,154,4,1112,98.10%,Personalised Recommendation
16702,At-Risk Loyal Customers,High Risk,414,4,1111,99.10%,Personalised Recommendation
14891,At-Risk Loyal Customers,High Risk,147,4,1107,98.10%,Personalised Recommendation
16391,At-Risk Loyal Customers,High Risk,400,4,1104,99.10%,Personalised Recommendation
13295,At-Risk Loyal Customers,High Risk,359,4,1102,99.10%,Personalised Recommendation
16805,At-Risk Loyal Customers,High Risk,173,5,1097,96.90%,Personalised Recommendation
14460,At-Risk Loyal Customers,High Risk,109,9,1094,96.10%,Personalised Recommendation
17726,At-Risk Loyal Customers,High Risk,394,7,1092,99.00%,Personalised Recommendation
14199,At-Risk Loyal Customers,High Risk,217,4,1092,98.90%,Personalised Recommendation
14813,At-Risk Loyal Customers,High Risk,369,4,1091,99.20%,Personalised Recommendation
14343,At-Risk Loyal Customers,High Risk,420,4,1089,99.20%,Personalised Recommendation
15535,At-Risk Loyal Customers,High Risk,172,6,1088,98.00%,Personalised Recommendation
14013,At-Risk Loyal Customers,High Risk,109,5,1085,97.80%,Personalised Recommendation
13567,At-Risk Loyal Customers,High Risk,427,4,1084,99.20%,Personalised Recommendation
14352,At-Risk Loyal Customers,High Risk,156,4,1079,98.30%,Personalised Recommendation
13656,At-Risk Loyal Customers,High Risk,164,4,1079,98.40%,Personalised Recommendation
16231,At-Risk Loyal Customers,High Risk,378,4,1078,99.20%,Personalised Recommendation
16048,At-Risk Loyal Customers,High Risk,372,4,1075,99.20%,Personalised Recommendation
15912,At-Risk Loyal Customers,High Risk,177,9,1075,97.50%,Personalised Recommendation
17854,At-Risk Loyal Customers,High Risk,184,6,1071,98.60%,Personalised Recommendation
17849,At-Risk Loyal Customers,High Risk,217,8,1064,98.60%,Personalised Recommendation
17616,At-Risk Loyal Customers,High Risk,173,4,1061,98.40%,Personalised Recommendation
15003,At-Risk Loyal Customers,High Risk,472,6,1061,99.00%,Personalised Recommendation
17421,At-Risk Loyal Customers,High Risk,385,3,1059,99.20%,Personalised Recommendation
14734,At-Risk Loyal Customers,High Risk,425,4,1056,99.20%,Personalised Recommendation
12791,At-Risk Loyal Customers,High Risk,373,6,1056,99.00%,Personalised Recommendation
15855,At-Risk Loyal Customers,High Risk,136,6,1053,97.80%,Personalised Recommendation
17578,At-Risk Loyal Customers,High Risk,217,7,1047,98.60%,Personalised Recommendation
13613,At-Risk Loyal Customers,High Risk,452,5,1040,99.00%,Personalised Recommendation
13873,At-Risk Loyal Customers,High Risk,119,8,1039,97.80%,Personalised Recommendation
17869,At-Risk Loyal Customers,High Risk,106,7,1036,97.80%,Personalised Recommendation
17926,At-Risk Loyal Customers,High Risk,132,5,1035,97.80%,Personalised Recommendation
16787,At-Risk Loyal Customers,High Risk,397,4,1035,99.20%,Personalised Recommendation
12811,At-Risk Loyal Customers,High Risk,260,5,1034,98.70%,Personalised Recommendation
17980,At-Risk Loyal Customers,High Risk,165,4,1033,97.90%,Personalised Recommendation
13000,At-Risk Loyal Customers,High Risk,106,4,1032,97.70%,Personalised Recommendation
16227,At-Risk Loyal Customers,High Risk,224,3,1027,98.90%,Personalised Recommendation
15887,At-Risk Loyal Customers,High Risk,406,3,1027,98.90%,Personalised Recommendation
17749,At-Risk Loyal Customers,High Risk,177,3,1026,98.60%,Personalised Recommendation
17362,At-Risk Loyal Customers,High Risk,238,7,1024,98.70%,Personalised Recommendation
13641,At-Risk Loyal Customers,High Risk,640,5,1016,98.70%,Personalised Recommendation
17860,At-Risk Loyal Customers,High Risk,368,4,1016,98.80%,Personalised Recommendation
16623,At-Risk Loyal Customers,High Risk,245,4,1015,98.80%,Personalised Recommendation
13466,At-Risk Loyal Customers,High Risk,183,5,1013,98.20%,Personalised Recommendation
16435,At-Risk Loyal Customers,High Risk,511,3,1012,98.80%,Personalised Recommendation
15713,At-Risk Loyal Customers,High Risk,142,4,1011,97.40%,Personalised Recommendation
13039,At-Risk Loyal Customers,High Risk,583,4,1011,98.80%,Personalised Recommendation
16572,At-Risk Loyal Customers,High Risk,126,3,1010,97.40%,Personalised Recommendation
16287,At-Risk Loyal Customers,High Risk,169,5,1007,97.40%,Personalised Recommendation
15771,At-Risk Loyal Customers,High Risk,603,3,1007,98.90%,Personalised Recommendation
17987,At-Risk Loyal Customers,High Risk,184,5,1004,98.20%,Personalised Recommendation
13857,At-Risk Loyal Customers,High Risk,392,6,1001,98.60%,Personalised Recommendation
17464,At-Risk Loyal Customers,High Risk,157,3,1001,97.60%,Personalised Recommendation
15508,At-Risk Loyal Customers,High Risk,188,6,1000,98.20%,Personalised Recommendation
13005,At-Risk Loyal Customers,High Risk,173,4,1000,97.60%,Personalised Recommendation
16699,At-Risk Loyal Customers,High Risk,379,7,995,98.60%,Personalised Recommendation
15973,At-Risk Loyal Customers,High Risk,366,3,988,98.90%,Personalised Recommendation
16130,At-Risk Loyal Customers,High Risk,421,4,987,98.90%,Personalised Recommendation
16661,At-Risk Loyal Customers,High Risk,539,4,987,98.90%,Personalised Recommendation
16254,At-Risk Loyal Customers,High Risk,377,3,985,98.90%,Personalised Recommendation
14454,At-Risk Loyal Customers,High Risk,375,5,977,98.80%,Personalised Recommendation
17123,At-Risk Loyal Customers,High Risk,161,3,977,97.80%,Personalised Recommendation
15646,At-Risk Loyal Customers,High Risk,157,5,975,97.50%,Personalised Recommendation
13223,At-Risk Loyal Customers,High Risk,199,6,969,98.30%,Personalised Recommendation
17544,At-Risk Loyal Customers,High Risk,389,3,961,98.90%,Personalised Recommendation
14994,At-Risk Loyal Customers,High Risk,381,5,961,98.80%,Personalised Recommendation
14437,At-Risk Loyal Customers,High Risk,365,5,959,98.80%,Personalised Recommendation
14958,At-Risk Loyal Customers,High Risk,146,6,958,97.30%,Personalised Recommendation
17189,At-Risk Loyal Customers,High Risk,105,5,958,97.30%,Personalised Recommendation
17298,At-Risk Loyal Customers,High Risk,100,5,958,97.30%,Personalised Recommendation
16947,At-Risk Loyal Customers,High Risk,235,5,955,98.80%,Personalised Recommendation
12414,At-Risk Loyal Customers,High Risk,216,6,952,98.30%,Personalised Recommendation
14615,At-Risk Loyal Customers,High Risk,393,5,952,98.80%,Personalised Recommendation
17955,At-Risk Loyal Customers,High Risk,198,6,950,98.30%,Personalised Recommendation
15723,At-Risk Loyal Customers,High Risk,364,4,948,98.90%,Personalised Recommendation
17356,At-Risk Loyal Customers,High Risk,311,5,946,98.80%,Personalised Recommendation
16146,At-Risk Loyal Customers,High Risk,156,4,946,97.60%,Personalised Recommendation
17604,At-Risk Loyal Customers,High Risk,216,6,946,98.30%,Personalised Recommendation
16199,At-Risk Loyal Customers,High Risk,391,7,943,98.60%,Personalised Recommendation
17363,At-Risk Loyal Customers,High Risk,394,3,941,98.90%,Personalised Recommendation
15107,At-Risk Loyal Customers,High Risk,310,9,940,97.60%,Personalised Recommendation
16109,At-Risk Loyal Customers,High Risk,218,3,939,98.50%,Personalised Recommendation
14605,At-Risk Loyal Customers,High Risk,373,4,937,98.90%,Personalised Recommendation
17472,At-Risk Loyal Customers,High Risk,190,4,935,98.50%,Personalised Recommendation
16034,At-Risk Loyal Customers,High Risk,195,6,929,98.30%,Personalised Recommendation
13288,At-Risk Loyal Customers,High Risk,442,5,928,98.80%,Personalised Recommendation
16975,At-Risk Loyal Customers,High Risk,422,3,926,98.90%,Personalised Recommendation
17322,At-Risk Loyal Customers,High Risk,375,5,923,98.80%,Personalised Recommendation
16387,At-Risk Loyal Customers,High Risk,322,5,919,98.80%,Personalised Recommendation
14549,At-Risk Loyal Customers,High Risk,310,4,917,98.90%,Personalised Recommendation
14176,At-Risk Loyal Customers,High Risk,296,5,916,98.80%,Personalised Recommendation
14133,At-Risk Loyal Customers,High Risk,129,4,911,97.70%,Personalised Recommendation
16138,At-Risk Loyal Customers,High Risk,378,3,910,98.90%,Personalised Recommendation
17746,At-Risk Loyal Customers,High Risk,239,4,904,98.90%,Personalised Recommendation
17176,At-Risk Loyal Customers,High Risk,201,3,902,98.50%,Personalised Recommendation
17226,At-Risk Loyal Customers,High Risk,308,3,900,98.90%,Personalised Recommendation
16228,At-Risk Loyal Customers,High Risk,384,3,891,98.90%,Personalised Recommendation
17968,At-Risk Loyal Customers,High Risk,373,4,888,98.90%,Personalised Recommendation
17708,At-Risk Loyal Customers,High Risk,187,4,888,98.50%,Personalised Recommendation
14686,At-Risk Loyal Customers,High Risk,413,5,886,98.80%,Personalised Recommendation
17223,At-Risk Loyal Customers,High Risk,309,3,874,98.90%,Personalised Recommendation
15224,At-Risk Loyal Customers,High Risk,357,5,871,98.80%,Personalised Recommendation
16948,At-Risk Loyal Customers,High Risk,138,7,869,97.10%,Personalised Recommendation
17167,At-Risk Loyal Customers,High Risk,379,3,867,98.90%,Personalised Recommendation
17358,At-Risk Loyal Customers,High Risk,302,5,866,98.80%,Personalised Recommendation
15483,At-Risk Loyal Customers,High Risk,160,10,862,95.30%,Personalised Recommendation
17349,At-Risk Loyal Customers,High Risk,178,5,852,98.40%,Personalised Recommendation
15266,At-Risk Loyal Customers,High Risk,337,5,852,98.80%,Personalised Recommendation
13479,At-Risk Loyal Customers,High Risk,200,4,851,98.50%,Personalised Recommendation
18108,At-Risk Loyal Customers,High Risk,253,3,849,98.90%,Personalised Recommendation
16798,At-Risk Loyal Customers,High Risk,553,3,849,98.90%,Personalised Recommendation
18078,At-Risk Loyal Customers,High Risk,216,4,845,98.50%,Personalised Recommendation
16344,At-Risk Loyal Customers,High Risk,157,4,842,97.80%,Personalised Recommendation
12891,At-Risk Loyal Customers,High Risk,185,11,840,97.10%,Personalised Recommendation
18247,At-Risk Loyal Customers,High Risk,414,3,840,98.90%,Personalised Recommendation
17332,At-Risk Loyal Customers,High Risk,527,5,838,98.80%,Personalised Recommendation
14037,At-Risk Loyal Customers,High Risk,175,6,837,97.60%,Personalised Recommendation
13795,At-Risk Loyal Customers,High Risk,387,4,836,98.90%,Personalised Recommendation
15759,At-Risk Loyal Customers,High Risk,217,7,831,98.20%,Personalised Recommendation
17003,At-Risk Loyal Customers,High Risk,401,4,830,98.90%,Personalised Recommendation
17045,At-Risk Loyal Customers,High Risk,112,5,828,97.40%,Personalised Recommendation
15945,At-Risk Loyal Customers,High Risk,364,4,827,98.90%,Personalised Recommendation
17880,At-Risk Loyal Customers,High Risk,364,3,825,98.90%,Personalised Recommendation
17952,At-Risk Loyal Customers,High Risk,377,4,820,98.90%,Personalised Recommendation
17683,At-Risk Loyal Customers,High Risk,385,3,819,98.90%,Personalised Recommendation
14656,At-Risk Loyal Customers,High Risk,168,5,815,97.60%,Personalised Recommendation
16658,At-Risk Loyal Customers,High Risk,367,6,814,98.80%,Personalised Recommendation
15644,At-Risk Loyal Customers,High Risk,165,4,813,97.80%,Personalised Recommendation
17194,At-Risk Loyal Customers,High Risk,273,3,812,98.90%,Personalised Recommendation
17251,At-Risk Loyal Customers,High Risk,362,3,812,98.90%,Personalised Recommendation
15921,At-Risk Loyal Customers,High Risk,172,4,802,97.80%,Personalised Recommendation
16806,At-Risk Loyal Customers,High Risk,102,4,801,97.70%,Personalised Recommendation
13415,At-Risk Loyal Customers,High Risk,472,4,801,98.90%,Personalised Recommendation
17023,At-Risk Loyal Customers,High Risk,416,3,800,98.90%,Personalised Recommendation
13720,At-Risk Loyal Customers,High Risk,116,4,800,97.70%,Personalised Recommendation
13041,At-Risk Loyal Customers,High Risk,450,4,799,98.90%,Personalised Recommendation
16952,At-Risk Loyal Customers,High Risk,108,5,799,97.40%,Personalised Recommendation
17801,At-Risk Loyal Customers,High Risk,450,3,798,98.90%,Personalised Recommendation
15309,At-Risk Loyal Customers,High Risk,610,4,798,98.90%,Personalised Recommendation
17281,At-Risk Loyal Customers,High Risk,373,6,798,98.80%,Personalised Recommendation
16155,At-Risk Loyal Customers,High Risk,381,5,797,98.80%,Personalised Recommendation
16961,At-Risk Loyal Customers,High Risk,115,3,795,97.70%,Personalised Recommendation
17212,At-Risk Loyal Customers,High Risk,252,3,794,98.90%,Personalised Recommendation
16679,At-Risk Loyal Customers,High Risk,365,3,793,98.90%,Personalised Recommendation
13296,At-Risk Loyal Customers,High Risk,136,6,793,97.50%,Personalised Recommendation
16250,At-Risk Loyal Customers,High Risk,260,3,791,98.90%,Personalised Recommendation
14513,At-Risk Loyal Customers,High Risk,100,6,788,97.50%,Personalised Recommendation
14463,At-Risk Loyal Customers,High Risk,97,4,787,97.70%,Personalised Recommendation
13770,At-Risk Loyal Customers,High Risk,421,4,785,98.90%,Personalised Recommendation
17691,At-Risk Loyal Customers,High Risk,357,4,780,98.80%,Personalised Recommendation
16447,At-Risk Loyal Customers,High Risk,135,3,775,97.40%,Personalised Recommendation
17889,At-Risk Loyal Customers,High Risk,211,7,775,97.90%,Personalised Recommendation
16565,At-Risk Loyal Customers,High Risk,363,4,773,98.80%,Personalised Recommendation
14247,At-Risk Loyal Customers,High Risk,277,5,773,98.60%,Personalised Recommendation
14104,At-Risk Loyal Customers,High Risk,154,5,772,97.10%,Personalised Recommendation
14998,At-Risk Loyal Customers,High Risk,169,4,771,97.60%,Personalised Recommendation
14413,At-Risk Loyal Customers,High Risk,361,4,770,98.80%,Personalised Recommendation
16392,At-Risk Loyal Customers,High Risk,269,3,763,98.80%,Personalised Recommendation
17141,At-Risk Loyal Customers,High Risk,417,4,754,98.80%,Personalised Recommendation
13070,At-Risk Loyal Customers,High Risk,191,4,752,98.30%,Personalised Recommendation
14942,At-Risk Loyal Customers,High Risk,401,4,747,98.80%,Personalised Recommendation
18190,At-Risk Loyal Customers,High Risk,191,5,746,98.20%,Personalised Recommendation
15420,At-Risk Loyal Customers,High Risk,433,6,743,98.60%,Personalised Recommendation
15938,At-Risk Loyal Customers,High Risk,111,9,735,94.40%,Personalised Recommendation
17756,At-Risk Loyal Customers,High Risk,375,3,734,98.80%,Personalised Recommendation
17615,At-Risk Loyal Customers,High Risk,129,6,733,97.10%,Personalised Recommendation
17825,At-Risk Loyal Customers,High Risk,598,4,732,98.80%,Personalised Recommendation
17548,At-Risk Loyal Customers,High Risk,233,4,731,98.80%,Personalised Recommendation
17681,At-Risk Loyal Customers,High Risk,596,5,731,98.60%,Personalised Recommendation
13921,At-Risk Loyal Customers,High Risk,401,4,731,98.80%,Personalised Recommendation
17374,At-Risk Loyal Customers,High Risk,218,3,727,98.30%,Personalised Recommendation
12573,At-Risk Loyal Customers,High Risk,226,5,717,98.60%,Personalised Recommendation
17051,At-Risk Loyal Customers,High Risk,193,4,714,98.30%,Personalised Recommendation
13512,At-Risk Loyal Customers,High Risk,260,4,713,98.80%,Personalised Recommendation
14699,At-Risk Loyal Customers,High Risk,213,4,703,98.30%,Personalised Recommendation
16997,At-Risk Loyal Customers,High Risk,287,3,702,98.80%,Personalised Recommendation
13242,At-Risk Loyal Customers,High Risk,111,7,699,96.70%,Personalised Recommendation
13101,At-Risk Loyal Customers,High Risk,233,4,695,98.80%,Personalised Recommendation
15361,At-Risk Loyal Customers,High Risk,361,4,689,98.80%,Personalised Recommendation
12450,At-Risk Loyal Customers,High Risk,155,5,688,97.10%,Personalised Recommendation
17962,At-Risk Loyal Customers,High Risk,141,4,687,97.40%,Personalised Recommendation
17935,At-Risk Loyal Customers,High Risk,137,7,686,96.70%,Personalised Recommendation
17874,At-Risk Loyal Customers,High Risk,184,6,683,98.20%,Personalised Recommendation
12601,At-Risk Loyal Customers,High Risk,189,6,681,98.20%,Personalised Recommendation
14182,At-Risk Loyal Customers,High Risk,443,4,679,98.80%,Personalised Recommendation
16226,At-Risk Loyal Customers,High Risk,202,5,672,98.20%,Personalised Recommendation
17709,At-Risk Loyal Customers,High Risk,169,5,671,97.30%,Personalised Recommendation
13217,At-Risk Loyal Customers,High Risk,121,4,666,97.40%,Personalised Recommendation
16862,At-Risk Loyal Customers,High Risk,546,4,662,98.80%,Personalised Recommendation
17375,At-Risk Loyal Customers,High Risk,198,4,661,98.30%,Personalised Recommendation
16428,At-Risk Loyal Customers,High Risk,413,3,660,98.80%,Personalised Recommendation
13433,At-Risk Loyal Customers,High Risk,500,4,658,98.80%,Personalised Recommendation
15715,At-Risk Loyal Customers,High Risk,555,5,658,98.60%,Personalised Recommendation
16696,At-Risk Loyal Customers,High Risk,134,4,658,97.40%,Personalised Recommendation
16117,At-Risk Loyal Customers,High Risk,189,3,654,98.30%,Personalised Recommendation
17398,At-Risk Loyal Customers,High Risk,114,3,653,97.40%,Personalised Recommendation
17963,At-Risk Loyal Customers,High Risk,470,4,652,98.80%,Personalised Recommendation
12855,At-Risk Loyal Customers,High Risk,372,4,651,98.80%,Personalised Recommendation
17380,At-Risk Loyal Customers,High Risk,433,3,645,98.80%,Personalised Recommendation
17312,At-Risk Loyal Customers,High Risk,138,3,644,97.40%,Personalised Recommendation
16431,At-Risk Loyal Customers,High Risk,212,3,643,98.30%,Personalised Recommendation
17998,At-Risk Loyal Customers,High Risk,379,3,639,98.80%,Personalised Recommendation
17134,At-Risk Loyal Customers,High Risk,106,3,637,97.40%,Personalised Recommendation
17334,At-Risk Loyal Customers,High Risk,301,3,635,98.80%,Personalised Recommendation
15016,At-Risk Loyal Customers,High Risk,172,5,630,97.30%,Personalised Recommendation
14283,At-Risk Loyal Customers,High Risk,462,4,628,98.70%,Personalised Recommendation
16158,At-Risk Loyal Customers,High Risk,521,9,628,97.30%,Personalised Recommendation
14455,At-Risk Loyal Customers,High Risk,431,4,628,98.70%,Personalised Recommendation
17392,At-Risk Loyal Customers,High Risk,306,3,627,98.70%,Personalised Recommendation
16792,At-Risk Loyal Customers,High Risk,281,5,623,98.60%,Personalised Recommendation
13301,At-Risk Loyal Customers,High Risk,103,4,618,97.30%,Personalised Recommendation
17639,At-Risk Loyal Customers,High Risk,275,6,615,98.60%,Personalised Recommendation
17035,At-Risk Loyal Customers,High Risk,245,4,614,98.70%,Personalised Recommendation
17209,At-Risk Loyal Customers,High Risk,648,3,612,98.70%,Personalised Recommendation
17325,At-Risk Loyal Customers,High Risk,279,3,610,98.70%,Personalised Recommendation
17707,At-Risk Loyal Customers,High Risk,184,8,609,97.90%,Personalised Recommendation
15717,At-Risk Loyal Customers,High Risk,233,5,607,98.60%,Personalised Recommendation
16780,At-Risk Loyal Customers,High Risk,99,3,606,97.20%,Personalised Recommendation
17845,At-Risk Loyal Customers,High Risk,554,4,598,98.60%,Personalised Recommendation
13684,At-Risk Loyal Customers,High Risk,285,4,597,98.60%,Personalised Recommendation
14746,At-Risk Loyal Customers,High Risk,405,4,594,98.60%,Personalised Recommendation
17098,At-Risk Loyal Customers,High Risk,381,3,591,98.70%,Personalised Recommendation
15160,At-Risk Loyal Customers,High Risk,356,4,589,98.60%,Personalised Recommendation
15624,At-Risk Loyal Customers,High Risk,116,4,588,97.00%,Personalised Recommendation
15918,At-Risk Loyal Customers,High Risk,190,3,583,98.20%,Personalised Recommendation
15959,At-Risk Loyal Customers,High Risk,681,3,579,97.70%,Personalised Recommendation
18039,At-Risk Loyal Customers,High Risk,373,4,579,98.60%,Personalised Recommendation
18262,At-Risk Loyal Customers,High Risk,139,3,578,97.20%,Personalised Recommendation
14053,At-Risk Loyal Customers,High Risk,123,4,572,97.00%,Personalised Recommendation
15920,At-Risk Loyal Customers,High Risk,153,9,572,93.50%,Personalised Recommendation
15691,At-Risk Loyal Customers,High Risk,251,4,571,98.60%,Personalised Recommendation
17122,At-Risk Loyal Customers,High Risk,118,4,570,97.00%,Personalised Recommendation
15917,At-Risk Loyal Customers,High Risk,247,5,561,98.40%,Personalised Recommendation
16707,At-Risk Loyal Customers,High Risk,399,4,551,98.30%,Personalised Recommendation
13948,At-Risk Loyal Customers,High Risk,360,4,549,98.30%,Personalised Recommendation
17580,At-Risk Loyal Customers,High Risk,252,5,545,98.10%,Personalised Recommendation
16927,At-Risk Loyal Customers,High Risk,115,3,543,96.60%,Personalised Recommendation
13785,At-Risk Loyal Customers,High Risk,428,4,542,98.30%,Personalised Recommendation
16060,At-Risk Loyal Customers,High Risk,400,3,542,98.40%,Personalised Recommendation
16647,At-Risk Loyal Customers,High Risk,169,4,542,96.60%,Personalised Recommendation
17524,At-Risk Loyal Customers,High Risk,360,3,539,98.40%,Personalised Recommendation
15890,At-Risk Loyal Customers,High Risk,394,5,536,98.10%,Personalised Recommendation
16935,At-Risk Loyal Customers,High Risk,381,3,535,98.40%,Personalised Recommendation
17765,At-Risk Loyal Customers,High Risk,158,4,531,96.60%,Personalised Recommendation
14616,At-Risk Loyal Customers,High Risk,242,5,528,98.10%,Personalised Recommendation
16421,At-Risk Loyal Customers,High Risk,375,3,526,98.40%,Personalised Recommendation
12956,At-Risk Loyal Customers,High Risk,305,4,522,98.30%,Personalised Recommendation
12977,At-Risk Loyal Customers,High Risk,155,4,518,96.30%,Personalised Recommendation
14949,At-Risk Loyal Customers,High Risk,468,4,515,98.30%,Personalised Recommendation
13642,At-Risk Loyal Customers,High Risk,215,4,515,97.70%,Personalised Recommendation
12897,At-Risk Loyal Customers,High Risk,204,4,514,97.70%,Personalised Recommendation
12361,At-Risk Loyal Customers,High Risk,286,4,511,98.30%,Personalised Recommendation
17110,At-Risk Loyal Customers,High Risk,164,3,511,96.90%,Personalised Recommendation
18203,At-Risk Loyal Customers,High Risk,156,4,504,96.30%,Personalised Recommendation
15881,At-Risk Loyal Customers,High Risk,311,5,501,98.10%,Personalised Recommendation
17256,At-Risk Loyal Customers,High Risk,106,5,499,96.00%,Personalised Recommendation
17923,At-Risk Loyal Customers,High Risk,281,3,497,98.40%,Personalised Recommendation
15278,At-Risk Loyal Customers,High Risk,561,4,496,98.30%,Personalised Recommendation
16977,At-Risk Loyal Customers,High Risk,394,4,496,98.30%,Personalised Recommendation
17995,At-Risk Loyal Customers,High Risk,281,3,495,98.40%,Personalised Recommendation
15447,At-Risk Loyal Customers,High Risk,330,5,493,98.10%,Personalised Recommendation
17996,At-Risk Loyal Customers,High Risk,379,3,482,98.50%,Personalised Recommendation
15780,At-Risk Loyal Customers,High Risk,183,3,475,98.00%,Personalised Recommendation
14322,At-Risk Loyal Customers,High Risk,428,4,474,98.40%,Personalised Recommendation
16473,At-Risk Loyal Customers,High Risk,164,4,471,96.90%,Personalised Recommendation
16390,At-Risk Loyal Customers,High Risk,536,3,468,98.50%,Personalised Recommendation
17067,At-Risk Loyal Customers,High Risk,724,3,455,98.70%,Personalised Recommendation
13489,At-Risk Loyal Customers,High Risk,104,4,450,94.10%,Personalised Recommendation
16939,At-Risk Loyal Customers,High Risk,488,3,449,97.40%,Personalised Recommendation
12788,At-Risk Loyal Customers,High Risk,462,4,445,97.20%,Personalised Recommendation
17807,At-Risk Loyal Customers,High Risk,394,3,438,97.40%,Personalised Recommendation
16888,At-Risk Loyal Customers,High Risk,400,3,437,97.40%,Personalised Recommendation
13413,At-Risk Loyal Customers,High Risk,639,6,429,97.20%,Personalised Recommendation
16324,At-Risk Loyal Customers,High Risk,127,3,429,95.10%,Personalised Recommendation
17740,At-Risk Loyal Customers,High Risk,388,6,427,97.20%,Personalised Recommendation
16913,At-Risk Loyal Customers,High Risk,289,3,424,97.70%,Personalised Recommendation
16832,At-Risk Loyal Customers,High Risk,183,5,418,96.30%,Personalised Recommendation
16816,At-Risk Loyal Customers,High Risk,102,4,417,94.70%,Personalised Recommendation
16356,At-Risk Loyal Customers,High Risk,197,6,416,96.30%,Personalised Recommendation
15960,At-Risk Loyal Customers,High Risk,373,4,411,97.50%,Personalised Recommendation
16998,At-Risk Loyal Customers,High Risk,149,5,402,94.20%,Personalised Recommendation
18048,At-Risk Loyal Customers,High Risk,202,3,402,96.90%,Personalised Recommendation
16538,At-Risk Loyal Customers,High Risk,540,3,400,97.70%,Personalised Recommendation
15577,At-Risk Loyal Customers,High Risk,150,5,398,94.20%,Personalised Recommendation
17918,At-Risk Loyal Customers,High Risk,500,3,396,97.70%,Personalised Recommendation
16868,At-Risk Loyal Customers,High Risk,393,3,393,97.70%,Personalised Recommendation
16827,At-Risk Loyal Customers,High Risk,392,5,392,97.20%,Personalised Recommendation
17753,At-Risk Loyal Customers,High Risk,463,4,391,97.50%,Personalised Recommendation
12889,At-Risk Loyal Customers,High Risk,380,4,385,97.50%,Personalised Recommendation
17804,At-Risk Loyal Customers,High Risk,375,3,385,97.70%,Personalised Recommendation
12651,At-Risk Loyal Customers,High Risk,334,4,378,97.50%,Personalised Recommendation
16544,At-Risk Loyal Customers,High Risk,519,4,377,97.50%,Personalised Recommendation
17912,At-Risk Loyal Customers,High Risk,309,6,376,97.20%,Personalised Recommendation
13187,At-Risk Loyal Customers,High Risk,336,4,367,97.50%,Personalised Recommendation
14962,At-Risk Loyal Customers,High Risk,270,4,367,97.50%,Personalised Recommendation
17536,At-Risk Loyal Customers,High Risk,176,3,365,96.90%,Personalised Recommendation
16378,At-Risk Loyal Customers,High Risk,246,3,363,97.70%,Personalised Recommendation
16259,At-Risk Loyal Customers,High Risk,409,3,362,97.70%,Personalised Recommendation
17945,At-Risk Loyal Customers,High Risk,696,3,360,98.00%,Personalised Recommendation
17200,At-Risk Loyal Customers,High Risk,386,4,357,97.50%,Personalised Recommendation
12845,At-Risk Loyal Customers,High Risk,266,4,354,97.50%,Personalised Recommendation
17780,At-Risk Loyal Customers,High Risk,666,3,353,97.90%,Personalised Recommendation
17542,At-Risk Loyal Customers,High Risk,269,3,342,97.70%,Personalised Recommendation
16234,At-Risk Loyal Customers,High Risk,475,3,333,97.70%,Personalised Recommendation
15512,At-Risk Loyal Customers,High Risk,155,4,332,93.60%,Personalised Recommendation
16436,At-Risk Loyal Customers,High Risk,667,3,329,97.90%,Personalised Recommendation
15869,At-Risk Loyal Customers,High Risk,276,3,324,97.70%,Personalised Recommendation
17440,At-Risk Loyal Customers,High Risk,156,4,324,93.60%,Personalised Recommendation
17991,At-Risk Loyal Customers,High Risk,224,3,321,97.70%,Personalised Recommendation
17408,At-Risk Loyal Customers,High Risk,162,3,316,94.50%,Personalised Recommendation
15873,At-Risk Loyal Customers,High Risk,499,4,314,97.50%,Personalised Recommendation
16050,At-Risk Loyal Customers,High Risk,173,3,301,94.50%,Personalised Recommendation
13346,At-Risk Loyal Customers,High Risk,462,6,299,97.20%,Personalised Recommendation
18018,At-Risk Loyal Customers,High Risk,107,4,298,93.60%,Personalised Recommendation
16890,At-Risk Loyal Customers,High Risk,476,3,285,97.70%,Personalised Recommendation
13080,At-Risk Loyal Customers,High Risk,178,4,281,96.60%,Personalised Recommendation
17808,At-Risk Loyal Customers,High Risk,548,4,263,97.50%,Personalised Recommendation
15852,At-Risk Loyal Customers,High Risk,186,3,257,96.90%,Personalised Recommendation
18002,At-Risk Loyal Customers,High Risk,375,4,250,97.50%,Personalised Recommendation
17185,At-Risk Loyal Customers,High Risk,591,3,229,97.70%,Personalised Recommendation
17026,At-Risk Loyal Customers,High Risk,184,3,209,96.90%,Personalised Recommendation
16866,At-Risk Loyal Customers,High Risk,140,3,208,94.10%,Personalised Recommendation
16112,At-Risk Loyal Customers,High Risk,142,4,196,93.60%,Personalised Recommendation
15359,At-Risk Loyal Customers,High Risk,662,8,181,96.90%,Personalised Recommendation
18037,At-Risk Loyal Customers,High Risk,153,15,167,79.00%,Personalised Recommendation
17960,At-Risk Loyal Customers,High Risk,170,3,135,94.20%,Personalised Recommendation
17763,At-Risk Loyal Customers,High Risk,262,4,86,83.60%,Personalised Recommendation
16446,Emerging Customers,Low Risk,0,2,168472,1.20%,Nurture -  Early Access Deal
15195,Emerging Customers,Low Risk,2,1,3861,1.40%,Nurture -  Early Access Deal
12950,Emerging Customers,Low Risk,1,3,1843,2.00%,Nurture -  Early Access Deal
12526,Emerging Customers,Low Risk,0,3,1317,1.70%,Nurture -  Early Access Deal
15471,Emerging Customers,Low Risk,1,3,1317,1.70%,Nurture -  Early Access Deal
12985,Emerging Customers,Low Risk,0,2,1239,2.20%,Nurture -  Early Access Deal
12673,Emerging Customers,Low Risk,4,3,1230,28.80%,Nurture -  Early Access Deal
13521,Emerging Customers,Low Risk,0,3,1094,1.50%,Nurture -  Early Access Deal
12716,Emerging Customers,Low Risk,3,2,1053,23.50%,Nurture -  Early Access Deal
17144,Emerging Customers,Low Risk,0,2,985,1.70%,Nurture -  Early Access Deal
14138,Emerging Customers,Low Risk,1,2,982,1.70%,Nurture -  Early Access Deal
12994,Emerging Customers,Low Risk,3,3,974,16.80%,Nurture -  Early Access Deal
15156,Emerging Customers,Low Risk,0,3,961,1.50%,Nurture -  Early Access Deal
14629,Emerging Customers,Low Risk,3,2,959,18.90%,Nurture -  Early Access Deal
14140,Emerging Customers,Low Risk,3,2,935,18.90%,Nurture -  Early Access Deal
15097,Emerging Customers,Low Risk,3,3,908,16.80%,Nurture -  Early Access Deal
12713,Emerging Customers,Low Risk,0,1,849,1.20%,Nurture -  Early Access Deal
14087,Emerging Customers,Low Risk,2,3,846,1.50%,Nurture -  Early Access Deal
15399,Emerging Customers,Low Risk,0,3,816,1.50%,Nurture -  Early Access Deal
12628,Emerging Customers,Low Risk,3,3,786,25.10%,Nurture -  Early Access Deal
13314,Emerging Customers,Low Risk,1,3,776,1.10%,Nurture -  Early Access Deal
15773,Emerging Customers,Low Risk,5,2,775,25.60%,Nurture -  Early Access Deal
15568,Emerging Customers,Low Risk,2,3,758,1.10%,Nurture -  Early Access Deal
13780,Emerging Customers,Low Risk,6,3,736,19.80%,Nurture -  Early Access Deal
12925,Emerging Customers,Low Risk,4,3,729,15.00%,Nurture -  Early Access Deal
15274,Emerging Customers,Low Risk,3,2,717,13.40%,Nurture -  Early Access Deal
15053,Emerging Customers,Low Risk,4,3,698,13.70%,Nurture -  Early Access Deal
13596,Emerging Customers,Low Risk,5,2,697,25.60%,Nurture -  Early Access Deal
12478,Emerging Customers,Low Risk,3,1,681,13.40%,Nurture -  Early Access Deal
14720,Emerging Customers,Low Risk,5,3,664,21.40%,Nurture -  Early Access Deal
12719,Emerging Customers,Low Risk,4,2,645,16.70%,Nurture -  Early Access Deal
13318,Emerging Customers,Low Risk,0,3,641,1.00%,Nurture -  Early Access Deal
14594,Emerging Customers,Low Risk,6,2,635,23.80%,Nurture -  Early Access Deal
14219,Emerging Customers,Low Risk,3,3,634,8.50%,Nurture -  Early Access Deal
13822,Emerging Customers,Low Risk,5,2,632,20.60%,Nurture -  Early Access Deal
17119,Emerging Customers,Low Risk,2,2,607,0.80%,Nurture -  Early Access Deal
13311,Emerging Customers,Low Risk,3,2,599,9.90%,Nurture -  Early Access Deal
14023,Emerging Customers,Low Risk,6,2,584,18.10%,Nurture -  Early Access Deal
15344,Emerging Customers,Low Risk,0,3,564,0.80%,Nurture -  Early Access Deal
17503,Emerging Customers,Low Risk,2,2,559,0.90%,Nurture -  Early Access Deal
16811,Emerging Customers,Low Risk,4,2,547,12.40%,Nurture -  Early Access Deal
15539,Emerging Customers,Low Risk,6,1,538,29.80%,Nurture -  Early Access Deal
16561,Emerging Customers,Low Risk,5,2,511,19.60%,Nurture -  Early Access Deal
15877,Emerging Customers,Low Risk,1,2,493,0.90%,Nurture -  Early Access Deal
13954,Emerging Customers,Low Risk,1,2,440,0.70%,Nurture -  Early Access Deal
16968,Emerging Customers,Low Risk,3,2,439,7.70%,Nurture -  Early Access Deal
12827,Emerging Customers,Low Risk,5,3,430,15.90%,Nurture -  Early Access Deal
17232,Emerging Customers,Low Risk,2,2,422,0.80%,Nurture -  Early Access Deal
15883,Emerging Customers,Low Risk,1,2,396,0.80%,Nurture -  Early Access Deal
13083,Emerging Customers,Low Risk,3,3,395,6.00%,Nurture -  Early Access Deal
17936,Emerging Customers,Low Risk,4,1,390,16.80%,Nurture -  Early Access Deal
17250,Emerging Customers,Low Risk,3,2,385,8.60%,Nurture -  Early Access Deal
16988,Emerging Customers,Low Risk,4,2,383,9.00%,Nurture -  Early Access Deal
13298,Emerging Customers,Low Risk,0,1,360,1.10%,Nurture -  Early Access Deal
13790,Emerging Customers,Low Risk,3,1,349,12.10%,Nurture -  Early Access Deal
17668,Emerging Customers,Low Risk,0,2,348,0.60%,Nurture -  Early Access Deal
15520,Emerging Customers,Low Risk,1,1,344,1.10%,Nurture -  Early Access Deal
17914,Emerging Customers,Low Risk,3,1,336,12.10%,Nurture -  Early Access Deal
16322,Emerging Customers,Low Risk,0,2,327,0.60%,Nurture -  Early Access Deal
12650,Emerging Customers,Low Risk,2,1,314,1.10%,Nurture -  Early Access Deal
15318,Emerging Customers,Low Risk,3,1,313,12.10%,Nurture -  Early Access Deal
17383,Emerging Customers,Low Risk,3,2,310,7.10%,Nurture -  Early Access Deal
16313,Emerging Customers,Low Risk,2,2,274,0.60%,Nurture -  Early Access Deal
14520,Emerging Customers,Low Risk,1,2,271,0.60%,Nurture -  Early Access Deal
12962,Emerging Customers,Low Risk,6,2,266,13.40%,Nurture -  Early Access Deal
13404,Emerging Customers,Low Risk,0,2,252,0.60%,Nurture -  Early Access Deal
18005,Emerging Customers,Low Risk,3,2,250,7.10%,Nurture -  Early Access Deal
14658,Emerging Customers,Low Risk,4,2,247,9.00%,Nurture -  Early Access Deal
16528,Emerging Customers,Low Risk,3,1,244,12.10%,Nurture -  Early Access Deal
15690,Emerging Customers,Low Risk,3,2,240,7.10%,Nurture -  Early Access Deal
18030,Emerging Customers,Low Risk,3,2,231,7.10%,Nurture -  Early Access Deal
14960,Emerging Customers,Low Risk,7,2,221,28.20%,Nurture -  Early Access Deal
13017,Emerging Customers,Low Risk,6,1,204,28.70%,Nurture -  Early Access Deal
14385,Emerging Customers,Low Risk,8,3,202,24.80%,Nurture -  Early Access Deal
13436,Emerging Customers,Low Risk,1,1,197,1.10%,Nurture -  Early Access Deal
18282,Emerging Customers,Low Risk,7,2,178,28.20%,Nurture -  Early Access Deal
14287,Emerging Customers,Low Risk,7,3,177,21.10%,Nurture -  Early Access Deal
13560,Emerging Customers,Low Risk,6,1,174,28.70%,Nurture -  Early Access Deal
12442,Emerging Customers,Low Risk,2,1,172,1.10%,Nurture -  Early Access Deal
12367,Emerging Customers,Low Risk,3,1,169,12.10%,Nurture -  Early Access Deal
14578,Emerging Customers,Low Risk,2,1,169,1.10%,Nurture -  Early Access Deal
14354,Emerging Customers,Low Risk,5,2,164,14.50%,Nurture -  Early Access Deal
18174,Emerging Customers,Low Risk,6,2,162,13.40%,Nurture -  Early Access Deal
18015,Emerging Customers,Low Risk,3,1,120,12.10%,Nurture -  Early Access Deal
16597,Emerging Customers,Low Risk,3,1,90,10.30%,Nurture -  Early Access Deal
16953,Emerging Customers,Low Risk,29,1,21,25.90%,Nurture -  Early Access Deal
13256,Emerging Customers,Low Risk,13,1,0,14.50%,Nurture -  Early Access Deal
13868,Emerging Customers,Medium Risk,6,2,3193,60.20%,Send Discount Code
12560,Emerging Customers,Medium Risk,4,3,2134,40.10%,Send Discount Code
14418,Emerging Customers,Medium Risk,3,3,1937,30.50%,Send Discount Code
14250,Emerging Customers,Medium Risk,6,3,1904,54.50%,Send Discount Code
14759,Emerging Customers,Medium Risk,4,3,1626,35.00%,Send Discount Code
12646,Emerging Customers,Medium Risk,4,2,1347,40.40%,Send Discount Code
14788,Emerging Customers,Medium Risk,6,3,1156,41.00%,Send Discount Code
12572,Emerging Customers,Medium Risk,8,2,1020,67.50%,Send Discount Code
12403,Emerging Customers,Medium Risk,49,2,1019,66.20%,Send Discount Code
16376,Emerging Customers,Medium Risk,8,2,987,59.20%,Send Discount Code
18156,Emerging Customers,Medium Risk,12,2,941,69.90%,Send Discount Code
15654,Emerging Customers,Medium Risk,8,2,923,59.20%,Send Discount Code
13255,Emerging Customers,Medium Risk,8,3,904,53.50%,Send Discount Code
17566,Emerging Customers,Medium Risk,7,2,901,51.80%,Send Discount Code
12953,Emerging Customers,Medium Risk,9,2,829,61.90%,Send Discount Code
15414,Emerging Customers,Medium Risk,9,3,775,48.90%,Send Discount Code
17466,Emerging Customers,Medium Risk,9,2,763,54.60%,Send Discount Code
14470,Emerging Customers,Medium Risk,11,3,712,54.90%,Send Discount Code
16364,Emerging Customers,Medium Risk,11,2,707,60.60%,Send Discount Code
13040,Emerging Customers,Medium Risk,8,2,677,49.50%,Send Discount Code
13496,Emerging Customers,Medium Risk,10,2,653,54.60%,Send Discount Code
15297,Emerging Customers,Medium Risk,9,3,642,48.90%,Send Discount Code
13525,Emerging Customers,Medium Risk,14,2,629,53.00%,Send Discount Code
13914,Emerging Customers,Medium Risk,11,2,626,53.70%,Send Discount Code
15634,Emerging Customers,Medium Risk,16,2,555,68.50%,Send Discount Code
14539,Emerging Customers,Medium Risk,15,2,537,51.50%,Send Discount Code
17458,Emerging Customers,Medium Risk,14,2,530,51.50%,Send Discount Code
15467,Emerging Customers,Medium Risk,8,3,525,37.20%,Send Discount Code
14954,Emerging Customers,Medium Risk,11,2,503,52.10%,Send Discount Code
16616,Emerging Customers,Medium Risk,14,2,500,51.50%,Send Discount Code
13428,Emerging Customers,Medium Risk,9,3,500,42.10%,Send Discount Code
13153,Emerging Customers,Medium Risk,5,1,486,31.90%,Send Discount Code
14335,Emerging Customers,Medium Risk,15,2,468,51.50%,Send Discount Code
15540,Emerging Customers,Medium Risk,10,2,461,43.40%,Send Discount Code
12375,Emerging Customers,Medium Risk,10,2,458,43.40%,Send Discount Code
18158,Emerging Customers,Medium Risk,8,2,453,50.50%,Send Discount Code
14784,Emerging Customers,Medium Risk,25,3,450,66.10%,Send Discount Code
18110,Emerging Customers,Medium Risk,19,2,435,66.50%,Send Discount Code
14581,Emerging Customers,Medium Risk,16,2,434,62.40%,Send Discount Code
13565,Emerging Customers,Medium Risk,18,3,415,56.30%,Send Discount Code
17767,Emerging Customers,Medium Risk,14,2,413,47.50%,Send Discount Code
12498,Emerging Customers,Medium Risk,20,3,404,56.30%,Send Discount Code
13673,Emerging Customers,Medium Risk,18,2,397,69.00%,Send Discount Code
17595,Emerging Customers,Medium Risk,11,2,389,48.20%,Send Discount Code
13899,Emerging Customers,Medium Risk,15,2,389,47.50%,Send Discount Code
17711,Emerging Customers,Medium Risk,10,2,385,42.10%,Send Discount Code
13657,Emerging Customers,Medium Risk,10,2,382,37.40%,Send Discount Code
14448,Emerging Customers,Medium Risk,8,2,375,32.70%,Send Discount Code
15949,Emerging Customers,Medium Risk,16,2,365,60.40%,Send Discount Code
13962,Emerging Customers,Medium Risk,21,3,363,57.10%,Send Discount Code
18040,Emerging Customers,Medium Risk,18,2,357,64.60%,Send Discount Code
13068,Emerging Customers,Medium Risk,9,2,344,37.40%,Send Discount Code
17301,Emerging Customers,Medium Risk,20,2,330,64.60%,Send Discount Code
15163,Emerging Customers,Medium Risk,17,2,304,64.60%,Send Discount Code
15054,Emerging Customers,Medium Risk,11,2,302,43.20%,Send Discount Code
16479,Emerging Customers,Medium Risk,9,2,301,37.40%,Send Discount Code
13739,Emerging Customers,Medium Risk,17,2,292,64.60%,Send Discount Code
17359,Emerging Customers,Medium Risk,10,2,284,37.40%,Send Discount Code
13058,Emerging Customers,Medium Risk,24,3,271,60.90%,Send Discount Code
13189,Emerging Customers,Medium Risk,18,2,261,64.60%,Send Discount Code
13960,Emerging Customers,Medium Risk,20,2,230,64.60%,Send Discount Code
13403,Emerging Customers,Medium Risk,17,3,230,51.30%,Send Discount Code
16666,Emerging Customers,Medium Risk,18,2,226,64.60%,Send Discount Code
16189,Emerging Customers,Medium Risk,15,2,215,42.60%,Send Discount Code
13978,Emerging Customers,Medium Risk,14,2,197,42.60%,Send Discount Code
14768,Emerging Customers,Medium Risk,16,2,193,60.40%,Send Discount Code
17737,Emerging Customers,Medium Risk,8,2,168,32.70%,Send Discount Code
16852,Emerging Customers,Medium Risk,9,2,145,37.40%,Send Discount Code
14836,Emerging Customers,Medium Risk,9,3,102,36.00%,Send Discount Code
16506,Emerging Customers,Medium Risk,19,2,90,31.20%,Send Discount Code
15603,Emerging Customers,Medium Risk,78,2,88,68.20%,Send Discount Code
14785,Emerging Customers,Medium Risk,9,2,77,38.90%,Send Discount Code
15516,Emerging Customers,Medium Risk,44,3,62,51.20%,Send Discount Code
14300,Emerging Customers,Medium Risk,18,1,43,66.40%,Send Discount Code
15744,Emerging Customers,Medium Risk,77,1,35,66.70%,Send Discount Code
15657,Emerging Customers,Medium Risk,22,1,30,43.10%,Send Discount Code
17986,Emerging Customers,Medium Risk,55,1,21,31.50%,Send Discount Code
16878,Emerging Customers,Medium Risk,83,1,13,45.00%,Send Discount Code
12357,Emerging Customers,High Risk,32,3,18288,97.40%,Low-Cost Re-engagement
12536,Emerging Customers,High Risk,42,3,12602,97.40%,Low-Cost Re-engagement
12497,Emerging Customers,High Risk,81,3,6248,98.40%,Low-Cost Re-engagement
13763,Emerging Customers,High Risk,62,3,5217,98.30%,Low-Cost Re-engagement
12752,Emerging Customers,High Risk,80,1,4367,96.30%,Low-Cost Re-engagement
16240,Emerging Customers,High Risk,23,2,3719,93.60%,Low-Cost Re-engagement
15113,Emerging Customers,High Risk,9,3,3609,73.40%,Low-Cost Re-engagement
15676,Emerging Customers,High Risk,18,3,3436,90.80%,Low-Cost Re-engagement
12456,Emerging Customers,High Risk,43,3,3181,97.40%,Low-Cost Re-engagement
14544,Emerging Customers,High Risk,23,3,2982,93.90%,Low-Cost Re-engagement
12438,Emerging Customers,High Risk,13,2,2907,83.40%,Low-Cost Re-engagement
14125,Emerging Customers,High Risk,10,3,2740,76.80%,Low-Cost Re-engagement
14756,Emerging Customers,High Risk,14,3,2654,82.20%,Low-Cost Re-engagement
13422,Emerging Customers,High Risk,63,1,2626,95.90%,Low-Cost Re-engagement
13344,Emerging Customers,High Risk,67,3,2544,98.30%,Low-Cost Re-engagement
12397,Emerging Customers,High Risk,35,2,2410,97.00%,Low-Cost Re-engagement
15341,Emerging Customers,High Risk,80,2,2403,98.20%,Low-Cost Re-engagement
17313,Emerging Customers,High Risk,30,1,2329,97.00%,Low-Cost Re-engagement
13091,Emerging Customers,High Risk,27,3,2322,95.30%,Low-Cost Re-engagement
13814,Emerging Customers,High Risk,91,3,2257,98.20%,Low-Cost Re-engagement
13365,Emerging Customers,High Risk,33,2,2225,97.00%,Low-Cost Re-engagement
14212,Emerging Customers,High Risk,89,2,2190,98.20%,Low-Cost Re-engagement
13224,Emerging Customers,High Risk,59,2,2156,98.10%,Low-Cost Re-engagement
13517,Emerging Customers,High Risk,59,3,2128,98.10%,Low-Cost Re-engagement
17846,Emerging Customers,High Risk,84,1,2033,94.40%,Low-Cost Re-engagement
15478,Emerging Customers,High Risk,39,3,2025,97.00%,Low-Cost Re-engagement
15531,Emerging Customers,High Risk,7,2,2007,72.90%,Low-Cost Re-engagement
14014,Emerging Customers,High Risk,76,3,1948,98.20%,Low-Cost Re-engagement
12531,Emerging Customers,High Risk,14,2,1933,82.30%,Low-Cost Re-engagement
12762,Emerging Customers,High Risk,7,2,1899,72.90%,Low-Cost Re-engagement
15678,Emerging Customers,High Risk,52,3,1894,97.00%,Low-Cost Re-engagement
14887,Emerging Customers,High Risk,78,1,1862,97.90%,Low-Cost Re-engagement
14305,Emerging Customers,High Risk,70,3,1859,98.20%,Low-Cost Re-engagement
12694,Emerging Customers,High Risk,69,3,1843,98.20%,Low-Cost Re-engagement
17919,Emerging Customers,High Risk,87,2,1840,98.20%,Low-Cost Re-engagement
14893,Emerging Customers,High Risk,9,3,1810,76.60%,Low-Cost Re-engagement
12784,Emerging Customers,High Risk,8,3,1805,71.60%,Low-Cost Re-engagement
13375,Emerging Customers,High Risk,88,2,1792,98.20%,Low-Cost Re-engagement
16380,Emerging Customers,High Risk,60,1,1781,97.80%,Low-Cost Re-engagement
14387,Emerging Customers,High Risk,32,3,1771,97.00%,Low-Cost Re-engagement
16751,Emerging Customers,High Risk,30,1,1765,97.00%,Low-Cost Re-engagement
12425,Emerging Customers,High Risk,77,2,1741,98.20%,Low-Cost Re-engagement
13363,Emerging Customers,High Risk,17,3,1724,89.70%,Low-Cost Re-engagement
15947,Emerging Customers,High Risk,82,1,1708,98.20%,Low-Cost Re-engagement
12847,Emerging Customers,High Risk,21,2,1637,91.50%,Low-Cost Re-engagement
12398,Emerging Customers,High Risk,45,1,1636,98.40%,Low-Cost Re-engagement
14164,Emerging Customers,High Risk,70,2,1632,98.10%,Low-Cost Re-engagement
14937,Emerging Customers,High Risk,56,3,1622,98.00%,Low-Cost Re-engagement
12607,Emerging Customers,High Risk,59,1,1580,98.10%,Low-Cost Re-engagement
13186,Emerging Customers,High Risk,39,3,1576,97.00%,Low-Cost Re-engagement
17977,Emerging Customers,High Risk,28,2,1566,95.20%,Low-Cost Re-engagement
16491,Emerging Customers,High Risk,46,2,1533,97.00%,Low-Cost Re-engagement
14567,Emerging Customers,High Risk,56,2,1530,98.00%,Low-Cost Re-engagement
13810,Emerging Customers,High Risk,28,3,1499,95.20%,Low-Cost Re-engagement
14894,Emerging Customers,High Risk,84,3,1493,98.10%,Low-Cost Re-engagement
15427,Emerging Customers,High Risk,32,3,1483,97.00%,Low-Cost Re-engagement
15630,Emerging Customers,High Risk,44,3,1481,97.00%,Low-Cost Re-engagement
12882,Emerging Customers,High Risk,8,2,1463,75.70%,Low-Cost Re-engagement
13165,Emerging Customers,High Risk,45,3,1451,97.00%,Low-Cost Re-engagement
13023,Emerging Customers,High Risk,63,3,1449,98.00%,Low-Cost Re-engagement
15468,Emerging Customers,High Risk,50,3,1430,97.00%,Low-Cost Re-engagement
14412,Emerging Customers,High Risk,42,3,1426,97.00%,Low-Cost Re-engagement
14019,Emerging Customers,High Risk,46,3,1422,97.00%,Low-Cost Re-engagement
14775,Emerging Customers,High Risk,57,3,1418,98.00%,Low-Cost Re-engagement
15444,Emerging Customers,High Risk,8,2,1418,75.70%,Low-Cost Re-engagement
15322,Emerging Customers,High Risk,85,2,1391,98.10%,Low-Cost Re-engagement
15154,Emerging Customers,High Risk,74,3,1388,98.10%,Low-Cost Re-engagement
12886,Emerging Customers,High Risk,67,2,1378,98.10%,Low-Cost Re-engagement
13035,Emerging Customers,High Risk,73,3,1364,98.10%,Low-Cost Re-engagement
13396,Emerging Customers,High Risk,28,2,1361,95.20%,Low-Cost Re-engagement
13639,Emerging Customers,High Risk,73,2,1346,98.10%,Low-Cost Re-engagement
15398,Emerging Customers,High Risk,15,2,1346,82.00%,Low-Cost Re-engagement
12620,Emerging Customers,High Risk,14,3,1339,81.00%,Low-Cost Re-engagement
14921,Emerging Customers,High Risk,29,2,1316,95.20%,Low-Cost Re-engagement
14856,Emerging Customers,High Risk,35,3,1311,97.00%,Low-Cost Re-engagement
15677,Emerging Customers,High Risk,48,3,1306,97.00%,Low-Cost Re-engagement
14284,Emerging Customers,High Risk,30,3,1300,95.20%,Low-Cost Re-engagement
12488,Emerging Customers,High Risk,9,3,1299,76.20%,Low-Cost Re-engagement
12372,Emerging Customers,High Risk,71,3,1298,98.10%,Low-Cost Re-engagement
14474,Emerging Customers,High Risk,45,2,1278,97.00%,Low-Cost Re-engagement
15211,Emerging Customers,High Risk,59,2,1277,98.00%,Low-Cost Re-engagement
12394,Emerging Customers,High Risk,63,2,1272,98.00%,Low-Cost Re-engagement
16527,Emerging Customers,High Risk,80,2,1272,98.10%,Low-Cost Re-engagement
12630,Emerging Customers,High Risk,9,2,1271,80.20%,Low-Cost Re-engagement
17037,Emerging Customers,High Risk,87,1,1267,97.50%,Low-Cost Re-engagement
15009,Emerging Customers,High Risk,11,3,1262,80.20%,Low-Cost Re-engagement
13689,Emerging Customers,High Risk,62,2,1260,98.00%,Low-Cost Re-engagement
15599,Emerging Customers,High Risk,26,3,1250,95.20%,Low-Cost Re-engagement
14383,Emerging Customers,High Risk,37,3,1248,97.00%,Low-Cost Re-engagement
12689,Emerging Customers,High Risk,25,2,1248,95.20%,Low-Cost Re-engagement
14240,Emerging Customers,High Risk,29,3,1247,95.20%,Low-Cost Re-engagement
14382,Emerging Customers,High Risk,25,2,1247,95.20%,Low-Cost Re-engagement
15376,Emerging Customers,High Risk,39,3,1233,97.00%,Low-Cost Re-engagement
18080,Emerging Customers,High Risk,18,2,1232,89.60%,Low-Cost Re-engagement
13030,Emerging Customers,High Risk,10,2,1227,77.70%,Low-Cost Re-engagement
15269,Emerging Customers,High Risk,23,3,1225,93.00%,Low-Cost Re-engagement
13918,Emerging Customers,High Risk,49,2,1213,97.00%,Low-Cost Re-engagement
16653,Emerging Customers,High Risk,15,2,1213,82.00%,Low-Cost Re-engagement
14193,Emerging Customers,High Risk,67,3,1210,98.10%,Low-Cost Re-engagement
16800,Emerging Customers,High Risk,10,1,1201,93.60%,Low-Cost Re-engagement
16345,Emerging Customers,High Risk,43,2,1199,97.00%,Low-Cost Re-engagement
12611,Emerging Customers,High Risk,51,1,1193,98.40%,Low-Cost Re-engagement
12462,Emerging Customers,High Risk,18,2,1190,89.60%,Low-Cost Re-engagement
12885,Emerging Customers,High Risk,62,3,1175,98.00%,Low-Cost Re-engagement
12640,Emerging Customers,High Risk,23,3,1175,93.00%,Low-Cost Re-engagement
14261,Emerging Customers,High Risk,50,2,1163,97.00%,Low-Cost Re-engagement
12546,Emerging Customers,High Risk,46,2,1162,97.00%,Low-Cost Re-engagement
13897,Emerging Customers,High Risk,49,3,1161,97.00%,Low-Cost Re-engagement
15088,Emerging Customers,High Risk,20,2,1160,89.60%,Low-Cost Re-engagement
13744,Emerging Customers,High Risk,94,2,1156,98.10%,Low-Cost Re-engagement
12475,Emerging Customers,High Risk,53,2,1150,97.00%,Low-Cost Re-engagement
13109,Emerging Customers,High Risk,59,3,1134,98.00%,Low-Cost Re-engagement
12616,Emerging Customers,High Risk,94,3,1131,98.10%,Low-Cost Re-engagement
12427,Emerging Customers,High Risk,21,3,1129,91.50%,Low-Cost Re-engagement
13447,Emerging Customers,High Risk,22,3,1129,93.00%,Low-Cost Re-engagement
15436,Emerging Customers,High Risk,11,3,1123,80.20%,Low-Cost Re-engagement
13486,Emerging Customers,High Risk,77,3,1122,98.10%,Low-Cost Re-engagement
17788,Emerging Customers,High Risk,73,2,1118,98.10%,Low-Cost Re-engagement
14971,Emerging Customers,High Risk,34,3,1117,97.00%,Low-Cost Re-engagement
12434,Emerging Customers,High Risk,84,3,1103,98.10%,Low-Cost Re-engagement
13853,Emerging Customers,High Risk,56,1,1090,98.30%,Low-Cost Re-engagement
15763,Emerging Customers,High Risk,31,2,1087,97.30%,Low-Cost Re-engagement
13467,Emerging Customers,High Risk,10,2,1084,78.70%,Low-Cost Re-engagement
14561,Emerging Customers,High Risk,75,3,1081,98.30%,Low-Cost Re-engagement
13726,Emerging Customers,High Risk,38,2,1080,97.30%,Low-Cost Re-engagement
13607,Emerging Customers,High Risk,39,2,1078,97.30%,Low-Cost Re-engagement
15238,Emerging Customers,High Risk,28,3,1072,95.70%,Low-Cost Re-engagement
15626,Emerging Customers,High Risk,74,3,1068,98.30%,Low-Cost Re-engagement
14675,Emerging Customers,High Risk,15,2,1067,83.50%,Low-Cost Re-engagement
14488,Emerging Customers,High Risk,67,1,1064,98.40%,Low-Cost Re-engagement
17727,Emerging Customers,High Risk,14,1,1060,94.50%,Low-Cost Re-engagement
15645,Emerging Customers,High Risk,18,3,1055,90.50%,Low-Cost Re-engagement
15977,Emerging Customers,High Risk,16,2,1055,89.70%,Low-Cost Re-engagement
15091,Emerging Customers,High Risk,67,3,1047,98.30%,Low-Cost Re-engagement
13359,Emerging Customers,High Risk,63,2,1043,98.20%,Low-Cost Re-engagement
14902,Emerging Customers,High Risk,25,3,1036,95.70%,Low-Cost Re-engagement
16260,Emerging Customers,High Risk,50,1,1035,98.50%,Low-Cost Re-engagement
16198,Emerging Customers,High Risk,74,2,1030,97.90%,Low-Cost Re-engagement
16160,Emerging Customers,High Risk,64,2,1025,97.80%,Low-Cost Re-engagement
13867,Emerging Customers,High Risk,30,3,1015,93.20%,Low-Cost Re-engagement
12642,Emerging Customers,High Risk,24,3,1013,90.20%,Low-Cost Re-engagement
15025,Emerging Customers,High Risk,32,2,1013,95.90%,Low-Cost Re-engagement
17197,Emerging Customers,High Risk,29,1,1013,96.30%,Low-Cost Re-engagement
12446,Emerging Customers,High Risk,57,1,1002,97.50%,Low-Cost Re-engagement
12545,Emerging Customers,High Risk,74,2,1000,97.50%,Low-Cost Re-engagement
14223,Emerging Customers,High Risk,91,3,991,97.60%,Low-Cost Re-engagement
13245,Emerging Customers,High Risk,50,2,989,96.20%,Low-Cost Re-engagement
12541,Emerging Customers,High Risk,29,3,981,92.50%,Low-Cost Re-engagement
13350,Emerging Customers,High Risk,15,2,979,70.90%,Low-Cost Re-engagement
15449,Emerging Customers,High Risk,25,3,975,92.50%,Low-Cost Re-engagement
17100,Emerging Customers,High Risk,17,2,972,82.10%,Low-Cost Re-engagement
12550,Emerging Customers,High Risk,78,1,965,97.80%,Low-Cost Re-engagement
18192,Emerging Customers,High Risk,71,1,958,97.80%,Low-Cost Re-engagement
12697,Emerging Customers,High Risk,28,3,958,92.50%,Low-Cost Re-engagement
16141,Emerging Customers,High Risk,87,2,956,97.80%,Low-Cost Re-engagement
13046,Emerging Customers,High Risk,30,3,949,92.50%,Low-Cost Re-engagement
12822,Emerging Customers,High Risk,70,2,949,97.80%,Low-Cost Re-engagement
15385,Emerging Customers,High Risk,39,3,942,95.90%,Low-Cost Re-engagement
13416,Emerging Customers,High Risk,43,3,941,95.90%,Low-Cost Re-engagement
15576,Emerging Customers,High Risk,37,1,941,97.90%,Low-Cost Re-engagement
15243,Emerging Customers,High Risk,73,2,927,97.80%,Low-Cost Re-engagement
17805,Emerging Customers,High Risk,73,2,927,97.80%,Low-Cost Re-engagement
13805,Emerging Customers,High Risk,51,2,925,96.20%,Low-Cost Re-engagement
14128,Emerging Customers,High Risk,60,3,924,97.50%,Low-Cost Re-engagement
13034,Emerging Customers,High Risk,54,3,923,97.50%,Low-Cost Re-engagement
13122,Emerging Customers,High Risk,93,2,922,97.80%,Low-Cost Re-engagement
12638,Emerging Customers,High Risk,32,2,921,96.20%,Low-Cost Re-engagement
14015,Emerging Customers,High Risk,52,1,917,98.00%,Low-Cost Re-engagement
12940,Emerging Customers,High Risk,54,2,914,97.70%,Low-Cost Re-engagement
15364,Emerging Customers,High Risk,95,2,913,97.80%,Low-Cost Re-engagement
14359,Emerging Customers,High Risk,18,3,912,81.40%,Low-Cost Re-engagement
15244,Emerging Customers,High Risk,64,3,912,97.50%,Low-Cost Re-engagement
15919,Emerging Customers,High Risk,19,2,911,82.50%,Low-Cost Re-engagement
13548,Emerging Customers,High Risk,95,3,909,97.70%,Low-Cost Re-engagement
13038,Emerging Customers,High Risk,79,3,908,97.70%,Low-Cost Re-engagement
17480,Emerging Customers,High Risk,77,2,902,97.80%,Low-Cost Re-engagement
17537,Emerging Customers,High Risk,29,2,898,93.10%,Low-Cost Re-engagement
15066,Emerging Customers,High Risk,52,1,894,98.00%,Low-Cost Re-engagement
12772,Emerging Customers,High Risk,59,1,892,97.80%,Low-Cost Re-engagement
15653,Emerging Customers,High Risk,92,2,877,97.80%,Low-Cost Re-engagement
15469,Emerging Customers,High Risk,49,3,874,96.00%,Low-Cost Re-engagement
14753,Emerging Customers,High Risk,86,2,870,97.80%,Low-Cost Re-engagement
15012,Emerging Customers,High Risk,53,3,861,96.00%,Low-Cost Re-engagement
12794,Emerging Customers,High Risk,52,2,860,96.30%,Low-Cost Re-engagement
16070,Emerging Customers,High Risk,21,2,852,85.60%,Low-Cost Re-engagement
17674,Emerging Customers,High Risk,73,2,852,97.80%,Low-Cost Re-engagement
15264,Emerging Customers,High Risk,63,2,848,97.70%,Low-Cost Re-engagement
14862,Emerging Customers,High Risk,25,2,841,93.10%,Low-Cost Re-engagement
13169,Emerging Customers,High Risk,63,3,840,97.50%,Low-Cost Re-engagement
14929,Emerging Customers,High Risk,31,2,837,96.30%,Low-Cost Re-engagement
16747,Emerging Customers,High Risk,37,2,836,96.30%,Low-Cost Re-engagement
16737,Emerging Customers,High Risk,52,2,835,96.30%,Low-Cost Re-engagement
14851,Emerging Customers,High Risk,22,3,829,87.30%,Low-Cost Re-engagement
12461,Emerging Customers,High Risk,93,2,827,97.80%,Low-Cost Re-engagement
12781,Emerging Customers,High Risk,63,2,827,97.70%,Low-Cost Re-engagement
15006,Emerging Customers,High Risk,50,2,825,96.30%,Low-Cost Re-engagement
16624,Emerging Customers,High Risk,80,2,811,97.80%,Low-Cost Re-engagement
13637,Emerging Customers,High Risk,51,3,810,96.00%,Low-Cost Re-engagement
15533,Emerging Customers,High Risk,18,3,808,81.40%,Low-Cost Re-engagement
18265,Emerging Customers,High Risk,71,2,802,97.80%,Low-Cost Re-engagement
16127,Emerging Customers,High Risk,38,2,801,96.30%,Low-Cost Re-engagement
13389,Emerging Customers,High Risk,10,3,798,70.00%,Low-Cost Re-engagement
13336,Emerging Customers,High Risk,76,1,795,98.10%,Low-Cost Re-engagement
13016,Emerging Customers,High Risk,72,3,790,97.70%,Low-Cost Re-engagement
12923,Emerging Customers,High Risk,63,3,790,97.60%,Low-Cost Re-engagement
14557,Emerging Customers,High Risk,84,1,788,97.40%,Low-Cost Re-engagement
13212,Emerging Customers,High Risk,19,3,788,81.90%,Low-Cost Re-engagement
17387,Emerging Customers,High Risk,19,2,784,83.00%,Low-Cost Re-engagement
15239,Emerging Customers,High Risk,9,2,781,72.00%,Low-Cost Re-engagement
18228,Emerging Customers,High Risk,56,2,780,97.60%,Low-Cost Re-engagement
14815,Emerging Customers,High Risk,36,2,778,96.20%,Low-Cost Re-engagement
16505,Emerging Customers,High Risk,31,1,778,98.00%,Low-Cost Re-engagement
13563,Emerging Customers,High Risk,83,2,778,97.70%,Low-Cost Re-engagement
15837,Emerging Customers,High Risk,64,2,777,97.60%,Low-Cost Re-engagement
15075,Emerging Customers,High Risk,77,1,773,98.00%,Low-Cost Re-engagement
12965,Emerging Customers,High Risk,88,1,772,97.30%,Low-Cost Re-engagement
16480,Emerging Customers,High Risk,75,1,769,98.00%,Low-Cost Re-engagement
13356,Emerging Customers,High Risk,79,1,768,98.00%,Low-Cost Re-engagement
12991,Emerging Customers,High Risk,22,3,765,85.40%,Low-Cost Re-engagement
16602,Emerging Customers,High Risk,35,2,763,96.20%,Low-Cost Re-engagement
17425,Emerging Customers,High Risk,18,2,759,81.40%,Low-Cost Re-engagement
18104,Emerging Customers,High Risk,36,1,755,98.10%,Low-Cost Re-engagement
14923,Emerging Customers,High Risk,50,1,749,98.10%,Low-Cost Re-engagement
14050,Emerging Customers,High Risk,31,2,746,96.00%,Low-Cost Re-engagement
13236,Emerging Customers,High Risk,24,2,745,87.30%,Low-Cost Re-engagement
12871,Emerging Customers,High Risk,83,3,744,97.40%,Low-Cost Re-engagement
13354,Emerging Customers,High Risk,70,1,744,98.00%,Low-Cost Re-engagement
17038,Emerging Customers,High Risk,29,2,743,92.70%,Low-Cost Re-engagement
12465,Emerging Customers,High Risk,16,2,742,77.80%,Low-Cost Re-engagement
15720,Emerging Customers,High Risk,23,2,742,87.30%,Low-Cost Re-engagement
13721,Emerging Customers,High Risk,35,2,742,96.20%,Low-Cost Re-engagement
12603,Emerging Customers,High Risk,21,1,739,93.20%,Low-Cost Re-engagement
17964,Emerging Customers,High Risk,31,2,733,96.00%,Low-Cost Re-engagement
12519,Emerging Customers,High Risk,63,2,727,97.60%,Low-Cost Re-engagement
15368,Emerging Customers,High Risk,20,2,723,81.40%,Low-Cost Re-engagement
13441,Emerging Customers,High Risk,91,2,721,97.70%,Low-Cost Re-engagement
14179,Emerging Customers,High Risk,40,2,720,96.20%,Low-Cost Re-engagement
12890,Emerging Customers,High Risk,23,2,717,87.30%,Low-Cost Re-engagement
12535,Emerging Customers,High Risk,91,2,716,97.70%,Low-Cost Re-engagement
12492,Emerging Customers,High Risk,62,3,715,97.20%,Low-Cost Re-engagement
15330,Emerging Customers,High Risk,31,2,715,96.00%,Low-Cost Re-engagement
17761,Emerging Customers,High Risk,32,1,713,98.10%,Low-Cost Re-engagement
15127,Emerging Customers,High Risk,65,2,712,97.60%,Low-Cost Re-engagement
13103,Emerging Customers,High Risk,39,3,710,95.60%,Low-Cost Re-engagement
13927,Emerging Customers,High Risk,74,2,708,97.70%,Low-Cost Re-engagement
14880,Emerging Customers,High Risk,76,3,706,97.40%,Low-Cost Re-engagement
12612,Emerging Customers,High Risk,73,1,704,98.00%,Low-Cost Re-engagement
18082,Emerging Customers,High Risk,25,1,703,96.30%,Low-Cost Re-engagement
15103,Emerging Customers,High Risk,30,2,703,92.70%,Low-Cost Re-engagement
14356,Emerging Customers,High Risk,79,2,701,97.70%,Low-Cost Re-engagement
17733,Emerging Customers,High Risk,38,2,692,96.20%,Low-Cost Re-engagement
12658,Emerging Customers,High Risk,18,1,686,91.50%,Low-Cost Re-engagement
15582,Emerging Customers,High Risk,24,3,683,85.40%,Low-Cost Re-engagement
13430,Emerging Customers,High Risk,18,2,679,81.40%,Low-Cost Re-engagement
13974,Emerging Customers,High Risk,48,2,678,96.20%,Low-Cost Re-engagement
17462,Emerging Customers,High Risk,59,2,676,97.60%,Low-Cost Re-engagement
13325,Emerging Customers,High Risk,81,1,675,98.00%,Low-Cost Re-engagement
13741,Emerging Customers,High Risk,71,3,668,97.40%,Low-Cost Re-engagement
16268,Emerging Customers,High Risk,70,2,668,97.70%,Low-Cost Re-engagement
16056,Emerging Customers,High Risk,44,1,665,98.10%,Low-Cost Re-engagement
16573,Emerging Customers,High Risk,84,2,664,97.70%,Low-Cost Re-engagement
13028,Emerging Customers,High Risk,22,2,661,87.30%,Low-Cost Re-engagement
15492,Emerging Customers,High Risk,27,2,659,92.70%,Low-Cost Re-engagement
13518,Emerging Customers,High Risk,85,1,659,97.30%,Low-Cost Re-engagement
13759,Emerging Customers,High Risk,32,2,659,96.20%,Low-Cost Re-engagement
14150,Emerging Customers,High Risk,35,2,659,96.20%,Low-Cost Re-engagement
17459,Emerging Customers,High Risk,42,2,657,96.20%,Low-Cost Re-engagement
16708,Emerging Customers,High Risk,45,1,657,98.10%,Low-Cost Re-engagement
15205,Emerging Customers,High Risk,84,2,653,97.70%,Low-Cost Re-engagement
14034,Emerging Customers,High Risk,21,3,652,82.50%,Low-Cost Re-engagement
14537,Emerging Customers,High Risk,57,2,641,97.60%,Low-Cost Re-engagement
12538,Emerging Customers,High Risk,28,2,640,92.70%,Low-Cost Re-engagement
14664,Emerging Customers,High Risk,19,2,638,81.40%,Low-Cost Re-engagement
17985,Emerging Customers,High Risk,21,1,635,93.20%,Low-Cost Re-engagement
14381,Emerging Customers,High Risk,51,2,631,95.00%,Low-Cost Re-engagement
14793,Emerging Customers,High Risk,20,2,626,74.60%,Low-Cost Re-engagement
16715,Emerging Customers,High Risk,77,2,626,97.70%,Low-Cost Re-engagement
12667,Emerging Customers,High Risk,57,1,620,97.80%,Low-Cost Re-engagement
14529,Emerging Customers,High Risk,59,3,620,97.20%,Low-Cost Re-engagement
16776,Emerging Customers,High Risk,59,2,620,97.60%,Low-Cost Re-engagement
16613,Emerging Customers,High Risk,69,1,619,97.90%,Low-Cost Re-engagement
12596,Emerging Customers,High Risk,50,2,618,94.90%,Low-Cost Re-engagement
16311,Emerging Customers,High Risk,17,2,616,74.60%,Low-Cost Re-engagement
15275,Emerging Customers,High Risk,37,1,615,98.10%,Low-Cost Re-engagement
16847,Emerging Customers,High Risk,42,2,615,94.90%,Low-Cost Re-engagement
15748,Emerging Customers,High Risk,39,3,615,94.00%,Low-Cost Re-engagement
13832,Emerging Customers,High Risk,18,2,614,74.60%,Low-Cost Re-engagement
14636,Emerging Customers,High Risk,35,2,610,94.90%,Low-Cost Re-engagement
15018,Emerging Customers,High Risk,38,3,607,94.00%,Low-Cost Re-engagement
15158,Emerging Customers,High Risk,44,2,606,74.20%,Low-Cost Re-engagement
12944,Emerging Customers,High Risk,35,2,605,94.70%,Low-Cost Re-engagement
12556,Emerging Customers,High Risk,49,2,604,94.70%,Low-Cost Re-engagement
12420,Emerging Customers,High Risk,63,1,600,97.70%,Low-Cost Re-engagement
14965,Emerging Customers,High Risk,95,2,599,97.60%,Low-Cost Re-engagement
17658,Emerging Customers,High Risk,25,2,595,89.00%,Low-Cost Re-engagement
15524,Emerging Customers,High Risk,24,2,591,81.50%,Low-Cost Re-engagement
12384,Emerging Customers,High Risk,28,2,585,89.00%,Low-Cost Re-engagement
15762,Emerging Customers,High Risk,64,2,584,97.50%,Low-Cost Re-engagement
17274,Emerging Customers,High Risk,34,2,577,94.70%,Low-Cost Re-engagement
15830,Emerging Customers,High Risk,37,1,576,98.00%,Low-Cost Re-engagement
12879,Emerging Customers,High Risk,44,3,573,93.80%,Low-Cost Re-engagement
13379,Emerging Customers,High Risk,25,3,573,87.40%,Low-Cost Re-engagement
12816,Emerging Customers,High Risk,95,2,572,97.60%,Low-Cost Re-engagement
13816,Emerging Customers,High Risk,23,2,572,81.50%,Low-Cost Re-engagement
15821,Emerging Customers,High Risk,43,2,571,94.70%,Low-Cost Re-engagement
15315,Emerging Customers,High Risk,63,2,570,97.50%,Low-Cost Re-engagement
15857,Emerging Customers,High Risk,18,2,570,73.80%,Low-Cost Re-engagement
14592,Emerging Customers,High Risk,34,3,570,93.80%,Low-Cost Re-engagement
16667,Emerging Customers,High Risk,67,2,570,97.60%,Low-Cost Re-engagement
17433,Emerging Customers,High Risk,87,2,570,97.60%,Low-Cost Re-engagement
13321,Emerging Customers,High Risk,71,2,567,97.60%,Low-Cost Re-engagement
14208,Emerging Customers,High Risk,94,2,567,97.60%,Low-Cost Re-engagement
14716,Emerging Customers,High Risk,42,3,565,93.80%,Low-Cost Re-engagement
13894,Emerging Customers,High Risk,23,3,565,78.90%,Low-Cost Re-engagement
15597,Emerging Customers,High Risk,34,2,563,94.70%,Low-Cost Re-engagement
13260,Emerging Customers,High Risk,60,1,558,97.70%,Low-Cost Re-engagement
16936,Emerging Customers,High Risk,25,2,551,88.70%,Low-Cost Re-engagement
12390,Emerging Customers,High Risk,79,1,550,97.80%,Low-Cost Re-engagement
16031,Emerging Customers,High Risk,91,2,549,97.50%,Low-Cost Re-engagement
15598,Emerging Customers,High Risk,52,2,548,94.50%,Low-Cost Re-engagement
17637,Emerging Customers,High Risk,30,2,547,88.70%,Low-Cost Re-engagement
17520,Emerging Customers,High Risk,53,1,547,97.90%,Low-Cost Re-engagement
17806,Emerging Customers,High Risk,10,1,546,87.00%,Low-Cost Re-engagement
13390,Emerging Customers,High Risk,74,1,544,97.80%,Low-Cost Re-engagement
17447,Emerging Customers,High Risk,39,2,542,94.50%,Low-Cost Re-engagement
13812,Emerging Customers,High Risk,41,3,539,92.60%,Low-Cost Re-engagement
13594,Emerging Customers,High Risk,52,2,533,94.50%,Low-Cost Re-engagement
15659,Emerging Customers,High Risk,43,3,532,92.60%,Low-Cost Re-engagement
15115,Emerging Customers,High Risk,17,2,532,73.20%,Low-Cost Re-engagement
16413,Emerging Customers,High Risk,56,2,529,97.40%,Low-Cost Re-engagement
12479,Emerging Customers,High Risk,10,1,527,87.00%,Low-Cost Re-engagement
17712,Emerging Customers,High Risk,44,1,523,97.90%,Low-Cost Re-engagement
12571,Emerging Customers,High Risk,39,2,520,94.50%,Low-Cost Re-engagement
18205,Emerging Customers,High Risk,35,2,517,94.50%,Low-Cost Re-engagement
17510,Emerging Customers,High Risk,24,2,515,81.00%,Low-Cost Re-engagement
13177,Emerging Customers,High Risk,64,2,512,97.40%,Low-Cost Re-engagement
12904,Emerging Customers,High Risk,17,2,510,73.20%,Low-Cost Re-engagement
13710,Emerging Customers,High Risk,31,3,510,91.60%,Low-Cost Re-engagement
15417,Emerging Customers,High Risk,84,1,509,97.00%,Low-Cost Re-engagement
14317,Emerging Customers,High Risk,64,1,509,97.70%,Low-Cost Re-engagement
13067,Emerging Customers,High Risk,81,3,509,96.60%,Low-Cost Re-engagement
17415,Emerging Customers,High Risk,79,1,508,97.80%,Low-Cost Re-engagement
14158,Emerging Customers,High Risk,39,1,508,97.90%,Low-Cost Re-engagement
15721,Emerging Customers,High Risk,11,1,507,86.80%,Low-Cost Re-engagement
14968,Emerging Customers,High Risk,29,2,505,88.70%,Low-Cost Re-engagement
15193,Emerging Customers,High Risk,60,1,499,97.70%,Low-Cost Re-engagement
16820,Emerging Customers,High Risk,95,1,498,97.00%,Low-Cost Re-engagement
15300,Emerging Customers,High Risk,63,1,496,97.70%,Low-Cost Re-engagement
16352,Emerging Customers,High Risk,17,2,494,73.20%,Low-Cost Re-engagement
17333,Emerging Customers,High Risk,85,1,494,97.00%,Low-Cost Re-engagement
13176,Emerging Customers,High Risk,45,1,493,97.90%,Low-Cost Re-engagement
13732,Emerging Customers,High Risk,27,1,492,95.50%,Low-Cost Re-engagement
15000,Emerging Customers,High Risk,47,1,491,97.90%,Low-Cost Re-engagement
14416,Emerging Customers,High Risk,21,2,490,77.50%,Low-Cost Re-engagement
17453,Emerging Customers,High Risk,17,2,487,73.20%,Low-Cost Re-engagement
15216,Emerging Customers,High Risk,87,2,486,97.70%,Low-Cost Re-engagement
16999,Emerging Customers,High Risk,22,2,485,82.20%,Low-Cost Re-engagement
16504,Emerging Customers,High Risk,24,1,484,93.40%,Low-Cost Re-engagement
16603,Emerging Customers,High Risk,74,2,482,97.70%,Low-Cost Re-engagement
18216,Emerging Customers,High Risk,30,1,482,95.90%,Low-Cost Re-engagement
14052,Emerging Customers,High Risk,19,2,481,73.20%,Low-Cost Re-engagement
17111,Emerging Customers,High Risk,46,2,477,94.90%,Low-Cost Re-engagement
15277,Emerging Customers,High Risk,46,2,476,94.90%,Low-Cost Re-engagement
15557,Emerging Customers,High Risk,28,1,474,95.90%,Low-Cost Re-engagement
14975,Emerging Customers,High Risk,56,2,472,97.60%,Low-Cost Re-engagement
13066,Emerging Customers,High Risk,23,2,471,82.20%,Low-Cost Re-engagement
15963,Emerging Customers,High Risk,19,2,471,73.20%,Low-Cost Re-engagement
13171,Emerging Customers,High Risk,21,3,468,71.40%,Low-Cost Re-engagement
17344,Emerging Customers,High Risk,45,2,468,94.90%,Low-Cost Re-engagement
14029,Emerging Customers,High Risk,62,2,468,97.60%,Low-Cost Re-engagement
15036,Emerging Customers,High Risk,71,3,466,96.90%,Low-Cost Re-engagement
12491,Emerging Customers,High Risk,38,1,460,98.10%,Low-Cost Re-engagement
15121,Emerging Customers,High Risk,49,2,458,94.40%,Low-Cost Re-engagement
15475,Emerging Customers,High Risk,76,1,454,98.00%,Low-Cost Re-engagement
14184,Emerging Customers,High Risk,66,1,453,98.20%,Low-Cost Re-engagement
13877,Emerging Customers,High Risk,85,3,450,94.50%,Low-Cost Re-engagement
12448,Emerging Customers,High Risk,43,1,449,97.40%,Low-Cost Re-engagement
15739,Emerging Customers,High Risk,65,1,449,97.20%,Low-Cost Re-engagement
14761,Emerging Customers,High Risk,58,3,448,94.30%,Low-Cost Re-engagement
14780,Emerging Customers,High Risk,54,2,448,96.60%,Low-Cost Re-engagement
14638,Emerging Customers,High Risk,50,1,444,97.40%,Low-Cost Re-engagement
16404,Emerging Customers,High Risk,69,1,443,97.30%,Low-Cost Re-engagement
18222,Emerging Customers,High Risk,92,1,443,96.30%,Low-Cost Re-engagement
14093,Emerging Customers,High Risk,11,1,443,84.70%,Low-Cost Re-engagement
12579,Emerging Customers,High Risk,77,1,440,97.30%,Low-Cost Re-engagement
16025,Emerging Customers,High Risk,29,1,440,94.60%,Low-Cost Re-engagement
12552,Emerging Customers,High Risk,38,2,438,92.20%,Low-Cost Re-engagement
15553,Emerging Customers,High Risk,59,1,437,97.20%,Low-Cost Re-engagement
12445,Emerging Customers,High Risk,21,2,435,71.50%,Low-Cost Re-engagement
16236,Emerging Customers,High Risk,77,1,432,97.30%,Low-Cost Re-engagement
16881,Emerging Customers,High Risk,66,1,432,85.50%,Low-Cost Re-engagement
12452,Emerging Customers,High Risk,16,2,431,71.30%,Low-Cost Re-engagement
12795,Emerging Customers,High Risk,18,1,430,91.50%,Low-Cost Re-engagement
15450,Emerging Customers,High Risk,29,1,430,95.10%,Low-Cost Re-engagement
15545,Emerging Customers,High Risk,53,2,428,93.00%,Low-Cost Re-engagement
15360,Emerging Customers,High Risk,39,1,428,97.70%,Low-Cost Re-engagement
12740,Emerging Customers,High Risk,63,1,428,97.50%,Low-Cost Re-engagement
15930,Emerging Customers,High Risk,66,1,427,97.50%,Low-Cost Re-engagement
16689,Emerging Customers,High Risk,75,2,423,97.10%,Low-Cost Re-engagement
18240,Emerging Customers,High Risk,45,1,423,97.70%,Low-Cost Re-engagement
14757,Emerging Customers,High Risk,74,1,420,97.60%,Low-Cost Re-engagement
14124,Emerging Customers,High Risk,83,1,420,97.60%,Low-Cost Re-engagement
16629,Emerging Customers,High Risk,73,2,418,97.10%,Low-Cost Re-engagement
12930,Emerging Customers,High Risk,77,2,416,97.10%,Low-Cost Re-engagement
15725,Emerging Customers,High Risk,14,1,415,85.90%,Low-Cost Re-engagement
14333,Emerging Customers,High Risk,67,1,415,97.60%,Low-Cost Re-engagement
18278,Emerging Customers,High Risk,73,2,414,97.10%,Low-Cost Re-engagement
17052,Emerging Customers,High Risk,27,1,414,95.10%,Low-Cost Re-engagement
13669,Emerging Customers,High Risk,50,3,414,88.50%,Low-Cost Re-engagement
13827,Emerging Customers,High Risk,57,3,412,94.90%,Low-Cost Re-engagement
15099,Emerging Customers,High Risk,83,1,410,97.60%,Low-Cost Re-engagement
16243,Emerging Customers,High Risk,33,2,409,93.00%,Low-Cost Re-engagement
17379,Emerging Customers,High Risk,10,1,405,86.40%,Low-Cost Re-engagement
14494,Emerging Customers,High Risk,25,3,401,77.80%,Low-Cost Re-engagement
17403,Emerging Customers,High Risk,35,2,401,93.00%,Low-Cost Re-engagement
18164,Emerging Customers,High Risk,36,1,400,97.70%,Low-Cost Re-engagement
15522,Emerging Customers,High Risk,32,2,399,93.00%,Low-Cost Re-engagement
12508,Emerging Customers,High Risk,25,2,398,85.90%,Low-Cost Re-engagement
13352,Emerging Customers,High Risk,59,1,398,97.50%,Low-Cost Re-engagement
15429,Emerging Customers,High Risk,26,2,397,85.90%,Low-Cost Re-engagement
12824,Emerging Customers,High Risk,59,1,397,97.50%,Low-Cost Re-engagement
18067,Emerging Customers,High Risk,39,1,396,97.70%,Low-Cost Re-engagement
16207,Emerging Customers,High Risk,24,1,394,92.30%,Low-Cost Re-engagement
15345,Emerging Customers,High Risk,45,1,394,97.70%,Low-Cost Re-engagement
17614,Emerging Customers,High Risk,56,1,390,97.50%,Low-Cost Re-engagement
14752,Emerging Customers,High Risk,43,1,390,97.70%,Low-Cost Re-engagement
15592,Emerging Customers,High Risk,46,1,389,97.70%,Low-Cost Re-engagement
17357,Emerging Customers,High Risk,23,2,388,76.70%,Low-Cost Re-engagement
16433,Emerging Customers,High Risk,27,2,385,85.90%,Low-Cost Re-engagement
16982,Emerging Customers,High Risk,60,1,384,97.50%,Low-Cost Re-engagement
14598,Emerging Customers,High Risk,43,2,384,93.00%,Low-Cost Re-engagement
13792,Emerging Customers,High Risk,65,3,384,94.90%,Low-Cost Re-engagement
15440,Emerging Customers,High Risk,54,3,384,94.90%,Low-Cost Re-engagement
12832,Emerging Customers,High Risk,31,2,383,92.10%,Low-Cost Re-engagement
13817,Emerging Customers,High Risk,28,2,383,83.30%,Low-Cost Re-engagement
14908,Emerging Customers,High Risk,73,2,382,96.50%,Low-Cost Re-engagement
14731,Emerging Customers,High Risk,46,3,380,86.30%,Low-Cost Re-engagement
16909,Emerging Customers,High Risk,71,1,379,97.60%,Low-Cost Re-engagement
13372,Emerging Customers,High Risk,89,1,379,96.70%,Low-Cost Re-engagement
17078,Emerging Customers,High Risk,35,2,378,91.60%,Low-Cost Re-engagement
17489,Emerging Customers,High Risk,58,2,377,96.30%,Low-Cost Re-engagement
14067,Emerging Customers,High Risk,63,2,375,96.30%,Low-Cost Re-engagement
13351,Emerging Customers,High Risk,65,1,374,97.50%,Low-Cost Re-engagement
12895,Emerging Customers,High Risk,41,2,373,91.60%,Low-Cost Re-engagement
12544,Emerging Customers,High Risk,35,1,373,97.70%,Low-Cost Re-engagement
12981,Emerging Customers,High Risk,29,2,372,83.30%,Low-Cost Re-engagement
14950,Emerging Customers,High Risk,18,1,371,89.00%,Low-Cost Re-engagement
15975,Emerging Customers,High Risk,83,1,371,97.60%,Low-Cost Re-engagement
15458,Emerging Customers,High Risk,24,2,370,72.90%,Low-Cost Re-engagement
16758,Emerging Customers,High Risk,64,1,369,97.50%,Low-Cost Re-engagement
17911,Emerging Customers,High Risk,8,1,366,83.80%,Low-Cost Re-engagement
15343,Emerging Customers,High Risk,86,1,364,96.70%,Low-Cost Re-engagement
14528,Emerging Customers,High Risk,36,1,364,97.70%,Low-Cost Re-engagement
16052,Emerging Customers,High Risk,53,1,362,97.70%,Low-Cost Re-engagement
13844,Emerging Customers,High Risk,10,1,362,86.40%,Low-Cost Re-engagement
13228,Emerging Customers,High Risk,80,1,358,97.60%,Low-Cost Re-engagement
16971,Emerging Customers,High Risk,37,1,357,97.70%,Low-Cost Re-engagement
14500,Emerging Customers,High Risk,87,3,357,94.10%,Low-Cost Re-engagement
15840,Emerging Customers,High Risk,58,2,356,96.30%,Low-Cost Re-engagement
12617,Emerging Customers,High Risk,28,1,356,95.10%,Low-Cost Re-engagement
15986,Emerging Customers,High Risk,29,2,354,83.30%,Low-Cost Re-engagement
13210,Emerging Customers,High Risk,93,1,353,96.70%,Low-Cost Re-engagement
14804,Emerging Customers,High Risk,8,1,353,83.80%,Low-Cost Re-engagement
12566,Emerging Customers,High Risk,85,1,352,96.70%,Low-Cost Re-engagement
13923,Emerging Customers,High Risk,53,1,351,97.70%,Low-Cost Re-engagement
13332,Emerging Customers,High Risk,13,1,351,86.20%,Low-Cost Re-engagement
12532,Emerging Customers,High Risk,29,1,350,95.10%,Low-Cost Re-engagement
13670,Emerging Customers,High Risk,74,1,350,97.60%,Low-Cost Re-engagement
16423,Emerging Customers,High Risk,24,1,346,92.30%,Low-Cost Re-engagement
13774,Emerging Customers,High Risk,81,1,345,97.60%,Low-Cost Re-engagement
13519,Emerging Customers,High Risk,77,2,343,96.50%,Low-Cost Re-engagement
16826,Emerging Customers,High Risk,50,1,342,97.70%,Low-Cost Re-engagement
13347,Emerging Customers,High Risk,69,1,341,97.60%,Low-Cost Re-engagement
17839,Emerging Customers,High Risk,41,1,339,97.70%,Low-Cost Re-engagement
14799,Emerging Customers,High Risk,50,2,338,91.60%,Low-Cost Re-engagement
13930,Emerging Customers,High Risk,57,2,337,96.30%,Low-Cost Re-engagement
17973,Emerging Customers,High Risk,51,1,337,97.70%,Low-Cost Re-engagement
15619,Emerging Customers,High Risk,10,1,336,86.40%,Low-Cost Re-engagement
13904,Emerging Customers,High Risk,36,2,333,91.60%,Low-Cost Re-engagement
16803,Emerging Customers,High Risk,64,1,332,97.50%,Low-Cost Re-engagement
14517,Emerging Customers,High Risk,32,2,330,91.60%,Low-Cost Re-engagement
17154,Emerging Customers,High Risk,74,1,329,97.60%,Low-Cost Re-engagement
15153,Emerging Customers,High Risk,30,1,329,95.10%,Low-Cost Re-engagement
16855,Emerging Customers,High Risk,23,2,328,72.90%,Low-Cost Re-engagement
16318,Emerging Customers,High Risk,34,1,328,97.70%,Low-Cost Re-engagement
13801,Emerging Customers,High Risk,66,1,325,97.50%,Low-Cost Re-engagement
16685,Emerging Customers,High Risk,60,2,324,96.30%,Low-Cost Re-engagement
18261,Emerging Customers,High Risk,42,2,324,91.60%,Low-Cost Re-engagement
17793,Emerging Customers,High Risk,24,1,323,92.30%,Low-Cost Re-engagement
16627,Emerging Customers,High Risk,78,1,323,97.60%,Low-Cost Re-engagement
14424,Emerging Customers,High Risk,17,1,322,89.00%,Low-Cost Re-engagement
15432,Emerging Customers,High Risk,22,2,321,72.90%,Low-Cost Re-engagement
18117,Emerging Customers,High Risk,25,1,321,95.10%,Low-Cost Re-engagement
13986,Emerging Customers,High Risk,16,1,320,90.90%,Low-Cost Re-engagement
16674,Emerging Customers,High Risk,54,2,320,96.30%,Low-Cost Re-engagement
17229,Emerging Customers,High Risk,95,2,319,96.50%,Low-Cost Re-engagement
14703,Emerging Customers,High Risk,14,1,318,85.90%,Low-Cost Re-engagement
13845,Emerging Customers,High Risk,64,1,313,97.50%,Low-Cost Re-engagement
14951,Emerging Customers,High Risk,78,1,312,97.60%,Low-Cost Re-engagement
15185,Emerging Customers,High Risk,69,1,311,97.60%,Low-Cost Re-engagement
15699,Emerging Customers,High Risk,17,1,310,89.00%,Low-Cost Re-engagement
12884,Emerging Customers,High Risk,87,1,309,96.70%,Low-Cost Re-engagement
15010,Emerging Customers,High Risk,35,1,309,97.70%,Low-Cost Re-engagement
16956,Emerging Customers,High Risk,17,1,309,89.00%,Low-Cost Re-engagement
16123,Emerging Customers,High Risk,51,1,308,97.70%,Low-Cost Re-engagement
13529,Emerging Customers,High Risk,78,2,308,96.50%,Low-Cost Re-engagement
13142,Emerging Customers,High Risk,18,1,307,89.00%,Low-Cost Re-engagement
16796,Emerging Customers,High Risk,88,1,306,96.70%,Low-Cost Re-engagement
16181,Emerging Customers,High Risk,72,1,306,97.60%,Low-Cost Re-engagement
14806,Emerging Customers,High Risk,74,2,303,96.50%,Low-Cost Re-engagement
18255,Emerging Customers,High Risk,88,2,303,96.50%,Low-Cost Re-engagement
17506,Emerging Customers,High Risk,75,1,302,97.60%,Low-Cost Re-engagement
15667,Emerging Customers,High Risk,39,1,301,97.70%,Low-Cost Re-engagement
15148,Emerging Customers,High Risk,10,1,301,86.40%,Low-Cost Re-engagement
17824,Emerging Customers,High Risk,50,1,298,97.70%,Low-Cost Re-engagement
13504,Emerging Customers,High Risk,63,1,296,97.50%,Low-Cost Re-engagement
13449,Emerging Customers,High Risk,23,1,292,92.30%,Low-Cost Re-engagement
16432,Emerging Customers,High Risk,63,1,287,97.50%,Low-Cost Re-engagement
14660,Emerging Customers,High Risk,86,2,286,96.50%,Low-Cost Re-engagement
17636,Emerging Customers,High Risk,18,1,286,89.00%,Low-Cost Re-engagement
17247,Emerging Customers,High Risk,14,1,282,85.90%,Low-Cost Re-engagement
16557,Emerging Customers,High Risk,23,2,282,72.90%,Low-Cost Re-engagement
18042,Emerging Customers,High Risk,53,2,281,91.60%,Low-Cost Re-engagement
13606,Emerging Customers,High Risk,28,3,281,74.20%,Low-Cost Re-engagement
15556,Emerging Customers,High Risk,23,1,280,92.30%,Low-Cost Re-engagement
17786,Emerging Customers,High Risk,84,2,279,96.50%,Low-Cost Re-engagement
14764,Emerging Customers,High Risk,46,1,278,97.70%,Low-Cost Re-engagement
15355,Emerging Customers,High Risk,28,2,277,83.30%,Low-Cost Re-engagement
13272,Emerging Customers,High Risk,30,2,277,83.30%,Low-Cost Re-engagement
12789,Emerging Customers,High Risk,64,3,273,93.80%,Low-Cost Re-engagement
17498,Emerging Customers,High Risk,75,1,272,97.60%,Low-Cost Re-engagement
13917,Emerging Customers,High Risk,49,2,272,91.60%,Low-Cost Re-engagement
12558,Emerging Customers,High Risk,7,1,270,80.70%,Low-Cost Re-engagement
14039,Emerging Customers,High Risk,32,2,267,91.60%,Low-Cost Re-engagement
15320,Emerging Customers,High Risk,43,1,267,97.70%,Low-Cost Re-engagement
15423,Emerging Customers,High Risk,37,3,267,86.30%,Low-Cost Re-engagement
14863,Emerging Customers,High Risk,28,1,267,95.10%,Low-Cost Re-engagement
17385,Emerging Customers,High Risk,14,1,261,85.90%,Low-Cost Re-engagement
15014,Emerging Customers,High Risk,42,2,260,91.60%,Low-Cost Re-engagement
17022,Emerging Customers,High Risk,30,2,260,83.30%,Low-Cost Re-engagement
17125,Emerging Customers,High Risk,49,1,259,97.70%,Low-Cost Re-engagement
13127,Emerging Customers,High Risk,77,1,259,97.60%,Low-Cost Re-engagement
17219,Emerging Customers,High Risk,31,2,259,90.50%,Low-Cost Re-engagement
16542,Emerging Customers,High Risk,53,2,257,91.60%,Low-Cost Re-engagement
12430,Emerging Customers,High Risk,42,1,256,97.70%,Low-Cost Re-engagement
13806,Emerging Customers,High Risk,63,1,256,97.50%,Low-Cost Re-engagement
17896,Emerging Customers,High Risk,22,1,256,92.30%,Low-Cost Re-engagement
14881,Emerging Customers,High Risk,19,1,255,89.00%,Low-Cost Re-engagement
12604,Emerging Customers,High Risk,78,2,254,96.50%,Low-Cost Re-engagement
14765,Emerging Customers,High Risk,28,3,254,74.20%,Low-Cost Re-engagement
15035,Emerging Customers,High Risk,89,1,253,96.70%,Low-Cost Re-engagement
13061,Emerging Customers,High Risk,71,1,249,97.60%,Low-Cost Re-engagement
13349,Emerging Customers,High Risk,10,1,247,86.40%,Low-Cost Re-engagement
15783,Emerging Customers,High Risk,10,1,246,86.40%,Low-Cost Re-engagement
16778,Emerging Customers,High Risk,73,2,246,96.50%,Low-Cost Re-engagement
12660,Emerging Customers,High Risk,10,1,245,86.40%,Low-Cost Re-engagement
16793,Emerging Customers,High Risk,56,1,244,97.50%,Low-Cost Re-engagement
13886,Emerging Customers,High Risk,70,1,244,97.60%,Low-Cost Re-engagement
16215,Emerging Customers,High Risk,80,1,242,97.60%,Low-Cost Re-engagement
15286,Emerging Customers,High Risk,49,1,241,97.70%,Low-Cost Re-engagement
17684,Emerging Customers,High Risk,43,1,239,97.70%,Low-Cost Re-engagement
12718,Emerging Customers,High Risk,70,1,238,97.60%,Low-Cost Re-engagement
16026,Emerging Customers,High Risk,42,1,236,97.70%,Low-Cost Re-engagement
14473,Emerging Customers,High Risk,73,2,234,96.50%,Low-Cost Re-engagement
13348,Emerging Customers,High Risk,63,1,234,97.50%,Low-Cost Re-engagement
14995,Emerging Customers,High Risk,38,2,233,91.60%,Low-Cost Re-engagement
12812,Emerging Customers,High Risk,44,1,230,97.70%,Low-Cost Re-engagement
17347,Emerging Customers,High Risk,85,1,229,96.70%,Low-Cost Re-engagement
13146,Emerging Customers,High Risk,25,1,229,95.10%,Low-Cost Re-engagement
13651,Emerging Customers,High Risk,34,3,227,86.30%,Low-Cost Re-engagement
14357,Emerging Customers,High Risk,42,1,226,97.70%,Low-Cost Re-engagement
15175,Emerging Customers,High Risk,71,1,224,97.60%,Low-Cost Re-engagement
16753,Emerging Customers,High Risk,57,1,224,97.50%,Low-Cost Re-engagement
13926,Emerging Customers,High Risk,22,1,224,92.30%,Low-Cost Re-engagement
13419,Emerging Customers,High Risk,63,1,221,97.50%,Low-Cost Re-engagement
15790,Emerging Customers,High Risk,9,1,221,86.40%,Low-Cost Re-engagement
16482,Emerging Customers,High Risk,15,1,221,85.90%,Low-Cost Re-engagement
13992,Emerging Customers,High Risk,29,3,220,74.20%,Low-Cost Re-engagement
15096,Emerging Customers,High Risk,42,1,219,97.70%,Low-Cost Re-engagement
12702,Emerging Customers,High Risk,19,1,219,89.00%,Low-Cost Re-engagement
13271,Emerging Customers,High Risk,36,1,217,97.70%,Low-Cost Re-engagement
15604,Emerging Customers,High Risk,51,1,216,97.70%,Low-Cost Re-engagement
13858,Emerging Customers,High Risk,56,1,216,97.50%,Low-Cost Re-engagement
16179,Emerging Customers,High Risk,60,1,216,97.50%,Low-Cost Re-engagement
14601,Emerging Customers,High Risk,10,1,214,86.40%,Low-Cost Re-engagement
17153,Emerging Customers,High Risk,23,1,214,92.30%,Low-Cost Re-engagement
16591,Emerging Customers,High Risk,68,1,214,97.60%,Low-Cost Re-engagement
12995,Emerging Customers,High Risk,84,1,211,96.70%,Low-Cost Re-engagement
13532,Emerging Customers,High Risk,33,1,210,97.70%,Low-Cost Re-engagement
13828,Emerging Customers,High Risk,21,1,209,91.10%,Low-Cost Re-engagement
15327,Emerging Customers,High Risk,52,1,209,97.70%,Low-Cost Re-engagement
16914,Emerging Customers,High Risk,35,1,208,97.70%,Low-Cost Re-engagement
18126,Emerging Customers,High Risk,60,1,207,97.50%,Low-Cost Re-engagement
17166,Emerging Customers,High Risk,38,2,206,91.60%,Low-Cost Re-engagement
15307,Emerging Customers,High Risk,95,1,205,96.70%,Low-Cost Re-engagement
15758,Emerging Customers,High Risk,24,1,205,92.30%,Low-Cost Re-engagement
17206,Emerging Customers,High Risk,52,1,204,97.70%,Low-Cost Re-engagement
18169,Emerging Customers,High Risk,60,1,203,97.50%,Low-Cost Re-engagement
15593,Emerging Customers,High Risk,70,1,200,97.60%,Low-Cost Re-engagement
13322,Emerging Customers,High Risk,16,1,199,90.90%,Low-Cost Re-engagement
12581,Emerging Customers,High Risk,39,1,198,97.70%,Low-Cost Re-engagement
14789,Emerging Customers,High Risk,28,1,198,95.10%,Low-Cost Re-engagement
14830,Emerging Customers,High Risk,52,1,197,97.70%,Low-Cost Re-engagement
17010,Emerging Customers,High Risk,17,1,195,89.00%,Low-Cost Re-engagement
14666,Emerging Customers,High Risk,23,1,195,92.30%,Low-Cost Re-engagement
15612,Emerging Customers,High Risk,35,2,195,91.60%,Low-Cost Re-engagement
17475,Emerging Customers,High Risk,78,1,194,97.60%,Low-Cost Re-engagement
14801,Emerging Customers,High Risk,60,1,193,97.50%,Low-Cost Re-engagement
12522,Emerging Customers,High Risk,38,2,193,91.60%,Low-Cost Re-engagement
17904,Emerging Customers,High Risk,20,1,192,89.00%,Low-Cost Re-engagement
15692,Emerging Customers,High Risk,27,1,191,95.10%,Low-Cost Re-engagement
13972,Emerging Customers,High Risk,70,2,190,96.50%,Low-Cost Re-engagement
17885,Emerging Customers,High Risk,11,1,190,86.20%,Low-Cost Re-engagement
18045,Emerging Customers,High Risk,44,1,189,97.70%,Low-Cost Re-engagement
12893,Emerging Customers,High Risk,30,1,188,95.10%,Low-Cost Re-engagement
17279,Emerging Customers,High Risk,57,1,188,97.50%,Low-Cost Re-engagement
15567,Emerging Customers,High Risk,18,1,186,89.00%,Low-Cost Re-engagement
13460,Emerging Customers,High Risk,28,2,183,83.30%,Low-Cost Re-engagement
16594,Emerging Customers,High Risk,74,1,181,97.60%,Low-Cost Re-engagement
18147,Emerging Customers,High Risk,45,2,179,91.60%,Low-Cost Re-engagement
17253,Emerging Customers,High Risk,17,1,178,89.00%,Low-Cost Re-engagement
12618,Emerging Customers,High Risk,21,1,177,91.10%,Low-Cost Re-engagement
17947,Emerging Customers,High Risk,36,1,177,97.70%,Low-Cost Re-engagement
18274,Emerging Customers,High Risk,29,1,176,95.10%,Low-Cost Re-engagement
14495,Emerging Customers,High Risk,50,3,175,86.30%,Low-Cost Re-engagement
14518,Emerging Customers,High Risk,63,1,174,97.30%,Low-Cost Re-engagement
15335,Emerging Customers,High Risk,53,1,174,97.70%,Low-Cost Re-engagement
15565,Emerging Customers,High Risk,49,2,173,91.60%,Low-Cost Re-engagement
13690,Emerging Customers,High Risk,58,1,172,97.30%,Low-Cost Re-engagement
14860,Emerging Customers,High Risk,18,1,170,89.00%,Low-Cost Re-engagement
14218,Emerging Customers,High Risk,42,1,169,97.70%,Low-Cost Re-engagement
18088,Emerging Customers,High Risk,60,1,168,97.30%,Low-Cost Re-engagement
18014,Emerging Customers,High Risk,27,1,166,95.10%,Low-Cost Re-engagement
17650,Emerging Customers,High Risk,20,1,166,89.00%,Low-Cost Re-engagement
14485,Emerging Customers,High Risk,38,1,166,97.70%,Low-Cost Re-engagement
15904,Emerging Customers,High Risk,7,1,165,80.70%,Low-Cost Re-engagement
13603,Emerging Customers,High Risk,25,1,164,95.10%,Low-Cost Re-engagement
17600,Emerging Customers,High Risk,17,1,162,89.00%,Low-Cost Re-engagement
14362,Emerging Customers,High Risk,21,1,161,91.10%,Low-Cost Re-engagement
14089,Emerging Customers,High Risk,56,1,161,97.30%,Low-Cost Re-engagement
12966,Emerging Customers,High Risk,9,1,160,86.40%,Low-Cost Re-engagement
16213,Emerging Customers,High Risk,78,1,159,97.40%,Low-Cost Re-engagement
15348,Emerging Customers,High Risk,71,1,158,97.40%,Low-Cost Re-engagement
17832,Emerging Customers,High Risk,49,1,155,97.70%,Low-Cost Re-engagement
15740,Emerging Customers,High Risk,48,1,155,97.70%,Low-Cost Re-engagement
12602,Emerging Customers,High Risk,58,1,153,97.30%,Low-Cost Re-engagement
16248,Emerging Customers,High Risk,61,1,153,97.30%,Low-Cost Re-engagement
13697,Emerging Customers,High Risk,38,1,151,97.70%,Low-Cost Re-engagement
16337,Emerging Customers,High Risk,36,1,151,97.70%,Low-Cost Re-engagement
14073,Emerging Customers,High Risk,31,1,151,97.40%,Low-Cost Re-engagement
15435,Emerging Customers,High Risk,21,1,149,91.10%,Low-Cost Re-engagement
17549,Emerging Customers,High Risk,23,2,149,72.90%,Low-Cost Re-engagement
15526,Emerging Customers,High Risk,32,2,148,91.60%,Low-Cost Re-engagement
14098,Emerging Customers,High Risk,36,1,147,97.70%,Low-Cost Re-engagement
17030,Emerging Customers,High Risk,63,1,147,97.30%,Low-Cost Re-engagement
13866,Emerging Customers,High Risk,73,1,146,97.40%,Low-Cost Re-engagement
15937,Emerging Customers,High Risk,63,1,145,97.30%,Low-Cost Re-engagement
14109,Emerging Customers,High Risk,72,1,144,97.40%,Low-Cost Re-engagement
12587,Emerging Customers,High Risk,7,1,144,80.70%,Low-Cost Re-engagement
17186,Emerging Customers,High Risk,46,2,144,91.60%,Low-Cost Re-engagement
13483,Emerging Customers,High Risk,65,1,140,97.30%,Low-Cost Re-engagement
18209,Emerging Customers,High Risk,28,1,139,95.10%,Low-Cost Re-engagement
12512,Emerging Customers,High Risk,65,2,138,96.10%,Low-Cost Re-engagement
13279,Emerging Customers,High Risk,77,1,138,97.40%,Low-Cost Re-engagement
15836,Emerging Customers,High Risk,49,1,137,97.70%,Low-Cost Re-engagement
15419,Emerging Customers,High Risk,24,1,136,92.30%,Low-Cost Re-engagement
13364,Emerging Customers,High Risk,70,1,135,97.40%,Low-Cost Re-engagement
14174,Emerging Customers,High Risk,32,1,134,97.70%,Low-Cost Re-engagement
14349,Emerging Customers,High Risk,9,1,134,86.40%,Low-Cost Re-engagement
17297,Emerging Customers,High Risk,16,1,132,90.90%,Low-Cost Re-engagement
15844,Emerging Customers,High Risk,45,1,131,97.70%,Low-Cost Re-engagement
16828,Emerging Customers,High Risk,92,2,128,96.30%,Low-Cost Re-engagement
15463,Emerging Customers,High Risk,28,1,126,95.10%,Low-Cost Re-engagement
13522,Emerging Customers,High Risk,29,1,126,95.10%,Low-Cost Re-engagement
15017,Emerging Customers,High Risk,33,1,126,97.70%,Low-Cost Re-engagement
17148,Emerging Customers,High Risk,51,1,125,97.70%,Low-Cost Re-engagement
13876,Emerging Customers,High Risk,63,1,123,97.30%,Low-Cost Re-engagement
13638,Emerging Customers,High Risk,15,1,123,85.90%,Low-Cost Re-engagement
13244,Emerging Customers,High Risk,92,1,122,96.50%,Low-Cost Re-engagement
13182,Emerging Customers,High Risk,44,1,121,97.70%,Low-Cost Re-engagement
17079,Emerging Customers,High Risk,77,1,119,97.40%,Low-Cost Re-engagement
13193,Emerging Customers,High Risk,60,1,118,97.30%,Low-Cost Re-engagement
16959,Emerging Customers,High Risk,86,1,117,96.50%,Low-Cost Re-engagement
13170,Emerging Customers,High Risk,26,1,116,95.10%,Low-Cost Re-engagement
13188,Emerging Customers,High Risk,10,1,115,86.40%,Low-Cost Re-engagement
14974,Emerging Customers,High Risk,36,1,114,97.70%,Low-Cost Re-engagement
14652,Emerging Customers,High Risk,76,1,114,97.40%,Low-Cost Re-engagement
12938,Emerging Customers,High Risk,25,1,114,95.10%,Low-Cost Re-engagement
14582,Emerging Customers,High Risk,40,1,114,97.70%,Low-Cost Re-engagement
18105,Emerging Customers,High Risk,37,1,113,97.70%,Low-Cost Re-engagement
15610,Emerging Customers,High Risk,51,1,112,97.70%,Low-Cost Re-engagement
12756,Emerging Customers,High Risk,86,1,112,96.50%,Low-Cost Re-engagement
17957,Emerging Customers,High Risk,65,1,112,97.30%,Low-Cost Re-engagement
15853,Emerging Customers,High Risk,51,1,111,97.70%,Low-Cost Re-engagement
14641,Emerging Customers,High Risk,21,1,110,91.10%,Low-Cost Re-engagement
17836,Emerging Customers,High Risk,46,1,110,97.70%,Low-Cost Re-engagement
16363,Emerging Customers,High Risk,52,1,109,97.50%,Low-Cost Re-engagement
14345,Emerging Customers,High Risk,38,1,109,97.50%,Low-Cost Re-engagement
16106,Emerging Customers,High Risk,65,1,108,97.00%,Low-Cost Re-engagement
14661,Emerging Customers,High Risk,26,1,108,95.10%,Low-Cost Re-engagement
15168,Emerging Customers,High Risk,25,1,107,95.10%,Low-Cost Re-engagement
17791,Emerging Customers,High Risk,29,1,106,95.10%,Low-Cost Re-engagement
14027,Emerging Customers,High Risk,60,1,105,97.00%,Low-Cost Re-engagement
16516,Emerging Customers,High Risk,29,1,102,90.60%,Low-Cost Re-engagement
14946,Emerging Customers,High Risk,13,1,101,85.50%,Low-Cost Re-engagement
17427,Emerging Customers,High Risk,71,1,101,95.60%,Low-Cost Re-engagement
17538,Emerging Customers,High Risk,25,1,98,92.90%,Low-Cost Re-engagement
17895,Emerging Customers,High Risk,43,1,98,96.10%,Low-Cost Re-engagement
18033,Emerging Customers,High Risk,64,1,98,95.40%,Low-Cost Re-engagement
12984,Emerging Customers,High Risk,18,1,98,86.60%,Low-Cost Re-engagement
14642,Emerging Customers,High Risk,58,1,96,95.40%,Low-Cost Re-engagement
18249,Emerging Customers,High Risk,16,1,95,89.60%,Low-Cost Re-engagement
14054,Emerging Customers,High Risk,64,1,92,95.40%,Low-Cost Re-engagement
13160,Emerging Customers,High Risk,21,1,92,89.00%,Low-Cost Re-engagement
12659,Emerging Customers,High Risk,29,1,92,92.90%,Low-Cost Re-engagement
13947,Emerging Customers,High Risk,64,1,91,95.40%,Low-Cost Re-engagement
13006,Emerging Customers,High Risk,55,1,82,81.10%,Low-Cost Re-engagement
17620,Emerging Customers,High Risk,59,1,81,81.10%,Low-Cost Re-engagement
16789,Emerging Customers,High Risk,7,1,81,80.10%,Low-Cost Re-engagement
17942,Emerging Customers,High Risk,7,1,78,85.10%,Low-Cost Re-engagement
17628,Emerging Customers,High Risk,80,1,76,84.50%,Low-Cost Re-engagement
13095,Emerging Customers,High Risk,70,1,74,84.50%,Low-Cost Re-engagement
16171,Emerging Customers,High Risk,58,1,73,84.50%,Low-Cost Re-engagement
13938,Emerging Customers,High Risk,34,1,72,84.80%,Low-Cost Re-engagement
13130,Emerging Customers,High Risk,93,1,64,80.20%,Low-Cost Re-engagement
13366,Emerging Customers,High Risk,49,1,56,75.40%,Low-Cost Re-engagement
18184,Emerging Customers,High Risk,14,1,50,73.50%,Low-Cost Re-engagement
18019,Emerging Customers,High Risk,51,1,38,74.00%,Low-Cost Re-engagement
17831,Emerging Customers,High Risk,32,1,35,72.20%,Low-Cost Re-engagement
14792,Emerging Customers,High Risk,63,1,6,71.90%,Low-Cost Re-engagement
12466,Inactive Customers,Low Risk,681,1,57,25.10%,Do Not Prioritise
14144,Inactive Customers,Low Risk,485,1,31,27.70%,Do Not Prioritise
15284,Inactive Customers,Low Risk,499,1,25,24.50%,Do Not Prioritise
12606,Inactive Customers,Low Risk,681,1,21,15.00%,Do Not Prioritise
16093,Inactive Customers,Low Risk,106,1,17,24.00%,Do Not Prioritise
12846,Inactive Customers,Low Risk,681,1,16,12.80%,Do Not Prioritise
14580,Inactive Customers,Low Risk,517,1,15,22.40%,Do Not Prioritise
14900,Inactive Customers,Low Risk,521,1,14,22.40%,Do Not Prioritise
17956,Inactive Customers,Low Risk,248,1,13,22.00%,Do Not Prioritise
17378,Inactive Customers,Low Risk,373,1,11,20.20%,Do Not Prioritise
15040,Inactive Customers,Low Risk,541,1,7,21.60%,Do Not Prioritise
15913,Inactive Customers,Low Risk,533,1,6,14.40%,Do Not Prioritise
13788,Inactive Customers,Low Risk,504,1,4,3.80%,Do Not Prioritise
16738,Inactive Customers,Low Risk,297,1,4,4.70%,Do Not Prioritise
14095,Inactive Customers,Low Risk,722,1,3,9.10%,Do Not Prioritise
14103,Inactive Customers,Low Risk,664,1,0,8.10%,Do Not Prioritise
14827,Inactive Customers,Low Risk,664,1,0,8.10%,Do Not Prioritise
15802,Inactive Customers,Medium Risk,142,1,451,39.30%,Do Not Prioritise
14705,Inactive Customers,Medium Risk,198,1,179,61.60%,Do Not Prioritise
12636,Inactive Customers,Medium Risk,738,1,141,33.20%,Do Not Prioritise
14033,Inactive Customers,Medium Risk,554,1,109,59.20%,Do Not Prioritise
13829,Inactive Customers,Medium Risk,420,1,102,56.40%,Do Not Prioritise
15486,Inactive Customers,Medium Risk,526,1,102,56.40%,Do Not Prioritise
14117,Inactive Customers,Medium Risk,143,1,90,69.70%,Do Not Prioritise
15686,Inactive Customers,Medium Risk,419,1,90,67.20%,Do Not Prioritise
16061,Inactive Customers,Medium Risk,430,1,90,67.20%,Do Not Prioritise
13535,Inactive Customers,Medium Risk,402,1,90,67.20%,Do Not Prioritise
14760,Inactive Customers,Medium Risk,296,1,89,67.20%,Do Not Prioritise
13222,Inactive Customers,Medium Risk,576,1,88,68.40%,Do Not Prioritise
14190,Inactive Customers,Medium Risk,665,1,80,67.90%,Do Not Prioritise
12570,Inactive Customers,Medium Risk,681,1,78,41.30%,Do Not Prioritise
14090,Inactive Customers,Medium Risk,324,1,76,58.40%,Do Not Prioritise
14613,Inactive Customers,Medium Risk,679,1,76,48.60%,Do Not Prioritise
15668,Inactive Customers,Medium Risk,217,1,76,60.80%,Do Not Prioritise
13105,Inactive Customers,Medium Risk,435,1,72,58.90%,Do Not Prioritise
13172,Inactive Customers,Medium Risk,399,1,70,58.70%,Do Not Prioritise
14906,Inactive Customers,Medium Risk,444,1,68,58.70%,Do Not Prioritise
12404,Inactive Customers,Medium Risk,681,1,63,42.30%,Do Not Prioritise
16605,Inactive Customers,Medium Risk,723,1,60,66.00%,Do Not Prioritise
13391,Inactive Customers,Medium Risk,203,1,60,66.60%,Do Not Prioritise
13682,Inactive Customers,Medium Risk,186,1,60,66.60%,Do Not Prioritise
15233,Inactive Customers,Medium Risk,400,1,59,60.70%,Do Not Prioritise
15371,Inactive Customers,Medium Risk,661,1,59,58.50%,Do Not Prioritise
14384,Inactive Customers,Medium Risk,500,1,58,60.70%,Do Not Prioritise
17775,Inactive Customers,Medium Risk,254,1,56,60.70%,Do Not Prioritise
15313,Inactive Customers,Medium Risk,109,1,52,51.70%,Do Not Prioritise
16786,Inactive Customers,Medium Risk,393,1,52,46.10%,Do Not Prioritise
17844,Inactive Customers,Medium Risk,106,1,52,61.70%,Do Not Prioritise
13254,Inactive Customers,Medium Risk,375,1,51,56.30%,Do Not Prioritise
14351,Inactive Customers,Medium Risk,164,1,51,60.40%,Do Not Prioritise
14380,Inactive Customers,Medium Risk,681,1,49,34.70%,Do Not Prioritise
16257,Inactive Customers,Medium Risk,176,1,47,61.40%,Do Not Prioritise
13438,Inactive Customers,Medium Risk,546,1,46,66.00%,Do Not Prioritise
13913,Inactive Customers,Medium Risk,506,1,42,62.90%,Do Not Prioritise
13906,Inactive Customers,Medium Risk,408,1,42,49.00%,Do Not Prioritise
16219,Inactive Customers,Medium Risk,500,1,41,49.00%,Do Not Prioritise
14266,Inactive Customers,Medium Risk,427,1,41,49.00%,Do Not Prioritise
15178,Inactive Customers,Medium Risk,259,1,40,59.00%,Do Not Prioritise
14086,Inactive Customers,Medium Risk,462,1,40,49.00%,Do Not Prioritise
16659,Inactive Customers,Medium Risk,188,1,39,61.40%,Do Not Prioritise
15693,Inactive Customers,Medium Risk,658,1,38,69.00%,Do Not Prioritise
16162,Inactive Customers,Medium Risk,251,1,37,59.00%,Do Not Prioritise
15940,Inactive Customers,Medium Risk,310,1,36,54.00%,Do Not Prioritise
16417,Inactive Customers,Medium Risk,492,1,36,46.70%,Do Not Prioritise
17533,Inactive Customers,Medium Risk,434,1,35,46.70%,Do Not Prioritise
15871,Inactive Customers,Medium Risk,436,1,33,53.40%,Do Not Prioritise
17129,Inactive Customers,Medium Risk,519,1,32,66.90%,Do Not Prioritise
13120,Inactive Customers,Medium Risk,238,1,31,36.50%,Do Not Prioritise
17319,Inactive Customers,Medium Risk,668,1,29,62.80%,Do Not Prioritise
17102,Inactive Customers,Medium Risk,261,1,26,30.30%,Do Not Prioritise
14610,Inactive Customers,Medium Risk,395,2,24,67.70%,Do Not Prioritise
13112,Inactive Customers,Medium Risk,540,1,21,49.80%,Do Not Prioritise
15999,Inactive Customers,Medium Risk,735,1,20,41.30%,Do Not Prioritise
13163,Inactive Customers,Medium Risk,609,1,18,59.10%,Do Not Prioritise
18115,Inactive Customers,Medium Risk,697,1,10,46.30%,Do Not Prioritise
15098,Inactive Customers,High Risk,181,3,39916,97.80%, Do Not Prioritise
15760,Inactive Customers,High Risk,630,2,13916,99.20%, Do Not Prioritise
13687,Inactive Customers,High Risk,437,1,11881,78.80%, Do Not Prioritise
12918,Inactive Customers,High Risk,625,1,10954,75.10%, Do Not Prioritise
18052,Inactive Customers,High Risk,564,1,10877,88.80%, Do Not Prioritise
14028,Inactive Customers,High Risk,549,3,10396,99.20%, Do Not Prioritise
12590,Inactive Customers,High Risk,210,2,9864,98.90%, Do Not Prioritise
14091,Inactive Customers,High Risk,653,2,9530,99.20%, Do Not Prioritise
13935,Inactive Customers,High Risk,596,3,6117,99.20%, Do Not Prioritise
15202,Inactive Customers,High Risk,419,3,6001,99.20%, Do Not Prioritise
12378,Inactive Customers,High Risk,129,2,5416,98.40%, Do Not Prioritise
14459,Inactive Customers,High Risk,154,2,5376,98.40%, Do Not Prioritise
12688,Inactive Customers,High Risk,113,1,4874,95.10%, Do Not Prioritise
17308,Inactive Customers,High Risk,392,2,4512,99.20%, Do Not Prioritise
16749,Inactive Customers,High Risk,590,2,4387,99.20%, Do Not Prioritise
16118,Inactive Customers,High Risk,652,1,4376,89.70%, Do Not Prioritise
12967,Inactive Customers,High Risk,357,3,4307,99.20%, Do Not Prioritise
12653,Inactive Customers,High Risk,148,3,4161,98.40%, Do Not Prioritise
12737,Inactive Customers,High Risk,498,2,3710,99.20%, Do Not Prioritise
13135,Inactive Customers,High Risk,196,2,3371,99.00%, Do Not Prioritise
12770,Inactive Customers,High Risk,210,2,3246,99.00%, Do Not Prioritise
12511,Inactive Customers,High Risk,428,1,3084,89.60%, Do Not Prioritise
12469,Inactive Customers,High Risk,522,2,3071,99.20%, Do Not Prioritise
12754,Inactive Customers,High Risk,235,3,3011,99.20%, Do Not Prioritise
13501,Inactive Customers,High Risk,287,3,2885,99.20%, Do Not Prioritise
14875,Inactive Customers,High Risk,107,3,2862,98.40%, Do Not Prioritise
14935,Inactive Customers,High Risk,296,2,2850,99.20%, Do Not Prioritise
13205,Inactive Customers,High Risk,442,1,2803,89.10%, Do Not Prioritise
12669,Inactive Customers,High Risk,150,3,2744,98.30%, Do Not Prioritise
12671,Inactive Customers,High Risk,605,1,2622,95.00%, Do Not Prioritise
14564,Inactive Customers,High Risk,434,2,2606,99.20%, Do Not Prioritise
13151,Inactive Customers,High Risk,295,3,2581,99.20%, Do Not Prioritise
16244,Inactive Customers,High Risk,211,2,2579,98.90%, Do Not Prioritise
15077,Inactive Customers,High Risk,494,2,2428,99.10%, Do Not Prioritise
14938,Inactive Customers,High Risk,561,2,2322,99.10%, Do Not Prioritise
16077,Inactive Customers,High Risk,625,1,2300,94.70%, Do Not Prioritise
13371,Inactive Customers,High Risk,504,2,2298,99.10%, Do Not Prioritise
13407,Inactive Customers,High Risk,578,3,2245,99.10%, Do Not Prioritise
15934,Inactive Customers,High Risk,417,2,2191,99.10%, Do Not Prioritise
12501,Inactive Customers,High Risk,336,1,2169,94.70%, Do Not Prioritise
12687,Inactive Customers,High Risk,480,2,2139,99.10%, Do Not Prioritise
17305,Inactive Customers,High Risk,648,1,2135,94.70%, Do Not Prioritise
15151,Inactive Customers,High Risk,422,2,2086,99.10%, Do Not Prioritise
18026,Inactive Customers,High Risk,500,2,2074,99.10%, Do Not Prioritise
12585,Inactive Customers,High Risk,233,2,2040,99.10%, Do Not Prioritise
12873,Inactive Customers,High Risk,281,3,2027,99.10%, Do Not Prioritise
13696,Inactive Customers,High Risk,421,3,2020,99.10%, Do Not Prioritise
16698,Inactive Customers,High Risk,226,2,1998,99.10%, Do Not Prioritise
15481,Inactive Customers,High Risk,400,1,1993,97.30%, Do Not Prioritise
17039,Inactive Customers,High Risk,603,1,1955,97.30%, Do Not Prioritise
16993,Inactive Customers,High Risk,463,2,1951,99.10%, Do Not Prioritise
12385,Inactive Customers,High Risk,378,1,1938,97.30%, Do Not Prioritise
15248,Inactive Customers,High Risk,410,3,1894,99.10%, Do Not Prioritise
16917,Inactive Customers,High Risk,276,2,1858,99.10%, Do Not Prioritise
16152,Inactive Customers,High Risk,268,1,1829,97.30%, Do Not Prioritise
15736,Inactive Customers,High Risk,434,2,1816,99.10%, Do Not Prioritise
12369,Inactive Customers,High Risk,412,3,1791,99.10%, Do Not Prioritise
12809,Inactive Customers,High Risk,177,3,1756,98.80%, Do Not Prioritise
14400,Inactive Customers,High Risk,148,3,1732,98.20%, Do Not Prioritise
14304,Inactive Customers,High Risk,222,3,1725,99.10%, Do Not Prioritise
13665,Inactive Customers,High Risk,385,3,1712,99.10%, Do Not Prioritise
12405,Inactive Customers,High Risk,148,1,1710,97.50%, Do Not Prioritise
16902,Inactive Customers,High Risk,115,1,1707,97.50%, Do Not Prioritise
16398,Inactive Customers,High Risk,153,2,1706,98.10%, Do Not Prioritise
12764,Inactive Customers,High Risk,316,1,1694,97.70%, Do Not Prioritise
14245,Inactive Customers,High Risk,219,2,1693,92.30%, Do Not Prioritise
13294,Inactive Customers,High Risk,189,3,1690,98.80%, Do Not Prioritise
12813,Inactive Customers,High Risk,501,3,1688,99.10%, Do Not Prioritise
12911,Inactive Customers,High Risk,551,1,1680,97.70%, Do Not Prioritise
13800,Inactive Customers,High Risk,309,3,1680,99.10%, Do Not Prioritise
12870,Inactive Customers,High Risk,374,3,1677,99.10%, Do Not Prioritise
14831,Inactive Customers,High Risk,679,3,1677,99.30%, Do Not Prioritise
15310,Inactive Customers,High Risk,478,1,1635,97.70%, Do Not Prioritise
13154,Inactive Customers,High Risk,398,3,1625,99.10%, Do Not Prioritise
14695,Inactive Customers,High Risk,518,3,1620,99.10%, Do Not Prioritise
17814,Inactive Customers,High Risk,374,2,1617,99.10%, Do Not Prioritise
14920,Inactive Customers,High Risk,212,3,1607,98.80%, Do Not Prioritise
14885,Inactive Customers,High Risk,131,3,1598,98.10%, Do Not Prioritise
12514,Inactive Customers,High Risk,266,2,1598,99.10%, Do Not Prioritise
13850,Inactive Customers,High Risk,128,1,1595,97.50%, Do Not Prioritise
13156,Inactive Customers,High Risk,384,3,1587,99.10%, Do Not Prioritise
13337,Inactive Customers,High Risk,545,1,1575,97.70%, Do Not Prioritise
15074,Inactive Customers,High Risk,104,3,1566,98.10%, Do Not Prioritise
12629,Inactive Customers,High Risk,385,2,1558,99.10%, Do Not Prioritise
13042,Inactive Customers,High Risk,597,3,1557,99.10%, Do Not Prioritise
13377,Inactive Customers,High Risk,396,2,1553,99.10%, Do Not Prioritise
12818,Inactive Customers,High Risk,261,1,1542,97.70%, Do Not Prioritise
14055,Inactive Customers,High Risk,105,3,1521,98.10%, Do Not Prioritise
14267,Inactive Customers,High Risk,162,3,1516,98.30%, Do Not Prioritise
13791,Inactive Customers,High Risk,127,2,1516,98.10%, Do Not Prioritise
13370,Inactive Customers,High Risk,371,1,1510,97.70%, Do Not Prioritise
18074,Inactive Customers,High Risk,373,2,1509,99.10%, Do Not Prioritise
14802,Inactive Customers,High Risk,437,2,1503,99.10%, Do Not Prioritise
14246,Inactive Customers,High Risk,110,3,1474,98.10%, Do Not Prioritise
13361,Inactive Customers,High Risk,471,2,1450,99.10%, Do Not Prioritise
15876,Inactive Customers,High Risk,408,2,1449,99.10%, Do Not Prioritise
15076,Inactive Customers,High Risk,172,3,1448,98.30%, Do Not Prioritise
13583,Inactive Customers,High Risk,155,2,1445,98.10%, Do Not Prioritise
13543,Inactive Customers,High Risk,633,2,1440,99.10%, Do Not Prioritise
16088,Inactive Customers,High Risk,575,2,1437,99.10%, Do Not Prioritise
12389,Inactive Customers,High Risk,402,3,1433,99.10%, Do Not Prioritise
16854,Inactive Customers,High Risk,416,2,1409,99.10%, Do Not Prioritise
14909,Inactive Customers,High Risk,436,3,1405,99.10%, Do Not Prioritise
14687,Inactive Customers,High Risk,106,3,1402,98.10%, Do Not Prioritise
14899,Inactive Customers,High Risk,394,1,1385,97.70%, Do Not Prioritise
13572,Inactive Customers,High Risk,205,1,1384,97.70%, Do Not Prioritise
12533,Inactive Customers,High Risk,627,2,1368,99.10%, Do Not Prioritise
12591,Inactive Customers,High Risk,316,3,1352,99.10%, Do Not Prioritise
14847,Inactive Customers,High Risk,148,3,1349,98.10%, Do Not Prioritise
16222,Inactive Customers,High Risk,317,2,1345,99.10%, Do Not Prioritise
12426,Inactive Customers,High Risk,194,2,1345,98.80%, Do Not Prioritise
17499,Inactive Customers,High Risk,289,2,1341,99.10%, Do Not Prioritise
12711,Inactive Customers,High Risk,611,2,1339,99.10%, Do Not Prioritise
13803,Inactive Customers,High Risk,254,3,1339,99.10%, Do Not Prioritise
15146,Inactive Customers,High Risk,164,2,1327,98.30%, Do Not Prioritise
14956,Inactive Customers,High Risk,420,1,1325,97.70%, Do Not Prioritise
14973,Inactive Customers,High Risk,106,3,1314,98.10%, Do Not Prioritise
12639,Inactive Customers,High Risk,238,3,1312,99.10%, Do Not Prioritise
12717,Inactive Customers,High Risk,150,3,1309,98.10%, Do Not Prioritise
13328,Inactive Customers,High Risk,315,1,1308,97.70%, Do Not Prioritise
16377,Inactive Customers,High Risk,266,2,1308,99.10%, Do Not Prioritise
15813,Inactive Customers,High Risk,207,2,1304,98.80%, Do Not Prioritise
18286,Inactive Customers,High Risk,476,2,1296,99.10%, Do Not Prioritise
14619,Inactive Customers,High Risk,245,2,1291,99.10%, Do Not Prioritise
15171,Inactive Customers,High Risk,330,1,1290,97.70%, Do Not Prioritise
14679,Inactive Customers,High Risk,381,3,1289,99.10%, Do Not Prioritise
16608,Inactive Customers,High Risk,453,2,1289,99.10%, Do Not Prioritise
13300,Inactive Customers,High Risk,168,3,1286,98.30%, Do Not Prioritise
14490,Inactive Customers,High Risk,405,2,1273,99.10%, Do Not Prioritise
17132,Inactive Customers,High Risk,451,2,1273,99.10%, Do Not Prioritise
17478,Inactive Customers,High Risk,407,2,1273,99.10%, Do Not Prioritise
13492,Inactive Customers,High Risk,135,3,1270,98.10%, Do Not Prioritise
15441,Inactive Customers,High Risk,395,3,1254,99.10%, Do Not Prioritise
12666,Inactive Customers,High Risk,393,1,1248,97.70%, Do Not Prioritise
15004,Inactive Customers,High Risk,146,1,1246,97.50%, Do Not Prioritise
17529,Inactive Customers,High Risk,609,2,1240,99.10%, Do Not Prioritise
16501,Inactive Customers,High Risk,382,1,1237,97.70%, Do Not Prioritise
12866,Inactive Customers,High Risk,282,3,1227,99.10%, Do Not Prioritise
17456,Inactive Customers,High Risk,364,2,1225,99.10%, Do Not Prioritise
15303,Inactive Customers,High Risk,289,3,1224,99.10%, Do Not Prioritise
14430,Inactive Customers,High Risk,511,3,1221,99.10%, Do Not Prioritise
13299,Inactive Customers,High Risk,267,3,1219,99.10%, Do Not Prioritise
15390,Inactive Customers,High Risk,395,2,1217,99.10%, Do Not Prioritise
12742,Inactive Customers,High Risk,625,1,1202,97.70%, Do Not Prioritise
14213,Inactive Customers,High Risk,404,1,1192,97.70%, Do Not Prioritise
13388,Inactive Customers,High Risk,130,3,1186,98.10%, Do Not Prioritise
18060,Inactive Customers,High Risk,407,2,1185,99.10%, Do Not Prioritise
14206,Inactive Customers,High Risk,238,3,1185,99.10%, Do Not Prioritise
13526,Inactive Customers,High Risk,737,2,1182,98.70%, Do Not Prioritise
13395,Inactive Customers,High Risk,184,3,1180,98.80%, Do Not Prioritise
13270,Inactive Customers,High Risk,365,1,1180,97.70%, Do Not Prioritise
13797,Inactive Customers,High Risk,436,3,1179,99.10%, Do Not Prioritise
15210,Inactive Customers,High Risk,224,3,1176,99.10%, Do Not Prioritise
13459,Inactive Customers,High Risk,624,2,1160,99.10%, Do Not Prioritise
12439,Inactive Customers,High Risk,682,2,1158,99.30%, Do Not Prioritise
12710,Inactive Customers,High Risk,96,3,1149,98.10%, Do Not Prioritise
14308,Inactive Customers,High Risk,548,2,1147,99.10%, Do Not Prioritise
16766,Inactive Customers,High Risk,272,2,1146,99.10%, Do Not Prioritise
17477,Inactive Customers,High Risk,612,2,1144,99.10%, Do Not Prioritise
12769,Inactive Customers,High Risk,238,1,1144,97.70%, Do Not Prioritise
16270,Inactive Customers,High Risk,352,1,1141,97.70%, Do Not Prioritise
15586,Inactive Customers,High Risk,592,3,1139,99.10%, Do Not Prioritise
14375,Inactive Customers,High Risk,184,3,1133,98.80%, Do Not Prioritise
17622,Inactive Customers,High Risk,597,2,1130,99.10%, Do Not Prioritise
12373,Inactive Customers,High Risk,310,3,1128,99.10%, Do Not Prioritise
14671,Inactive Customers,High Risk,548,2,1127,99.10%, Do Not Prioritise
12503,Inactive Customers,High Risk,583,1,1126,97.70%, Do Not Prioritise
14917,Inactive Customers,High Risk,596,2,1124,99.10%, Do Not Prioritise
15069,Inactive Customers,High Risk,178,1,1110,97.70%, Do Not Prioritise
15559,Inactive Customers,High Risk,567,1,1109,97.70%, Do Not Prioritise
15828,Inactive Customers,High Risk,374,1,1109,97.70%, Do Not Prioritise
16223,Inactive Customers,High Risk,374,2,1102,99.10%, Do Not Prioritise
12785,Inactive Customers,High Risk,363,3,1100,99.10%, Do Not Prioritise
14009,Inactive Customers,High Risk,197,3,1100,98.80%, Do Not Prioritise
13108,Inactive Customers,High Risk,372,2,1099,98.80%, Do Not Prioritise
17366,Inactive Customers,High Risk,431,2,1096,98.80%, Do Not Prioritise
12803,Inactive Customers,High Risk,392,1,1093,97.90%, Do Not Prioritise
12534,Inactive Customers,High Risk,130,1,1089,97.80%, Do Not Prioritise
15254,Inactive Customers,High Risk,126,3,1088,98.30%, Do Not Prioritise
12354,Inactive Customers,High Risk,231,1,1079,97.90%, Do Not Prioritise
15546,Inactive Customers,High Risk,606,2,1079,99.20%, Do Not Prioritise
12801,Inactive Customers,High Risk,500,1,1072,97.90%, Do Not Prioritise
17277,Inactive Customers,High Risk,227,2,1065,99.20%, Do Not Prioritise
15639,Inactive Customers,High Risk,133,3,1065,98.30%, Do Not Prioritise
12815,Inactive Customers,High Risk,147,2,1063,98.30%, Do Not Prioritise
14411,Inactive Customers,High Risk,310,1,1063,97.90%, Do Not Prioritise
12580,Inactive Customers,High Risk,246,2,1053,99.20%, Do Not Prioritise
13775,Inactive Customers,High Risk,590,1,1050,97.90%, Do Not Prioritise
15464,Inactive Customers,High Risk,337,1,1049,97.90%, Do Not Prioritise
17474,Inactive Customers,High Risk,599,1,1047,97.90%, Do Not Prioritise
16991,Inactive Customers,High Risk,420,1,1041,97.90%, Do Not Prioritise
12486,Inactive Customers,High Risk,431,1,1037,97.90%, Do Not Prioritise
14248,Inactive Customers,High Risk,317,3,1033,98.90%, Do Not Prioritise
13235,Inactive Customers,High Risk,211,1,1031,97.40%, Do Not Prioritise
14932,Inactive Customers,High Risk,365,2,1030,99.00%, Do Not Prioritise
15333,Inactive Customers,High Risk,207,1,1029,97.40%, Do Not Prioritise
15104,Inactive Customers,High Risk,196,2,1027,98.70%, Do Not Prioritise
17310,Inactive Customers,High Risk,386,2,1025,99.00%, Do Not Prioritise
16568,Inactive Customers,High Risk,427,2,1021,99.00%, Do Not Prioritise
13376,Inactive Customers,High Risk,98,3,1020,97.70%, Do Not Prioritise
18142,Inactive Customers,High Risk,156,2,1020,97.90%, Do Not Prioritise
12905,Inactive Customers,High Risk,576,2,1018,98.90%, Do Not Prioritise
12793,Inactive Customers,High Risk,334,3,1017,98.80%, Do Not Prioritise
15970,Inactive Customers,High Risk,303,2,1017,98.90%, Do Not Prioritise
12652,Inactive Customers,High Risk,330,2,1017,98.90%, Do Not Prioritise
13333,Inactive Customers,High Risk,410,3,1016,98.80%, Do Not Prioritise
14355,Inactive Customers,High Risk,365,3,1014,98.80%, Do Not Prioritise
12410,Inactive Customers,High Risk,308,3,1014,98.80%, Do Not Prioritise
12862,Inactive Customers,High Risk,425,2,1008,98.90%, Do Not Prioritise
14510,Inactive Customers,High Risk,375,3,1007,98.80%, Do Not Prioritise
15363,Inactive Customers,High Risk,372,2,1004,98.80%, Do Not Prioritise
14255,Inactive Customers,High Risk,545,1,1001,96.90%, Do Not Prioritise
18143,Inactive Customers,High Risk,116,2,1000,97.50%, Do Not Prioritise
13965,Inactive Customers,High Risk,476,3,997,98.90%, Do Not Prioritise
13559,Inactive Customers,High Risk,512,2,990,99.00%, Do Not Prioritise
15176,Inactive Customers,High Risk,667,1,988,97.50%, Do Not Prioritise
13439,Inactive Customers,High Risk,254,3,987,98.90%, Do Not Prioritise
14142,Inactive Customers,High Risk,372,2,983,99.00%, Do Not Prioritise
15109,Inactive Customers,High Risk,245,3,983,98.90%, Do Not Prioritise
12543,Inactive Customers,High Risk,447,1,980,97.20%, Do Not Prioritise
14230,Inactive Customers,High Risk,435,3,980,98.90%, Do Not Prioritise
17369,Inactive Customers,High Risk,455,1,979,97.20%, Do Not Prioritise
15247,Inactive Customers,High Risk,121,3,976,97.60%, Do Not Prioritise
15165,Inactive Customers,High Risk,372,1,976,97.20%, Do Not Prioritise
17958,Inactive Customers,High Risk,116,2,974,97.80%, Do Not Prioritise
12525,Inactive Customers,High Risk,497,3,974,98.90%, Do Not Prioritise
14350,Inactive Customers,High Risk,273,3,972,98.90%, Do Not Prioritise
13204,Inactive Customers,High Risk,730,1,967,97.60%, Do Not Prioritise
15084,Inactive Customers,High Risk,379,2,965,99.00%, Do Not Prioritise
16763,Inactive Customers,High Risk,198,2,965,98.60%, Do Not Prioritise
15268,Inactive Customers,High Risk,478,3,962,98.90%, Do Not Prioritise
12675,Inactive Customers,High Risk,553,2,958,99.00%, Do Not Prioritise
12505,Inactive Customers,High Risk,408,1,955,97.20%, Do Not Prioritise
15430,Inactive Customers,High Risk,467,2,955,99.00%, Do Not Prioritise
12767,Inactive Customers,High Risk,375,1,950,97.20%, Do Not Prioritise
15177,Inactive Customers,High Risk,425,1,949,97.20%, Do Not Prioritise
12874,Inactive Customers,High Risk,384,2,948,99.00%, Do Not Prioritise
12355,Inactive Customers,High Risk,213,2,948,98.60%, Do Not Prioritise
13261,Inactive Customers,High Risk,268,2,944,99.00%, Do Not Prioritise
12942,Inactive Customers,High Risk,130,3,943,97.60%, Do Not Prioritise
14326,Inactive Customers,High Risk,241,3,941,98.90%, Do Not Prioritise
13936,Inactive Customers,High Risk,179,3,940,98.50%, Do Not Prioritise
17020,Inactive Customers,High Risk,541,2,936,99.00%, Do Not Prioritise
16781,Inactive Customers,High Risk,371,2,934,99.00%, Do Not Prioritise
15792,Inactive Customers,High Risk,399,2,934,99.00%, Do Not Prioritise
18133,Inactive Customers,High Risk,211,1,931,97.20%, Do Not Prioritise
12396,Inactive Customers,High Risk,673,1,931,97.50%, Do Not Prioritise
13465,Inactive Customers,High Risk,445,2,931,99.00%, Do Not Prioritise
14924,Inactive Customers,High Risk,245,3,931,98.90%, Do Not Prioritise
14338,Inactive Customers,High Risk,160,3,928,97.80%, Do Not Prioritise
12745,Inactive Customers,High Risk,486,3,925,98.90%, Do Not Prioritise
17143,Inactive Customers,High Risk,416,2,924,99.00%, Do Not Prioritise
16643,Inactive Customers,High Risk,245,2,923,99.00%, Do Not Prioritise
13934,Inactive Customers,High Risk,263,1,922,97.20%, Do Not Prioritise
12998,Inactive Customers,High Risk,492,3,920,98.90%, Do Not Prioritise
14568,Inactive Customers,High Risk,434,1,920,97.20%, Do Not Prioritise
13075,Inactive Customers,High Risk,129,1,920,97.10%, Do Not Prioritise
13872,Inactive Customers,High Risk,526,3,920,98.90%, Do Not Prioritise
15542,Inactive Customers,High Risk,511,3,918,98.90%, Do Not Prioritise
12368,Inactive Customers,High Risk,627,1,918,97.30%, Do Not Prioritise
14061,Inactive Customers,High Risk,506,3,917,98.90%, Do Not Prioritise
14423,Inactive Customers,High Risk,217,3,917,98.50%, Do Not Prioritise
14839,Inactive Customers,High Risk,417,3,915,98.90%, Do Not Prioritise
16216,Inactive Customers,High Risk,266,1,915,97.30%, Do Not Prioritise
14729,Inactive Customers,High Risk,373,3,907,98.90%, Do Not Prioritise
14969,Inactive Customers,High Risk,703,1,906,97.70%, Do Not Prioritise
15180,Inactive Customers,High Risk,366,3,904,98.90%, Do Not Prioritise
12945,Inactive Customers,High Risk,287,2,900,99.00%, Do Not Prioritise
16834,Inactive Customers,High Risk,227,2,899,99.00%, Do Not Prioritise
15710,Inactive Customers,High Risk,416,1,899,97.30%, Do Not Prioritise
13996,Inactive Customers,High Risk,385,2,896,99.00%, Do Not Prioritise
14065,Inactive Customers,High Risk,388,3,891,98.90%, Do Not Prioritise
15824,Inactive Customers,High Risk,452,2,891,99.00%, Do Not Prioritise
17704,Inactive Customers,High Risk,168,2,885,98.00%, Do Not Prioritise
13166,Inactive Customers,High Risk,282,2,884,99.00%, Do Not Prioritise
18141,Inactive Customers,High Risk,401,2,882,99.00%, Do Not Prioritise
16677,Inactive Customers,High Risk,410,2,881,99.00%, Do Not Prioritise
13937,Inactive Customers,High Risk,168,2,880,98.00%, Do Not Prioritise
14612,Inactive Customers,High Risk,414,1,878,97.30%, Do Not Prioritise
14645,Inactive Customers,High Risk,156,3,877,97.70%, Do Not Prioritise
13768,Inactive Customers,High Risk,726,2,876,99.10%, Do Not Prioritise
16567,Inactive Customers,High Risk,193,2,866,98.60%, Do Not Prioritise
13922,Inactive Customers,High Risk,351,3,865,98.90%, Do Not Prioritise
14600,Inactive Customers,High Risk,305,2,865,99.00%, Do Not Prioritise
13891,Inactive Customers,High Risk,377,3,864,98.90%, Do Not Prioritise
13339,Inactive Customers,High Risk,200,1,860,97.30%, Do Not Prioritise
14372,Inactive Customers,High Risk,442,2,860,99.00%, Do Not Prioritise
12440,Inactive Customers,High Risk,461,2,859,99.00%, Do Not Prioritise
17161,Inactive Customers,High Risk,443,1,856,97.30%, Do Not Prioritise
12878,Inactive Customers,High Risk,235,2,855,99.00%, Do Not Prioritise
13945,Inactive Customers,High Risk,394,2,854,99.00%, Do Not Prioritise
14873,Inactive Customers,High Risk,209,2,854,98.60%, Do Not Prioritise
12696,Inactive Customers,High Risk,434,2,852,99.00%, Do Not Prioritise
15784,Inactive Customers,High Risk,467,2,848,99.00%, Do Not Prioritise
14202,Inactive Customers,High Risk,380,3,848,98.90%, Do Not Prioritise
13221,Inactive Customers,High Risk,239,2,847,99.00%, Do Not Prioritise
13970,Inactive Customers,High Risk,385,2,847,99.00%, Do Not Prioritise
14803,Inactive Customers,High Risk,161,3,846,97.80%, Do Not Prioritise
14922,Inactive Customers,High Risk,393,2,844,99.00%, Do Not Prioritise
15070,Inactive Customers,High Risk,372,3,843,98.90%, Do Not Prioritise
17638,Inactive Customers,High Risk,646,2,842,99.00%, Do Not Prioritise
16810,Inactive Customers,High Risk,191,2,842,98.60%, Do Not Prioritise
16264,Inactive Customers,High Risk,437,2,838,99.00%, Do Not Prioritise
15832,Inactive Customers,High Risk,253,1,837,97.30%, Do Not Prioritise
13386,Inactive Customers,High Risk,413,2,835,99.00%, Do Not Prioritise
14556,Inactive Customers,High Risk,595,3,835,98.90%, Do Not Prioritise
15190,Inactive Customers,High Risk,433,1,834,97.30%, Do Not Prioritise
16644,Inactive Customers,High Risk,177,2,834,98.60%, Do Not Prioritise
12903,Inactive Customers,High Risk,428,1,834,97.30%, Do Not Prioritise
13175,Inactive Customers,High Risk,581,2,831,99.00%, Do Not Prioritise
12730,Inactive Customers,High Risk,521,1,829,97.30%, Do Not Prioritise
15617,Inactive Customers,High Risk,395,3,829,98.90%, Do Not Prioritise
16246,Inactive Customers,High Risk,459,2,827,99.00%, Do Not Prioritise
12792,Inactive Customers,High Risk,256,2,827,99.00%, Do Not Prioritise
16494,Inactive Customers,High Risk,296,1,827,97.30%, Do Not Prioritise
13513,Inactive Customers,High Risk,126,3,825,97.70%, Do Not Prioritise
14260,Inactive Customers,High Risk,470,3,824,98.90%, Do Not Prioritise
15137,Inactive Customers,High Risk,520,2,823,99.00%, Do Not Prioritise
13893,Inactive Customers,High Risk,297,1,821,97.30%, Do Not Prioritise
15314,Inactive Customers,High Risk,198,3,820,98.50%, Do Not Prioritise
16135,Inactive Customers,High Risk,262,2,819,99.00%, Do Not Prioritise
13612,Inactive Customers,High Risk,632,1,818,97.30%, Do Not Prioritise
13595,Inactive Customers,High Risk,516,3,818,98.90%, Do Not Prioritise
14890,Inactive Customers,High Risk,253,3,817,98.90%, Do Not Prioritise
14872,Inactive Customers,High Risk,483,3,817,98.90%, Do Not Prioritise
13811,Inactive Customers,High Risk,183,3,814,98.50%, Do Not Prioritise
12763,Inactive Customers,High Risk,137,2,814,97.80%, Do Not Prioritise
16958,Inactive Customers,High Risk,434,1,809,97.30%, Do Not Prioritise
13045,Inactive Customers,High Risk,98,3,809,97.70%, Do Not Prioritise
12797,Inactive Customers,High Risk,365,2,806,99.00%, Do Not Prioritise
12632,Inactive Customers,High Risk,520,2,805,99.00%, Do Not Prioritise
18248,Inactive Customers,High Risk,122,2,804,97.80%, Do Not Prioritise
15396,Inactive Customers,High Risk,112,2,796,97.90%, Do Not Prioritise
14022,Inactive Customers,High Risk,224,2,792,99.00%, Do Not Prioritise
13484,Inactive Customers,High Risk,240,3,791,98.90%, Do Not Prioritise
16472,Inactive Customers,High Risk,433,2,790,99.00%, Do Not Prioritise
15448,Inactive Customers,High Risk,312,2,789,99.00%, Do Not Prioritise
16739,Inactive Customers,High Risk,176,2,786,98.70%, Do Not Prioritise
16972,Inactive Customers,High Risk,382,2,786,99.00%, Do Not Prioritise
13541,Inactive Customers,High Risk,426,2,785,99.00%, Do Not Prioritise
12761,Inactive Customers,High Risk,457,2,783,99.00%, Do Not Prioritise
13453,Inactive Customers,High Risk,165,3,782,97.90%, Do Not Prioritise
13287,Inactive Customers,High Risk,602,3,782,98.90%, Do Not Prioritise
15246,Inactive Customers,High Risk,237,3,780,98.80%, Do Not Prioritise
12735,Inactive Customers,High Risk,314,2,780,99.00%, Do Not Prioritise
13781,Inactive Customers,High Risk,250,3,779,98.80%, Do Not Prioritise
17482,Inactive Customers,High Risk,486,2,778,99.00%, Do Not Prioritise
13745,Inactive Customers,High Risk,161,2,777,97.90%, Do Not Prioritise
15794,Inactive Customers,High Risk,735,2,777,99.10%, Do Not Prioritise
15092,Inactive Customers,High Risk,214,3,776,98.30%, Do Not Prioritise
13341,Inactive Customers,High Risk,260,1,776,97.40%, Do Not Prioritise
14838,Inactive Customers,High Risk,422,2,774,99.00%, Do Not Prioritise
15331,Inactive Customers,High Risk,499,3,768,98.80%, Do Not Prioritise
13712,Inactive Customers,High Risk,246,2,766,99.00%, Do Not Prioritise
15908,Inactive Customers,High Risk,490,2,765,99.00%, Do Not Prioritise
13699,Inactive Customers,High Risk,154,2,764,97.70%, Do Not Prioritise
16262,Inactive Customers,High Risk,377,1,755,97.40%, Do Not Prioritise
13730,Inactive Customers,High Risk,135,2,753,97.70%, Do Not Prioritise
14048,Inactive Customers,High Risk,304,3,749,98.80%, Do Not Prioritise
16465,Inactive Customers,High Risk,420,2,746,99.00%, Do Not Prioritise
14228,Inactive Customers,High Risk,437,3,746,98.80%, Do Not Prioritise
13713,Inactive Customers,High Risk,407,3,743,98.80%, Do Not Prioritise
14302,Inactive Customers,High Risk,430,3,743,98.80%, Do Not Prioritise
17005,Inactive Customers,High Risk,470,2,742,99.00%, Do Not Prioritise
18275,Inactive Customers,High Risk,577,2,742,99.00%, Do Not Prioritise
15922,Inactive Customers,High Risk,372,1,739,97.40%, Do Not Prioritise
16075,Inactive Customers,High Risk,502,2,737,99.00%, Do Not Prioritise
15045,Inactive Customers,High Risk,151,2,736,97.70%, Do Not Prioritise
13286,Inactive Customers,High Risk,599,1,735,97.40%, Do Not Prioritise
12537,Inactive Customers,High Risk,408,1,733,97.40%, Do Not Prioritise
14778,Inactive Customers,High Risk,126,2,731,97.70%, Do Not Prioritise
17834,Inactive Customers,High Risk,414,2,730,99.00%, Do Not Prioritise
13452,Inactive Customers,High Risk,258,3,730,98.80%, Do Not Prioritise
18163,Inactive Customers,High Risk,583,1,729,97.40%, Do Not Prioritise
12786,Inactive Customers,High Risk,609,1,728,97.40%, Do Not Prioritise
17547,Inactive Customers,High Risk,375,2,728,99.00%, Do Not Prioritise
18187,Inactive Customers,High Risk,631,1,725,97.40%, Do Not Prioritise
13729,Inactive Customers,High Risk,435,3,725,98.80%, Do Not Prioritise
13264,Inactive Customers,High Risk,442,1,723,97.40%, Do Not Prioritise
13057,Inactive Customers,High Risk,529,3,722,98.80%, Do Not Prioritise
13537,Inactive Customers,High Risk,425,2,718,99.00%, Do Not Prioritise
13604,Inactive Customers,High Risk,658,1,718,97.40%, Do Not Prioritise
16269,Inactive Customers,High Risk,437,1,718,97.40%, Do Not Prioritise
16526,Inactive Customers,High Risk,171,2,717,97.90%, Do Not Prioritise
16274,Inactive Customers,High Risk,372,1,716,97.40%, Do Not Prioritise
14026,Inactive Customers,High Risk,470,2,713,99.00%, Do Not Prioritise
12485,Inactive Customers,High Risk,528,1,708,97.40%, Do Not Prioritise
14398,Inactive Customers,High Risk,400,2,708,99.00%, Do Not Prioritise
16449,Inactive Customers,High Risk,197,2,708,98.60%, Do Not Prioritise
12453,Inactive Customers,High Risk,133,1,707,97.30%, Do Not Prioritise
13626,Inactive Customers,High Risk,252,2,707,99.00%, Do Not Prioritise
16309,Inactive Customers,High Risk,105,2,707,97.70%, Do Not Prioritise
17976,Inactive Customers,High Risk,371,1,706,97.40%, Do Not Prioritise
14324,Inactive Customers,High Risk,409,2,702,99.00%, Do Not Prioritise
13833,Inactive Customers,High Risk,158,2,701,97.90%, Do Not Prioritise
14497,Inactive Customers,High Risk,308,2,697,99.00%, Do Not Prioritise
15700,Inactive Customers,High Risk,171,2,697,97.90%, Do Not Prioritise
15995,Inactive Customers,High Risk,413,1,696,97.40%, Do Not Prioritise
16704,Inactive Customers,High Risk,617,2,696,99.00%, Do Not Prioritise
12817,Inactive Customers,High Risk,280,3,691,98.80%, Do Not Prioritise
16545,Inactive Customers,High Risk,164,2,690,97.90%, Do Not Prioritise
12837,Inactive Customers,High Risk,172,2,688,97.90%, Do Not Prioritise
14809,Inactive Customers,High Risk,620,2,687,99.00%, Do Not Prioritise
15880,Inactive Customers,High Risk,368,1,687,97.40%, Do Not Prioritise
13898,Inactive Customers,High Risk,325,2,686,99.00%, Do Not Prioritise
15257,Inactive Customers,High Risk,282,2,686,99.00%, Do Not Prioritise
15219,Inactive Customers,High Risk,175,2,685,97.90%, Do Not Prioritise
13585,Inactive Customers,High Risk,530,3,685,98.80%, Do Not Prioritise
15207,Inactive Customers,High Risk,415,3,684,98.80%, Do Not Prioritise
14222,Inactive Customers,High Risk,176,1,683,97.40%, Do Not Prioritise
13987,Inactive Customers,High Risk,379,2,683,99.00%, Do Not Prioritise
18271,Inactive Customers,High Risk,609,2,681,99.00%, Do Not Prioritise
13809,Inactive Customers,High Risk,304,3,680,98.80%, Do Not Prioritise
14151,Inactive Customers,High Risk,672,2,679,99.10%, Do Not Prioritise
14563,Inactive Customers,High Risk,509,2,679,99.00%, Do Not Prioritise
17782,Inactive Customers,High Risk,382,2,679,99.00%, Do Not Prioritise
16646,Inactive Customers,High Risk,448,1,679,97.40%, Do Not Prioritise
13355,Inactive Customers,High Risk,121,1,675,97.30%, Do Not Prioritise
13951,Inactive Customers,High Risk,175,3,674,97.60%, Do Not Prioritise
15562,Inactive Customers,High Risk,351,3,673,98.80%, Do Not Prioritise
18121,Inactive Customers,High Risk,148,2,673,97.70%, Do Not Prioritise
13398,Inactive Customers,High Risk,191,2,670,98.60%, Do Not Prioritise
17105,Inactive Customers,High Risk,158,2,666,97.90%, Do Not Prioritise
16132,Inactive Customers,High Risk,543,2,664,99.00%, Do Not Prioritise
15643,Inactive Customers,High Risk,191,3,664,98.30%, Do Not Prioritise
13474,Inactive Customers,High Risk,235,3,664,98.80%, Do Not Prioritise
15350,Inactive Customers,High Risk,372,2,663,99.00%, Do Not Prioritise
13864,Inactive Customers,High Risk,386,1,662,97.40%, Do Not Prioritise
14425,Inactive Customers,High Risk,434,3,661,98.80%, Do Not Prioritise
12386,Inactive Customers,High Risk,337,2,661,99.00%, Do Not Prioritise
13820,Inactive Customers,High Risk,417,3,661,98.80%, Do Not Prioritise
14603,Inactive Customers,High Risk,274,1,660,97.40%, Do Not Prioritise
15405,Inactive Customers,High Risk,188,2,660,98.60%, Do Not Prioritise
13622,Inactive Customers,High Risk,695,1,659,97.80%, Do Not Prioritise
15648,Inactive Customers,High Risk,203,2,657,98.60%, Do Not Prioritise
14558,Inactive Customers,High Risk,653,3,656,98.80%, Do Not Prioritise
13840,Inactive Customers,High Risk,415,1,651,97.40%, Do Not Prioritise
14024,Inactive Customers,High Risk,121,3,646,97.40%, Do Not Prioritise
13237,Inactive Customers,High Risk,387,1,643,97.40%, Do Not Prioritise
12365,Inactive Customers,High Risk,290,2,641,99.00%, Do Not Prioritise
12624,Inactive Customers,High Risk,105,2,641,97.70%, Do Not Prioritise
12880,Inactive Customers,High Risk,381,2,640,99.00%, Do Not Prioritise
15183,Inactive Customers,High Risk,547,3,640,98.80%, Do Not Prioritise
12734,Inactive Customers,High Risk,352,3,640,98.80%, Do Not Prioritise
12699,Inactive Customers,High Risk,417,1,638,97.40%, Do Not Prioritise
15829,Inactive Customers,High Risk,98,2,636,97.70%, Do Not Prioritise
16534,Inactive Customers,High Risk,641,1,636,97.40%, Do Not Prioritise
14365,Inactive Customers,High Risk,394,2,635,99.00%, Do Not Prioritise
15666,Inactive Customers,High Risk,471,2,633,99.00%, Do Not Prioritise
13540,Inactive Customers,High Risk,466,3,632,98.80%, Do Not Prioritise
14237,Inactive Customers,High Risk,372,2,632,99.00%, Do Not Prioritise
18183,Inactive Customers,High Risk,226,2,632,99.00%, Do Not Prioritise
13444,Inactive Customers,High Risk,373,2,632,99.00%, Do Not Prioritise
13706,Inactive Customers,High Risk,302,2,631,99.00%, Do Not Prioritise
16193,Inactive Customers,High Risk,236,2,630,99.00%, Do Not Prioritise
16022,Inactive Customers,High Risk,259,1,628,97.40%, Do Not Prioritise
13480,Inactive Customers,High Risk,416,2,628,98.90%, Do Not Prioritise
14036,Inactive Customers,High Risk,284,1,627,97.40%, Do Not Prioritise
14169,Inactive Customers,High Risk,430,2,624,98.90%, Do Not Prioritise
13776,Inactive Customers,High Risk,427,2,624,98.90%, Do Not Prioritise
15147,Inactive Customers,High Risk,239,1,624,97.40%, Do Not Prioritise
15258,Inactive Customers,High Risk,168,2,623,97.90%, Do Not Prioritise
12575,Inactive Customers,High Risk,456,2,623,98.90%, Do Not Prioritise
14115,Inactive Customers,High Risk,501,2,623,98.90%, Do Not Prioritise
13836,Inactive Customers,High Risk,398,2,620,98.90%, Do Not Prioritise
14339,Inactive Customers,High Risk,242,2,620,98.90%, Do Not Prioritise
13020,Inactive Customers,High Risk,562,2,619,98.90%, Do Not Prioritise
14079,Inactive Customers,High Risk,124,2,619,97.70%, Do Not Prioritise
13493,Inactive Customers,High Risk,274,2,619,98.90%, Do Not Prioritise
15956,Inactive Customers,High Risk,550,2,618,98.90%, Do Not Prioritise
14377,Inactive Customers,High Risk,190,2,617,98.50%, Do Not Prioritise
13369,Inactive Customers,High Risk,365,1,617,97.40%, Do Not Prioritise
16844,Inactive Customers,High Risk,562,2,614,98.90%, Do Not Prioritise
14570,Inactive Customers,High Risk,280,3,614,98.70%, Do Not Prioritise
15362,Inactive Customers,High Risk,448,2,613,98.90%, Do Not Prioritise
16116,Inactive Customers,High Risk,211,1,613,97.40%, Do Not Prioritise
16178,Inactive Customers,High Risk,137,2,613,97.70%, Do Not Prioritise
12513,Inactive Customers,High Risk,112,1,612,97.20%, Do Not Prioritise
13008,Inactive Customers,High Risk,322,3,612,98.70%, Do Not Prioritise
15232,Inactive Customers,High Risk,112,2,612,97.70%, Do Not Prioritise
16922,Inactive Customers,High Risk,572,1,611,97.40%, Do Not Prioritise
13731,Inactive Customers,High Risk,218,2,611,98.50%, Do Not Prioritise
16675,Inactive Customers,High Risk,441,2,609,98.90%, Do Not Prioritise
13933,Inactive Customers,High Risk,108,2,609,97.70%, Do Not Prioritise
17473,Inactive Customers,High Risk,408,2,607,98.90%, Do Not Prioritise
16590,Inactive Customers,High Risk,400,2,606,98.90%, Do Not Prioritise
17507,Inactive Customers,High Risk,261,2,606,98.90%, Do Not Prioritise
14323,Inactive Customers,High Risk,114,2,605,97.60%, Do Not Prioritise
17270,Inactive Customers,High Risk,468,2,604,98.90%, Do Not Prioritise
14611,Inactive Customers,High Risk,443,2,604,98.90%, Do Not Prioritise
14417,Inactive Customers,High Risk,387,1,604,97.30%, Do Not Prioritise
13106,Inactive Customers,High Risk,132,2,603,97.60%, Do Not Prioritise
12707,Inactive Customers,High Risk,291,1,603,97.30%, Do Not Prioritise
18264,Inactive Customers,High Risk,498,1,603,97.30%, Do Not Prioritise
17890,Inactive Customers,High Risk,322,2,602,98.90%, Do Not Prioritise
14670,Inactive Customers,High Risk,279,3,602,98.70%, Do Not Prioritise
14254,Inactive Customers,High Risk,432,1,601,97.30%, Do Not Prioritise
17745,Inactive Customers,High Risk,477,2,600,98.90%, Do Not Prioritise
17678,Inactive Customers,High Risk,263,2,600,98.90%, Do Not Prioritise
12521,Inactive Customers,High Risk,142,1,600,97.10%, Do Not Prioritise
15424,Inactive Customers,High Risk,253,3,598,98.70%, Do Not Prioritise
14170,Inactive Customers,High Risk,374,3,597,98.70%, Do Not Prioritise
15631,Inactive Customers,High Risk,641,1,597,97.30%, Do Not Prioritise
15346,Inactive Customers,High Risk,332,3,596,98.70%, Do Not Prioritise
14771,Inactive Customers,High Risk,620,2,595,98.90%, Do Not Prioritise
15442,Inactive Customers,High Risk,248,1,594,97.30%, Do Not Prioritise
15929,Inactive Customers,High Risk,643,1,594,97.30%, Do Not Prioritise
13472,Inactive Customers,High Risk,463,2,592,98.90%, Do Not Prioritise
17815,Inactive Customers,High Risk,392,1,592,97.30%, Do Not Prioritise
17156,Inactive Customers,High Risk,491,1,592,97.30%, Do Not Prioritise
12790,Inactive Customers,High Risk,191,2,592,98.50%, Do Not Prioritise
15191,Inactive Customers,High Risk,462,3,588,98.70%, Do Not Prioritise
17773,Inactive Customers,High Risk,513,2,585,98.90%, Do Not Prioritise
12800,Inactive Customers,High Risk,469,3,584,98.70%, Do Not Prioritise
16001,Inactive Customers,High Risk,380,1,583,97.30%, Do Not Prioritise
16100,Inactive Customers,High Risk,462,1,583,97.30%, Do Not Prioritise
16802,Inactive Customers,High Risk,678,2,583,99.00%, Do Not Prioritise
17970,Inactive Customers,High Risk,210,1,583,97.30%, Do Not Prioritise
17099,Inactive Customers,High Risk,532,1,582,97.30%, Do Not Prioritise
14742,Inactive Customers,High Risk,434,1,580,97.30%, Do Not Prioritise
15588,Inactive Customers,High Risk,677,1,580,97.50%, Do Not Prioritise
12859,Inactive Customers,High Risk,458,1,575,97.30%, Do Not Prioritise
13262,Inactive Customers,High Risk,262,3,573,98.70%, Do Not Prioritise
15415,Inactive Customers,High Risk,312,1,573,97.30%, Do Not Prioritise
13424,Inactive Customers,High Risk,449,1,573,97.30%, Do Not Prioritise
13179,Inactive Customers,High Risk,618,1,572,97.30%, Do Not Prioritise
13190,Inactive Customers,High Risk,543,3,571,98.70%, Do Not Prioritise
15169,Inactive Customers,High Risk,381,2,569,98.90%, Do Not Prioritise
13406,Inactive Customers,High Risk,426,2,569,98.90%, Do Not Prioritise
18244,Inactive Customers,High Risk,430,2,569,98.90%, Do Not Prioritise
14986,Inactive Customers,High Risk,375,2,567,98.90%, Do Not Prioritise
15627,Inactive Customers,High Risk,456,2,567,98.90%, Do Not Prioritise
13998,Inactive Customers,High Risk,446,3,567,98.70%, Do Not Prioritise
15143,Inactive Customers,High Risk,225,2,564,98.90%, Do Not Prioritise
17665,Inactive Customers,High Risk,492,1,563,97.30%, Do Not Prioritise
17195,Inactive Customers,High Risk,654,1,563,97.30%, Do Not Prioritise
17265,Inactive Customers,High Risk,138,2,563,97.60%, Do Not Prioritise
16111,Inactive Customers,High Risk,427,1,562,97.30%, Do Not Prioritise
12559,Inactive Customers,High Risk,310,2,562,98.90%, Do Not Prioritise
15655,Inactive Customers,High Risk,242,1,561,97.30%, Do Not Prioritise
17413,Inactive Customers,High Risk,404,2,560,98.90%, Do Not Prioritise
15055,Inactive Customers,High Risk,474,3,560,98.70%, Do Not Prioritise
18049,Inactive Customers,High Risk,436,2,557,98.80%, Do Not Prioritise
13677,Inactive Customers,High Risk,404,2,556,98.80%, Do Not Prioritise
13024,Inactive Customers,High Risk,470,2,556,98.80%, Do Not Prioritise
15102,Inactive Customers,High Risk,530,2,555,98.80%, Do Not Prioritise
18056,Inactive Customers,High Risk,287,2,555,98.80%, Do Not Prioritise
16641,Inactive Customers,High Risk,105,2,554,97.50%, Do Not Prioritise
15650,Inactive Customers,High Risk,521,2,554,98.80%, Do Not Prioritise
17407,Inactive Customers,High Risk,411,1,553,97.20%, Do Not Prioritise
17016,Inactive Customers,High Risk,576,1,552,97.20%, Do Not Prioritise
12363,Inactive Customers,High Risk,109,2,552,97.50%, Do Not Prioritise
18098,Inactive Customers,High Risk,395,1,551,97.20%, Do Not Prioritise
17291,Inactive Customers,High Risk,307,1,551,97.20%, Do Not Prioritise
15200,Inactive Customers,High Risk,494,1,549,97.20%, Do Not Prioritise
16536,Inactive Customers,High Risk,109,1,549,97.00%, Do Not Prioritise
15842,Inactive Customers,High Risk,392,2,549,98.80%, Do Not Prioritise
18212,Inactive Customers,High Risk,325,2,547,98.80%, Do Not Prioritise
12743,Inactive Customers,High Risk,133,2,546,97.50%, Do Not Prioritise
15080,Inactive Customers,High Risk,427,2,546,98.80%, Do Not Prioritise
17248,Inactive Customers,High Risk,119,2,546,97.50%, Do Not Prioritise
13955,Inactive Customers,High Risk,153,3,545,96.60%, Do Not Prioritise
15728,Inactive Customers,High Risk,379,2,545,98.80%, Do Not Prioritise
18207,Inactive Customers,High Risk,498,1,544,97.20%, Do Not Prioritise
17514,Inactive Customers,High Risk,127,2,543,97.50%, Do Not Prioritise
16230,Inactive Customers,High Risk,189,2,542,98.40%, Do Not Prioritise
17643,Inactive Customers,High Risk,372,2,541,98.80%, Do Not Prioritise
16576,Inactive Customers,High Risk,419,2,541,98.80%, Do Not Prioritise
12819,Inactive Customers,High Risk,457,1,541,97.20%, Do Not Prioritise
12958,Inactive Customers,High Risk,399,2,539,98.80%, Do Not Prioritise
13961,Inactive Customers,High Risk,391,1,538,97.20%, Do Not Prioritise
17269,Inactive Customers,High Risk,385,1,537,97.20%, Do Not Prioritise
18140,Inactive Customers,High Risk,473,1,536,97.20%, Do Not Prioritise
16142,Inactive Customers,High Risk,249,1,535,97.20%, Do Not Prioritise
12988,Inactive Customers,High Risk,291,1,535,97.20%, Do Not Prioritise
12810,Inactive Customers,High Risk,534,2,535,98.80%, Do Not Prioritise
13807,Inactive Customers,High Risk,366,3,535,98.40%, Do Not Prioritise
13385,Inactive Customers,High Risk,329,1,535,97.20%, Do Not Prioritise
17443,Inactive Customers,High Risk,219,1,534,72.00%, Do Not Prioritise
16785,Inactive Customers,High Risk,409,1,534,97.20%, Do Not Prioritise
15433,Inactive Customers,High Risk,213,2,533,98.40%, Do Not Prioritise
15825,Inactive Customers,High Risk,171,1,533,97.10%, Do Not Prioritise
16021,Inactive Customers,High Risk,394,2,532,98.80%, Do Not Prioritise
14940,Inactive Customers,High Risk,417,2,531,98.80%, Do Not Prioritise
16583,Inactive Customers,High Risk,373,2,531,98.80%, Do Not Prioritise
18159,Inactive Customers,High Risk,300,1,530,97.20%, Do Not Prioritise
14002,Inactive Customers,High Risk,133,2,530,97.50%, Do Not Prioritise
18191,Inactive Customers,High Risk,261,2,529,98.80%, Do Not Prioritise
18011,Inactive Customers,High Risk,372,2,527,98.80%, Do Not Prioritise
15683,Inactive Customers,High Risk,116,2,525,97.50%, Do Not Prioritise
15891,Inactive Customers,High Risk,226,1,525,97.20%, Do Not Prioritise
13605,Inactive Customers,High Risk,386,2,523,98.80%, Do Not Prioritise
15689,Inactive Customers,High Risk,119,3,521,96.60%, Do Not Prioritise
14647,Inactive Customers,High Risk,200,2,520,98.40%, Do Not Prioritise
13977,Inactive Customers,High Risk,410,1,520,97.20%, Do Not Prioritise
12777,Inactive Customers,High Risk,457,1,519,97.20%, Do Not Prioritise
14807,Inactive Customers,High Risk,390,2,519,98.80%, Do Not Prioritise
12825,Inactive Customers,High Risk,520,2,519,98.80%, Do Not Prioritise
13600,Inactive Customers,High Risk,311,2,518,98.80%, Do Not Prioritise
13553,Inactive Customers,High Risk,674,1,518,97.40%, Do Not Prioritise
12979,Inactive Customers,High Risk,728,1,518,97.60%, Do Not Prioritise
14311,Inactive Customers,High Risk,242,2,516,98.80%, Do Not Prioritise
13043,Inactive Customers,High Risk,272,1,516,97.20%, Do Not Prioritise
14429,Inactive Customers,High Risk,403,1,516,97.20%, Do Not Prioritise
13859,Inactive Customers,High Risk,325,2,516,98.80%, Do Not Prioritise
18243,Inactive Customers,High Risk,413,1,516,97.20%, Do Not Prioritise
14722,Inactive Customers,High Risk,146,3,513,96.60%, Do Not Prioritise
16829,Inactive Customers,High Risk,156,2,513,97.50%, Do Not Prioritise
16402,Inactive Customers,High Risk,264,2,511,98.80%, Do Not Prioritise
14552,Inactive Customers,High Risk,151,3,511,96.60%, Do Not Prioritise
13367,Inactive Customers,High Risk,431,1,510,97.20%, Do Not Prioritise
14008,Inactive Customers,High Risk,431,1,509,97.20%, Do Not Prioritise
12436,Inactive Customers,High Risk,99,1,509,97.00%, Do Not Prioritise
12907,Inactive Customers,High Risk,395,2,509,98.80%, Do Not Prioritise
17391,Inactive Customers,High Risk,163,2,509,97.70%, Do Not Prioritise
17276,Inactive Customers,High Risk,401,1,508,97.20%, Do Not Prioritise
17335,Inactive Customers,High Risk,383,2,508,98.80%, Do Not Prioritise
13885,Inactive Customers,High Risk,188,2,507,98.40%, Do Not Prioritise
13123,Inactive Customers,High Risk,472,2,507,98.80%, Do Not Prioritise
17630,Inactive Customers,High Risk,169,2,504,97.70%, Do Not Prioritise
12376,Inactive Customers,High Risk,389,2,503,98.80%, Do Not Prioritise
12419,Inactive Customers,High Risk,385,2,503,98.80%, Do Not Prioritise
15138,Inactive Customers,High Risk,393,1,503,97.20%, Do Not Prioritise
13116,Inactive Customers,High Risk,137,1,501,97.00%, Do Not Prioritise
12366,Inactive Customers,High Risk,633,1,500,97.20%, Do Not Prioritise
14171,Inactive Customers,High Risk,97,2,499,97.50%, Do Not Prioritise
17053,Inactive Customers,High Risk,130,1,498,97.00%, Do Not Prioritise
12943,Inactive Customers,High Risk,557,2,496,98.80%, Do Not Prioritise
16799,Inactive Customers,High Risk,431,2,496,98.80%, Do Not Prioritise
14319,Inactive Customers,High Risk,423,1,495,97.20%, Do Not Prioritise
17823,Inactive Customers,High Risk,420,2,494,98.80%, Do Not Prioritise
14270,Inactive Customers,High Risk,331,1,493,97.20%, Do Not Prioritise
15507,Inactive Customers,High Risk,171,1,492,97.10%, Do Not Prioritise
14310,Inactive Customers,High Risk,432,1,492,97.20%, Do Not Prioritise
17106,Inactive Customers,High Risk,388,1,491,97.20%, Do Not Prioritise
14663,Inactive Customers,High Risk,429,2,491,98.80%, Do Not Prioritise
12983,Inactive Customers,High Risk,597,1,490,97.20%, Do Not Prioritise
12634,Inactive Customers,High Risk,535,2,490,98.80%, Do Not Prioritise
17476,Inactive Customers,High Risk,395,2,490,98.80%, Do Not Prioritise
17715,Inactive Customers,High Risk,200,2,490,98.40%, Do Not Prioritise
17925,Inactive Customers,High Risk,372,1,488,97.40%, Do Not Prioritise
18280,Inactive Customers,High Risk,277,2,488,98.90%, Do Not Prioritise
13412,Inactive Customers,High Risk,619,1,487,97.40%, Do Not Prioritise
13733,Inactive Customers,High Risk,410,2,487,98.90%, Do Not Prioritise
13675,Inactive Customers,High Risk,150,2,487,97.70%, Do Not Prioritise
12443,Inactive Customers,High Risk,731,1,485,97.80%, Do Not Prioritise
12542,Inactive Customers,High Risk,483,2,482,98.90%, Do Not Prioritise
15174,Inactive Customers,High Risk,322,2,481,98.90%, Do Not Prioritise
13161,Inactive Customers,High Risk,312,2,479,98.90%, Do Not Prioritise
15589,Inactive Customers,High Risk,255,3,479,98.50%, Do Not Prioritise
12447,Inactive Customers,High Risk,242,1,476,97.40%, Do Not Prioritise
18176,Inactive Customers,High Risk,357,1,476,97.40%, Do Not Prioritise
16552,Inactive Customers,High Risk,242,2,475,98.90%, Do Not Prioritise
14599,Inactive Customers,High Risk,389,2,475,98.90%, Do Not Prioritise
17104,Inactive Customers,High Risk,423,1,474,97.40%, Do Not Prioritise
15349,Inactive Customers,High Risk,157,2,474,97.90%, Do Not Prioritise
16635,Inactive Customers,High Risk,406,1,473,97.40%, Do Not Prioritise
13194,Inactive Customers,High Risk,135,2,473,97.70%, Do Not Prioritise
18083,Inactive Customers,High Risk,397,1,471,97.40%, Do Not Prioritise
14058,Inactive Customers,High Risk,462,2,469,98.90%, Do Not Prioritise
14369,Inactive Customers,High Risk,641,2,469,98.90%, Do Not Prioritise
15387,Inactive Customers,High Risk,491,1,469,97.40%, Do Not Prioritise
12554,Inactive Customers,High Risk,448,1,468,97.40%, Do Not Prioritise
14491,Inactive Customers,High Risk,174,2,468,97.90%, Do Not Prioritise
14727,Inactive Customers,High Risk,273,3,468,98.50%, Do Not Prioritise
17294,Inactive Customers,High Risk,668,2,468,99.00%, Do Not Prioritise
17187,Inactive Customers,High Risk,226,2,468,98.90%, Do Not Prioritise
14148,Inactive Customers,High Risk,233,2,466,98.90%, Do Not Prioritise
13248,Inactive Customers,High Risk,124,2,466,97.70%, Do Not Prioritise
13698,Inactive Customers,High Risk,596,2,466,98.90%, Do Not Prioritise
17140,Inactive Customers,High Risk,246,1,465,97.40%, Do Not Prioritise
17040,Inactive Customers,High Risk,137,2,463,97.70%, Do Not Prioritise
14627,Inactive Customers,High Risk,378,1,463,97.40%, Do Not Prioritise
14331,Inactive Customers,High Risk,123,2,463,97.70%, Do Not Prioritise
18031,Inactive Customers,High Risk,378,1,462,97.40%, Do Not Prioritise
13624,Inactive Customers,High Risk,387,1,462,97.40%, Do Not Prioritise
18284,Inactive Customers,High Risk,431,1,462,97.40%, Do Not Prioritise
14575,Inactive Customers,High Risk,487,1,461,97.40%, Do Not Prioritise
16310,Inactive Customers,High Risk,413,2,460,98.90%, Do Not Prioritise
14118,Inactive Customers,High Risk,428,1,458,97.40%, Do Not Prioritise
13957,Inactive Customers,High Risk,417,3,458,98.50%, Do Not Prioritise
14011,Inactive Customers,High Risk,479,2,458,98.90%, Do Not Prioritise
16069,Inactive Customers,High Risk,417,1,458,97.40%, Do Not Prioritise
12564,Inactive Customers,High Risk,260,1,457,97.40%, Do Not Prioritise
14296,Inactive Customers,High Risk,420,2,456,98.90%, Do Not Prioritise
16039,Inactive Customers,High Risk,423,2,456,98.90%, Do Not Prioritise
12999,Inactive Customers,High Risk,195,3,456,98.00%, Do Not Prioritise
15585,Inactive Customers,High Risk,176,1,455,97.40%, Do Not Prioritise
16765,Inactive Customers,High Risk,293,2,455,98.90%, Do Not Prioritise
12459,Inactive Customers,High Risk,604,1,454,97.40%, Do Not Prioritise
16481,Inactive Customers,High Risk,681,1,453,96.30%, Do Not Prioritise
12729,Inactive Customers,High Risk,113,1,453,97.70%, Do Not Prioritise
15418,Inactive Customers,High Risk,424,2,452,99.10%, Do Not Prioritise
18100,Inactive Customers,High Risk,549,1,452,97.80%, Do Not Prioritise
15961,Inactive Customers,High Risk,378,1,451,97.20%, Do Not Prioritise
12831,Inactive Customers,High Risk,261,3,451,98.10%, Do Not Prioritise
16870,Inactive Customers,High Risk,468,1,450,97.20%, Do Not Prioritise
13150,Inactive Customers,High Risk,483,3,450,98.10%, Do Not Prioritise
15126,Inactive Customers,High Risk,536,2,449,98.50%, Do Not Prioritise
18201,Inactive Customers,High Risk,722,1,448,97.00%, Do Not Prioritise
13754,Inactive Customers,High Risk,151,3,447,94.50%, Do Not Prioritise
16095,Inactive Customers,High Risk,455,1,447,96.50%, Do Not Prioritise
14149,Inactive Customers,High Risk,220,1,447,96.50%, Do Not Prioritise
17070,Inactive Customers,High Risk,113,2,445,96.80%, Do Not Prioritise
14010,Inactive Customers,High Risk,564,2,445,98.50%, Do Not Prioritise
14328,Inactive Customers,High Risk,437,1,445,96.50%, Do Not Prioritise
18134,Inactive Customers,High Risk,597,2,445,98.50%, Do Not Prioritise
16424,Inactive Customers,High Risk,190,2,443,98.00%, Do Not Prioritise
14996,Inactive Customers,High Risk,480,2,442,98.50%, Do Not Prioritise
17699,Inactive Customers,High Risk,476,2,442,98.50%, Do Not Prioritise
13738,Inactive Customers,High Risk,395,1,441,96.50%, Do Not Prioritise
18233,Inactive Customers,High Risk,325,1,440,96.50%, Do Not Prioritise
14979,Inactive Customers,High Risk,734,1,439,97.00%, Do Not Prioritise
13086,Inactive Customers,High Risk,382,1,439,96.50%, Do Not Prioritise
17718,Inactive Customers,High Risk,231,2,439,98.50%, Do Not Prioritise
13432,Inactive Customers,High Risk,570,2,439,98.50%, Do Not Prioritise
13358,Inactive Customers,High Risk,268,1,439,96.50%, Do Not Prioritise
13964,Inactive Customers,High Risk,386,2,439,98.50%, Do Not Prioritise
17729,Inactive Customers,High Risk,595,1,439,96.50%, Do Not Prioritise
15859,Inactive Customers,High Risk,431,1,438,96.50%, Do Not Prioritise
14846,Inactive Customers,High Risk,426,1,437,96.50%, Do Not Prioritise
12672,Inactive Customers,High Risk,329,2,437,98.50%, Do Not Prioritise
14877,Inactive Customers,High Risk,417,2,437,98.50%, Do Not Prioritise
17178,Inactive Customers,High Risk,730,1,437,97.00%, Do Not Prioritise
14123,Inactive Customers,High Risk,732,1,436,97.00%, Do Not Prioritise
16084,Inactive Customers,High Risk,298,1,436,96.50%, Do Not Prioritise
16166,Inactive Customers,High Risk,427,2,436,98.50%, Do Not Prioritise
15323,Inactive Customers,High Risk,562,3,435,97.40%, Do Not Prioritise
14238,Inactive Customers,High Risk,325,3,434,97.40%, Do Not Prioritise
18029,Inactive Customers,High Risk,641,1,434,96.50%, Do Not Prioritise
12493,Inactive Customers,High Risk,165,2,434,97.00%, Do Not Prioritise
15613,Inactive Customers,High Risk,609,1,434,96.50%, Do Not Prioritise
16522,Inactive Customers,High Risk,435,2,433,98.50%, Do Not Prioritise
17687,Inactive Customers,High Risk,420,1,433,96.50%, Do Not Prioritise
16604,Inactive Customers,High Risk,562,2,432,98.50%, Do Not Prioritise
14042,Inactive Customers,High Risk,724,1,432,85.00%, Do Not Prioritise
17842,Inactive Customers,High Risk,601,1,431,97.70%, Do Not Prioritise
15461,Inactive Customers,High Risk,460,2,430,98.70%, Do Not Prioritise
15230,Inactive Customers,High Risk,238,2,430,98.70%, Do Not Prioritise
15915,Inactive Customers,High Risk,401,1,429,96.90%, Do Not Prioritise
18089,Inactive Customers,High Risk,446,1,428,96.90%, Do Not Prioritise
17285,Inactive Customers,High Risk,627,2,428,98.70%, Do Not Prioritise
18285,Inactive Customers,High Risk,660,1,427,96.90%, Do Not Prioritise
18152,Inactive Customers,High Risk,645,1,427,96.90%, Do Not Prioritise
14288,Inactive Customers,High Risk,212,1,427,96.90%, Do Not Prioritise
15966,Inactive Customers,High Risk,450,1,427,96.90%, Do Not Prioritise
15217,Inactive Customers,High Risk,562,1,426,96.90%, Do Not Prioritise
13703,Inactive Customers,High Risk,317,2,426,98.70%, Do Not Prioritise
17103,Inactive Customers,High Risk,721,1,424,97.40%, Do Not Prioritise
16541,Inactive Customers,High Risk,734,1,424,97.40%, Do Not Prioritise
14097,Inactive Customers,High Risk,480,2,423,98.70%, Do Not Prioritise
13374,Inactive Customers,High Risk,414,2,423,98.70%, Do Not Prioritise
16137,Inactive Customers,High Risk,679,1,423,97.50%, Do Not Prioritise
17601,Inactive Customers,High Risk,238,2,421,98.70%, Do Not Prioritise
13574,Inactive Customers,High Risk,410,1,421,96.90%, Do Not Prioritise
15894,Inactive Customers,High Risk,252,2,420,98.70%, Do Not Prioritise
15711,Inactive Customers,High Risk,556,2,420,98.70%, Do Not Prioritise
18128,Inactive Customers,High Risk,536,1,420,96.90%, Do Not Prioritise
13672,Inactive Customers,High Risk,300,3,420,97.70%, Do Not Prioritise
13442,Inactive Customers,High Risk,666,3,420,97.90%, Do Not Prioritise
13096,Inactive Customers,High Risk,393,1,420,96.90%, Do Not Prioritise
15262,Inactive Customers,High Risk,323,3,419,97.70%, Do Not Prioritise
12593,Inactive Customers,High Risk,108,3,418,95.10%, Do Not Prioritise
13073,Inactive Customers,High Risk,410,2,418,98.70%, Do Not Prioritise
15968,Inactive Customers,High Risk,387,1,418,96.90%, Do Not Prioritise
17701,Inactive Customers,High Risk,252,1,418,96.90%, Do Not Prioritise
17855,Inactive Customers,High Risk,372,1,418,96.90%, Do Not Prioritise
14762,Inactive Customers,High Risk,263,2,418,98.70%, Do Not Prioritise
12833,Inactive Customers,High Risk,144,1,417,96.70%, Do Not Prioritise
17258,Inactive Customers,High Risk,396,2,417,98.70%, Do Not Prioritise
15935,Inactive Customers,High Risk,238,2,417,98.70%, Do Not Prioritise
16957,Inactive Customers,High Risk,238,2,417,98.70%, Do Not Prioritise
15011,Inactive Customers,High Risk,395,2,417,98.70%, Do Not Prioritise
16355,Inactive Customers,High Risk,374,1,416,96.90%, Do Not Prioritise
12608,Inactive Customers,High Risk,404,1,416,96.90%, Do Not Prioritise
16752,Inactive Customers,High Risk,372,1,415,96.90%, Do Not Prioritise
13002,Inactive Customers,High Risk,317,3,414,97.70%, Do Not Prioritise
14082,Inactive Customers,High Risk,364,2,413,98.70%, Do Not Prioritise
17662,Inactive Customers,High Risk,661,2,413,98.70%, Do Not Prioritise
14620,Inactive Customers,High Risk,205,2,413,98.20%, Do Not Prioritise
18050,Inactive Customers,High Risk,358,2,412,98.70%, Do Not Prioritise
16272,Inactive Customers,High Risk,116,1,412,96.70%, Do Not Prioritise
16815,Inactive Customers,High Risk,453,2,411,98.70%, Do Not Prioritise
17598,Inactive Customers,High Risk,380,1,410,96.90%, Do Not Prioritise
14348,Inactive Customers,High Risk,259,1,410,96.90%, Do Not Prioritise
15225,Inactive Customers,High Risk,233,1,409,96.90%, Do Not Prioritise
16864,Inactive Customers,High Risk,433,2,409,98.70%, Do Not Prioritise
13686,Inactive Customers,High Risk,182,3,409,96.90%, Do Not Prioritise
12974,Inactive Customers,High Risk,197,2,409,98.20%, Do Not Prioritise
15446,Inactive Customers,High Risk,376,3,407,97.70%, Do Not Prioritise
12353,Inactive Customers,High Risk,203,2,407,98.20%, Do Not Prioritise
16632,Inactive Customers,High Risk,485,2,406,98.70%, Do Not Prioritise
17000,Inactive Customers,High Risk,395,2,406,98.70%, Do Not Prioritise
15280,Inactive Customers,High Risk,171,3,406,95.50%, Do Not Prioritise
15342,Inactive Customers,High Risk,129,1,406,96.70%, Do Not Prioritise
12741,Inactive Customers,High Risk,528,2,406,98.70%, Do Not Prioritise
18111,Inactive Customers,High Risk,588,1,406,96.90%, Do Not Prioritise
12922,Inactive Customers,High Risk,160,1,405,96.80%, Do Not Prioritise
13143,Inactive Customers,High Risk,584,1,405,96.90%, Do Not Prioritise
13640,Inactive Customers,High Risk,610,1,405,96.90%, Do Not Prioritise
15941,Inactive Customers,High Risk,636,1,405,96.90%, Do Not Prioritise
16319,Inactive Customers,High Risk,217,1,404,96.90%, Do Not Prioritise
16484,Inactive Customers,High Risk,173,2,404,97.30%, Do Not Prioritise
14678,Inactive Customers,High Risk,578,1,403,96.90%, Do Not Prioritise
17431,Inactive Customers,High Risk,312,1,403,96.90%, Do Not Prioritise
13530,Inactive Customers,High Risk,633,1,403,96.90%, Do Not Prioritise
14172,Inactive Customers,High Risk,604,3,403,97.70%, Do Not Prioritise
16315,Inactive Customers,High Risk,330,2,403,98.70%, Do Not Prioritise
15037,Inactive Customers,High Risk,375,2,403,98.70%, Do Not Prioritise
15501,Inactive Customers,High Risk,404,2,402,98.70%, Do Not Prioritise
17094,Inactive Customers,High Risk,321,2,402,98.70%, Do Not Prioritise
16893,Inactive Customers,High Risk,366,2,402,98.70%, Do Not Prioritise
14736,Inactive Customers,High Risk,484,2,401,98.70%, Do Not Prioritise
14471,Inactive Customers,High Risk,590,2,401,98.70%, Do Not Prioritise
17168,Inactive Customers,High Risk,498,1,400,96.90%, Do Not Prioritise
14358,Inactive Customers,High Risk,388,2,400,98.70%, Do Not Prioritise
13252,Inactive Customers,High Risk,393,2,399,98.70%, Do Not Prioritise
17789,Inactive Customers,High Risk,280,2,397,98.70%, Do Not Prioritise
17486,Inactive Customers,High Risk,260,1,397,96.90%, Do Not Prioritise
13597,Inactive Customers,High Risk,399,2,397,98.70%, Do Not Prioritise
13879,Inactive Customers,High Risk,645,1,396,96.90%, Do Not Prioritise
17617,Inactive Customers,High Risk,558,1,395,96.90%, Do Not Prioritise
12677,Inactive Customers,High Risk,554,2,395,98.70%, Do Not Prioritise
15386,Inactive Customers,High Risk,185,1,394,96.90%, Do Not Prioritise
12499,Inactive Customers,High Risk,559,1,394,96.90%, Do Not Prioritise
17300,Inactive Customers,High Risk,390,2,394,98.70%, Do Not Prioritise
15437,Inactive Customers,High Risk,261,2,393,98.70%, Do Not Prioritise
13584,Inactive Customers,High Risk,306,3,392,97.70%, Do Not Prioritise
17563,Inactive Customers,High Risk,577,2,392,98.70%, Do Not Prioritise
16783,Inactive Customers,High Risk,436,1,392,96.90%, Do Not Prioritise
13966,Inactive Customers,High Risk,434,1,391,96.90%, Do Not Prioritise
14072,Inactive Customers,High Risk,666,1,391,97.20%, Do Not Prioritise
14706,Inactive Customers,High Risk,618,1,391,96.90%, Do Not Prioritise
14197,Inactive Customers,High Risk,410,1,390,96.90%, Do Not Prioritise
17116,Inactive Customers,High Risk,647,1,390,96.90%, Do Not Prioritise
18024,Inactive Customers,High Risk,152,2,390,97.10%, Do Not Prioritise
13345,Inactive Customers,High Risk,287,1,390,96.90%, Do Not Prioritise
17479,Inactive Customers,High Risk,632,1,389,96.90%, Do Not Prioritise
12690,Inactive Customers,High Risk,205,1,389,96.90%, Do Not Prioritise
18227,Inactive Customers,High Risk,217,2,389,98.20%, Do Not Prioritise
13896,Inactive Customers,High Risk,625,1,389,96.90%, Do Not Prioritise
16148,Inactive Customers,High Risk,295,2,387,98.70%, Do Not Prioritise
14779,Inactive Customers,High Risk,280,3,386,97.70%, Do Not Prioritise
16492,Inactive Customers,High Risk,540,1,386,96.90%, Do Not Prioritise
12973,Inactive Customers,High Risk,413,1,386,96.90%, Do Not Prioritise
12829,Inactive Customers,High Risk,336,3,385,97.70%, Do Not Prioritise
14826,Inactive Customers,High Risk,581,2,385,98.70%, Do Not Prioritise
17171,Inactive Customers,High Risk,288,2,385,98.70%, Do Not Prioritise
17012,Inactive Customers,High Risk,724,1,384,97.40%, Do Not Prioritise
15155,Inactive Customers,High Risk,382,1,384,96.90%, Do Not Prioritise
12515,Inactive Customers,High Risk,352,1,384,96.90%, Do Not Prioritise
12547,Inactive Customers,High Risk,197,3,384,96.90%, Do Not Prioritise
14767,Inactive Customers,High Risk,473,1,383,96.90%, Do Not Prioritise
17568,Inactive Customers,High Risk,632,1,383,96.90%, Do Not Prioritise
13997,Inactive Customers,High Risk,518,3,382,97.70%, Do Not Prioritise
16304,Inactive Customers,High Risk,694,1,382,97.40%, Do Not Prioritise
15090,Inactive Customers,High Risk,307,1,381,96.90%, Do Not Prioritise
17393,Inactive Customers,High Risk,410,2,381,98.70%, Do Not Prioritise
17903,Inactive Customers,High Risk,393,1,381,96.90%, Do Not Prioritise
12796,Inactive Customers,High Risk,627,1,381,96.90%, Do Not Prioritise
16577,Inactive Customers,High Risk,666,1,380,97.20%, Do Not Prioritise
14200,Inactive Customers,High Risk,616,1,379,96.90%, Do Not Prioritise
18162,Inactive Customers,High Risk,731,1,379,97.40%, Do Not Prioritise
12941,Inactive Customers,High Risk,723,1,377,97.40%, Do Not Prioritise
17717,Inactive Customers,High Risk,420,1,377,96.90%, Do Not Prioritise
14353,Inactive Customers,High Risk,214,3,376,96.90%, Do Not Prioritise
14531,Inactive Customers,High Risk,479,1,376,96.90%, Do Not Prioritise
13688,Inactive Customers,High Risk,634,1,376,96.90%, Do Not Prioritise
14294,Inactive Customers,High Risk,406,1,375,96.90%, Do Not Prioritise
17810,Inactive Customers,High Risk,668,2,375,98.80%, Do Not Prioritise
13545,Inactive Customers,High Risk,390,2,375,98.70%, Do Not Prioritise
17437,Inactive Customers,High Risk,529,1,373,96.90%, Do Not Prioritise
15337,Inactive Customers,High Risk,410,1,373,96.90%, Do Not Prioritise
13197,Inactive Customers,High Risk,609,1,373,96.90%, Do Not Prioritise
14981,Inactive Customers,High Risk,245,2,373,98.70%, Do Not Prioritise
15989,Inactive Customers,High Risk,375,2,373,98.70%, Do Not Prioritise
13164,Inactive Customers,High Risk,568,2,372,98.70%, Do Not Prioritise
17245,Inactive Customers,High Risk,204,2,372,98.20%, Do Not Prioritise
15472,Inactive Customers,High Risk,112,1,372,96.70%, Do Not Prioritise
15063,Inactive Customers,High Risk,212,1,371,96.90%, Do Not Prioritise
15765,Inactive Customers,High Risk,666,1,371,97.20%, Do Not Prioritise
14168,Inactive Customers,High Risk,420,2,370,98.70%, Do Not Prioritise
17792,Inactive Customers,High Risk,466,2,370,98.70%, Do Not Prioritise
14888,Inactive Customers,High Risk,206,1,369,96.90%, Do Not Prioritise
15477,Inactive Customers,High Risk,649,1,368,96.90%, Do Not Prioritise
16448,Inactive Customers,High Risk,197,2,368,98.20%, Do Not Prioritise
14018,Inactive Customers,High Risk,644,1,367,96.90%, Do Not Prioritise
14244,Inactive Customers,High Risk,660,1,366,96.90%, Do Not Prioritise
12899,Inactive Customers,High Risk,413,1,366,96.90%, Do Not Prioritise
16974,Inactive Customers,High Risk,522,2,366,98.70%, Do Not Prioritise
15029,Inactive Customers,High Risk,619,1,365,96.90%, Do Not Prioritise
14886,Inactive Customers,High Risk,252,1,365,96.90%, Do Not Prioritise
16509,Inactive Customers,High Risk,296,1,364,96.90%, Do Not Prioritise
14253,Inactive Customers,High Risk,492,2,363,98.70%, Do Not Prioritise
16078,Inactive Customers,High Risk,283,2,363,98.70%, Do Not Prioritise
14840,Inactive Customers,High Risk,267,2,363,98.70%, Do Not Prioritise
14122,Inactive Customers,High Risk,405,3,362,97.70%, Do Not Prioritise
18119,Inactive Customers,High Risk,367,1,362,96.90%, Do Not Prioritise
16305,Inactive Customers,High Risk,138,1,361,96.70%, Do Not Prioritise
13274,Inactive Customers,High Risk,408,1,361,96.90%, Do Not Prioritise
18091,Inactive Customers,High Risk,592,1,361,96.90%, Do Not Prioritise
18208,Inactive Customers,High Risk,565,1,360,96.90%, Do Not Prioritise
15008,Inactive Customers,High Risk,479,2,360,98.70%, Do Not Prioritise
13181,Inactive Customers,High Risk,380,1,360,96.90%, Do Not Prioritise
17660,Inactive Customers,High Risk,140,2,359,96.50%, Do Not Prioritise
14926,Inactive Customers,High Risk,381,2,359,98.70%, Do Not Prioritise
14919,Inactive Customers,High Risk,538,1,359,96.90%, Do Not Prioritise
15120,Inactive Customers,High Risk,133,1,359,96.70%, Do Not Prioritise
18003,Inactive Customers,High Risk,375,1,359,96.90%, Do Not Prioritise
17948,Inactive Customers,High Risk,146,1,359,96.70%, Do Not Prioritise
17748,Inactive Customers,High Risk,526,1,358,96.90%, Do Not Prioritise
16606,Inactive Customers,High Risk,403,2,358,98.70%, Do Not Prioritise
15595,Inactive Customers,High Risk,487,1,358,96.90%, Do Not Prioritise
12495,Inactive Customers,High Risk,640,1,357,96.90%, Do Not Prioritise
17967,Inactive Customers,High Risk,371,2,357,98.70%, Do Not Prioritise
13234,Inactive Customers,High Risk,672,2,357,98.80%, Do Not Prioritise
12996,Inactive Customers,High Risk,375,1,356,96.90%, Do Not Prioritise
16920,Inactive Customers,High Risk,410,1,355,96.90%, Do Not Prioritise
14268,Inactive Customers,High Risk,470,1,355,96.90%, Do Not Prioritise
12888,Inactive Customers,High Risk,213,2,354,98.20%, Do Not Prioritise
12715,Inactive Customers,High Risk,105,1,354,96.70%, Do Not Prioritise
17252,Inactive Customers,High Risk,116,2,354,96.50%, Do Not Prioritise
16323,Inactive Customers,High Risk,195,2,354,98.20%, Do Not Prioritise
13343,Inactive Customers,High Risk,177,1,353,96.90%, Do Not Prioritise
16382,Inactive Customers,High Risk,407,2,353,98.70%, Do Not Prioritise
17196,Inactive Customers,High Risk,427,1,353,96.90%, Do Not Prioritise
13765,Inactive Customers,High Risk,652,1,353,96.90%, Do Not Prioritise
16857,Inactive Customers,High Risk,442,1,353,96.90%, Do Not Prioritise
15334,Inactive Customers,High Risk,156,3,352,94.10%, Do Not Prioritise
16192,Inactive Customers,High Risk,735,1,351,97.40%, Do Not Prioritise
16263,Inactive Customers,High Risk,422,1,351,96.90%, Do Not Prioritise
14252,Inactive Customers,High Risk,380,1,351,96.90%, Do Not Prioritise
13281,Inactive Customers,High Risk,438,1,351,96.90%, Do Not Prioritise
17795,Inactive Customers,High Risk,179,2,350,98.20%, Do Not Prioritise
16476,Inactive Customers,High Risk,431,1,350,96.90%, Do Not Prioritise
13887,Inactive Customers,High Risk,203,1,350,96.90%, Do Not Prioritise
13550,Inactive Customers,High Risk,382,1,350,96.90%, Do Not Prioritise
18090,Inactive Customers,High Risk,421,1,349,96.90%, Do Not Prioritise
18250,Inactive Customers,High Risk,309,1,349,96.90%, Do Not Prioritise
14545,Inactive Customers,High Risk,673,1,349,97.20%, Do Not Prioritise
17577,Inactive Customers,High Risk,644,2,349,98.70%, Do Not Prioritise
15282,Inactive Customers,High Risk,569,1,349,96.90%, Do Not Prioritise
12760,Inactive Customers,High Risk,455,1,348,96.90%, Do Not Prioritise
15085,Inactive Customers,High Risk,729,1,348,97.40%, Do Not Prioritise
16006,Inactive Customers,High Risk,210,2,347,98.20%, Do Not Prioritise
12441,Inactive Customers,High Risk,366,1,347,96.90%, Do Not Prioritise
13062,Inactive Customers,High Risk,190,1,347,96.90%, Do Not Prioritise
12411,Inactive Customers,High Risk,409,1,347,96.90%, Do Not Prioritise
14724,Inactive Customers,High Risk,589,1,345,96.90%, Do Not Prioritise
14633,Inactive Customers,High Risk,265,1,345,96.90%, Do Not Prioritise
18199,Inactive Customers,High Risk,683,1,345,97.40%, Do Not Prioritise
15519,Inactive Customers,High Risk,382,2,345,98.70%, Do Not Prioritise
17569,Inactive Customers,High Risk,331,1,344,96.90%, Do Not Prioritise
16990,Inactive Customers,High Risk,218,2,344,98.20%, Do Not Prioritise
15047,Inactive Customers,High Risk,269,1,344,96.90%, Do Not Prioritise
18047,Inactive Customers,High Risk,380,2,343,98.70%, Do Not Prioritise
14989,Inactive Customers,High Risk,661,1,342,96.90%, Do Not Prioritise
17833,Inactive Customers,High Risk,722,1,342,97.40%, Do Not Prioritise
16585,Inactive Customers,High Risk,593,2,342,98.70%, Do Not Prioritise
16044,Inactive Customers,High Risk,434,1,341,96.90%, Do Not Prioritise
15818,Inactive Customers,High Risk,587,1,340,96.90%, Do Not Prioritise
12900,Inactive Customers,High Risk,421,1,340,96.90%, Do Not Prioritise
12698,Inactive Customers,High Risk,589,1,340,96.90%, Do Not Prioritise
13737,Inactive Customers,High Risk,199,1,340,96.90%, Do Not Prioritise
14203,Inactive Customers,High Risk,396,1,339,96.90%, Do Not Prioritise
17697,Inactive Customers,High Risk,235,1,339,96.90%, Do Not Prioritise
14630,Inactive Customers,High Risk,483,1,339,96.90%, Do Not Prioritise
17776,Inactive Customers,High Risk,386,2,339,98.70%, Do Not Prioritise
17296,Inactive Customers,High Risk,729,1,338,97.40%, Do Not Prioritise
12869,Inactive Customers,High Risk,681,1,338,94.70%, Do Not Prioritise
15942,Inactive Customers,High Risk,133,1,337,96.70%, Do Not Prioritise
12780,Inactive Customers,High Risk,598,1,337,96.90%, Do Not Prioritise
18269,Inactive Customers,High Risk,365,1,337,96.90%, Do Not Prioritise
17488,Inactive Customers,High Risk,640,1,336,96.90%, Do Not Prioritise
13482,Inactive Customers,High Risk,231,2,336,98.70%, Do Not Prioritise
16273,Inactive Customers,High Risk,647,2,336,98.70%, Do Not Prioritise
14196,Inactive Customers,High Risk,106,1,336,96.70%, Do Not Prioritise
16063,Inactive Customers,High Risk,259,1,335,96.90%, Do Not Prioritise
14094,Inactive Customers,High Risk,439,1,335,96.90%, Do Not Prioritise
12489,Inactive Customers,High Risk,335,1,335,96.90%, Do Not Prioritise
17821,Inactive Customers,High Risk,405,1,335,96.90%, Do Not Prioritise
12350,Inactive Customers,High Risk,309,1,334,96.90%, Do Not Prioritise
17607,Inactive Customers,High Risk,375,1,334,96.90%, Do Not Prioritise
13216,Inactive Customers,High Risk,267,1,334,96.90%, Do Not Prioritise
14241,Inactive Customers,High Risk,183,2,334,98.20%, Do Not Prioritise
14957,Inactive Customers,High Risk,252,2,333,98.70%, Do Not Prioritise
14137,Inactive Customers,High Risk,695,1,333,97.40%, Do Not Prioritise
16850,Inactive Customers,High Risk,333,1,332,96.90%, Do Not Prioritise
16452,Inactive Customers,High Risk,630,2,332,98.70%, Do Not Prioritise
17435,Inactive Customers,High Risk,410,1,331,96.90%, Do Not Prioritise
16030,Inactive Customers,High Risk,309,1,331,96.90%, Do Not Prioritise
13981,Inactive Customers,High Risk,415,1,331,96.90%, Do Not Prioritise
15878,Inactive Customers,High Risk,561,2,331,98.70%, Do Not Prioritise
12807,Inactive Customers,High Risk,382,1,330,96.90%, Do Not Prioritise
13010,Inactive Customers,High Risk,373,2,330,98.70%, Do Not Prioritise
15130,Inactive Customers,High Risk,169,1,330,96.80%, Do Not Prioritise
12850,Inactive Customers,High Risk,445,1,330,96.90%, Do Not Prioritise
18186,Inactive Customers,High Risk,722,1,330,97.40%, Do Not Prioritise
17518,Inactive Customers,High Risk,425,2,329,98.70%, Do Not Prioritise
15979,Inactive Customers,High Risk,602,1,329,96.90%, Do Not Prioritise
16286,Inactive Customers,High Risk,476,2,329,98.70%, Do Not Prioritise
14012,Inactive Customers,High Risk,277,1,329,96.90%, Do Not Prioritise
15213,Inactive Customers,High Risk,318,2,328,98.70%, Do Not Prioritise
14747,Inactive Customers,High Risk,248,1,328,96.90%, Do Not Prioritise
15709,Inactive Customers,High Risk,283,2,328,98.70%, Do Not Prioritise
15735,Inactive Customers,High Risk,420,1,328,96.90%, Do Not Prioritise
13498,Inactive Customers,High Risk,729,1,327,97.40%, Do Not Prioritise
12804,Inactive Customers,High Risk,465,2,327,98.70%, Do Not Prioritise
12460,Inactive Customers,High Risk,455,1,327,96.90%, Do Not Prioritise
14070,Inactive Customers,High Risk,684,1,327,97.40%, Do Not Prioritise
13646,Inactive Customers,High Risk,399,2,326,98.70%, Do Not Prioritise
17843,Inactive Customers,High Risk,302,2,326,98.70%, Do Not Prioritise
17439,Inactive Customers,High Risk,655,1,326,96.90%, Do Not Prioritise
13661,Inactive Customers,High Risk,602,1,325,96.90%, Do Not Prioritise
15670,Inactive Customers,High Risk,296,2,325,98.70%, Do Not Prioritise
15982,Inactive Customers,High Risk,604,1,325,96.90%, Do Not Prioritise
12946,Inactive Customers,High Risk,436,1,324,96.90%, Do Not Prioritise
13834,Inactive Customers,High Risk,576,2,324,98.70%, Do Not Prioritise
13025,Inactive Customers,High Risk,731,1,323,97.40%, Do Not Prioritise
16195,Inactive Customers,High Risk,722,1,323,97.40%, Do Not Prioritise
14263,Inactive Customers,High Risk,422,1,323,96.90%, Do Not Prioritise
14832,Inactive Customers,High Risk,629,1,323,96.90%, Do Not Prioritise
17326,Inactive Customers,High Risk,407,2,322,98.70%, Do Not Prioritise
15726,Inactive Customers,High Risk,389,1,322,96.90%, Do Not Prioritise
13111,Inactive Customers,High Risk,718,1,322,97.40%, Do Not Prioritise
17471,Inactive Customers,High Risk,474,1,322,96.90%, Do Not Prioritise
15770,Inactive Customers,High Risk,612,1,321,96.90%, Do Not Prioritise
14823,Inactive Customers,High Risk,179,3,321,96.90%, Do Not Prioritise
17182,Inactive Customers,High Risk,422,2,321,98.70%, Do Not Prioritise
15236,Inactive Customers,High Risk,298,1,321,96.90%, Do Not Prioritise
14622,Inactive Customers,High Risk,184,1,321,96.90%, Do Not Prioritise
16683,Inactive Customers,High Risk,533,1,320,96.90%, Do Not Prioritise
13942,Inactive Customers,High Risk,534,1,320,96.90%, Do Not Prioritise
13843,Inactive Customers,High Risk,380,1,320,96.90%, Do Not Prioritise
16967,Inactive Customers,High Risk,188,1,319,96.90%, Do Not Prioritise
15682,Inactive Customers,High Risk,598,2,318,98.70%, Do Not Prioritise
18253,Inactive Customers,High Risk,642,1,318,96.90%, Do Not Prioritise
17267,Inactive Customers,High Risk,126,2,318,96.50%, Do Not Prioritise
15616,Inactive Customers,High Risk,437,1,317,96.90%, Do Not Prioritise
17689,Inactive Customers,High Risk,387,2,317,98.70%, Do Not Prioritise
16761,Inactive Customers,High Risk,96,1,317,96.70%, Do Not Prioritise
15204,Inactive Customers,High Risk,356,1,317,96.90%, Do Not Prioritise
12529,Inactive Customers,High Risk,527,1,316,96.90%, Do Not Prioritise
13494,Inactive Customers,High Risk,311,1,316,96.90%, Do Not Prioritise
15196,Inactive Customers,High Risk,432,2,316,98.70%, Do Not Prioritise
12614,Inactive Customers,High Risk,277,1,316,96.90%, Do Not Prioritise
15042,Inactive Customers,High Risk,198,2,315,98.20%, Do Not Prioritise
16091,Inactive Customers,High Risk,154,2,315,96.50%, Do Not Prioritise
17121,Inactive Customers,High Risk,402,1,315,96.90%, Do Not Prioritise
14991,Inactive Customers,High Risk,429,1,315,96.90%, Do Not Prioritise
18206,Inactive Customers,High Risk,552,1,315,96.90%, Do Not Prioritise
13660,Inactive Customers,High Risk,399,1,315,96.90%, Do Not Prioritise
18070,Inactive Customers,High Risk,668,1,314,97.20%, Do Not Prioritise
13087,Inactive Customers,High Risk,725,1,314,97.40%, Do Not Prioritise
16582,Inactive Customers,High Risk,112,1,314,96.70%, Do Not Prioritise
12665,Inactive Customers,High Risk,324,3,314,97.70%, Do Not Prioritise
17882,Inactive Customers,High Risk,378,2,313,98.70%, Do Not Prioritise
15162,Inactive Customers,High Risk,730,1,313,97.40%, Do Not Prioritise
13905,Inactive Customers,High Risk,732,1,313,97.40%, Do Not Prioritise
13226,Inactive Customers,High Risk,272,2,312,98.70%, Do Not Prioritise
12834,Inactive Customers,High Risk,282,1,312,96.90%, Do Not Prioritise
12852,Inactive Customers,High Risk,294,1,312,96.90%, Do Not Prioritise
13990,Inactive Customers,High Risk,212,1,311,96.90%, Do Not Prioritise
12898,Inactive Customers,High Risk,463,2,311,98.70%, Do Not Prioritise
15724,Inactive Customers,High Risk,200,3,311,96.90%, Do Not Prioritise
13400,Inactive Customers,High Risk,582,1,311,96.90%, Do Not Prioritise
16328,Inactive Customers,High Risk,562,1,311,96.90%, Do Not Prioritise
13847,Inactive Customers,High Risk,719,1,311,97.40%, Do Not Prioritise
16439,Inactive Customers,High Risk,721,1,311,97.40%, Do Not Prioritise
12738,Inactive Customers,High Risk,371,1,311,96.90%, Do Not Prioritise
14848,Inactive Customers,High Risk,404,1,311,96.90%, Do Not Prioritise
14181,Inactive Customers,High Risk,410,2,311,98.70%, Do Not Prioritise
15308,Inactive Customers,High Risk,273,1,310,96.90%, Do Not Prioritise
15188,Inactive Customers,High Risk,724,1,310,97.40%, Do Not Prioritise
13315,Inactive Customers,High Risk,688,1,310,97.40%, Do Not Prioritise
14749,Inactive Customers,High Risk,479,1,310,96.90%, Do Not Prioritise
13628,Inactive Customers,High Risk,675,1,310,97.20%, Do Not Prioritise
16373,Inactive Customers,High Risk,381,2,309,98.70%, Do Not Prioritise
16194,Inactive Customers,High Risk,374,1,309,96.90%, Do Not Prioritise
14927,Inactive Customers,High Risk,396,1,308,96.90%, Do Not Prioritise
16524,Inactive Customers,High Risk,445,2,308,98.70%, Do Not Prioritise
15302,Inactive Customers,High Risk,729,1,308,97.40%, Do Not Prioritise
13289,Inactive Customers,High Risk,723,1,308,97.40%, Do Not Prioritise
15778,Inactive Customers,High Risk,430,1,308,96.90%, Do Not Prioritise
15454,Inactive Customers,High Risk,361,2,308,98.70%, Do Not Prioritise
14777,Inactive Customers,High Risk,403,1,308,96.90%, Do Not Prioritise
13060,Inactive Customers,High Risk,253,1,308,96.90%, Do Not Prioritise
17120,Inactive Customers,High Risk,232,1,307,96.90%, Do Not Prioritise
13932,Inactive Customers,High Risk,294,1,307,96.90%, Do Not Prioritise
15374,Inactive Customers,High Risk,128,2,307,96.50%, Do Not Prioritise
14783,Inactive Customers,High Risk,658,1,307,96.90%, Do Not Prioritise
17721,Inactive Customers,High Risk,658,1,307,96.90%, Do Not Prioritise
13036,Inactive Customers,High Risk,684,1,307,97.40%, Do Not Prioritise
15087,Inactive Customers,High Risk,281,1,307,96.90%, Do Not Prioritise
17551,Inactive Customers,High Risk,358,1,307,96.90%, Do Not Prioritise
16649,Inactive Customers,High Risk,519,1,307,96.90%, Do Not Prioritise
13718,Inactive Customers,High Risk,245,2,307,98.70%, Do Not Prioritise
17077,Inactive Customers,High Risk,577,1,306,96.90%, Do Not Prioritise
15135,Inactive Customers,High Risk,238,2,306,98.70%, Do Not Prioritise
14990,Inactive Customers,High Risk,611,2,305,98.70%, Do Not Prioritise
13383,Inactive Customers,High Risk,543,1,305,96.90%, Do Not Prioritise
15893,Inactive Customers,High Risk,481,1,305,96.90%, Do Not Prioritise
13667,Inactive Customers,High Risk,148,1,305,96.70%, Do Not Prioritise
14043,Inactive Customers,High Risk,490,2,304,98.70%, Do Not Prioritise
16217,Inactive Customers,High Risk,234,2,304,98.70%, Do Not Prioritise
18185,Inactive Customers,High Risk,248,1,304,96.90%, Do Not Prioritise
17688,Inactive Customers,High Risk,393,1,304,96.90%, Do Not Prioritise
16489,Inactive Customers,High Risk,379,2,304,98.70%, Do Not Prioritise
14791,Inactive Customers,High Risk,606,1,304,96.90%, Do Not Prioritise
17207,Inactive Customers,High Risk,651,1,303,96.90%, Do Not Prioritise
16425,Inactive Customers,High Risk,301,1,303,96.90%, Do Not Prioritise
18165,Inactive Customers,High Risk,176,1,302,96.90%, Do Not Prioritise
15242,Inactive Customers,High Risk,421,1,302,96.90%, Do Not Prioritise
16297,Inactive Customers,High Risk,268,1,302,96.90%, Do Not Prioritise
13773,Inactive Customers,High Risk,396,2,302,98.70%, Do Not Prioritise
13625,Inactive Customers,High Risk,596,1,301,96.90%, Do Not Prioritise
16437,Inactive Customers,High Risk,380,2,301,98.70%, Do Not Prioritise
12351,Inactive Customers,High Risk,374,1,301,96.90%, Do Not Prioritise
17556,Inactive Customers,High Risk,205,2,301,98.20%, Do Not Prioritise
14797,Inactive Customers,High Risk,506,1,300,96.90%, Do Not Prioritise
17766,Inactive Customers,High Risk,380,2,300,98.70%, Do Not Prioritise
12864,Inactive Customers,High Risk,137,2,300,96.50%, Do Not Prioritise
12595,Inactive Customers,High Risk,504,1,299,96.90%, Do Not Prioritise
17124,Inactive Customers,High Risk,184,1,299,96.90%, Do Not Prioritise
15609,Inactive Customers,High Risk,183,1,298,96.90%, Do Not Prioritise
12881,Inactive Customers,High Risk,275,1,298,96.90%, Do Not Prioritise
14835,Inactive Customers,High Risk,528,2,297,98.70%, Do Not Prioritise
13708,Inactive Customers,High Risk,270,1,297,96.90%, Do Not Prioritise
14985,Inactive Customers,High Risk,197,2,297,98.20%, Do Not Prioritise
17627,Inactive Customers,High Risk,478,1,296,96.90%, Do Not Prioritise
13751,Inactive Customers,High Risk,287,1,296,96.90%, Do Not Prioritise
15962,Inactive Customers,High Risk,448,1,296,96.90%, Do Not Prioritise
14269,Inactive Customers,High Risk,438,1,296,96.90%, Do Not Prioritise
14614,Inactive Customers,High Risk,385,1,295,96.90%, Do Not Prioritise
16252,Inactive Customers,High Risk,382,1,295,96.90%, Do Not Prioritise
16579,Inactive Customers,High Risk,425,1,295,96.90%, Do Not Prioritise
17057,Inactive Customers,High Risk,595,1,295,96.90%, Do Not Prioritise
15041,Inactive Customers,High Risk,169,2,294,96.80%, Do Not Prioritise
17927,Inactive Customers,High Risk,721,1,294,97.40%, Do Not Prioritise
15718,Inactive Customers,High Risk,539,1,294,96.90%, Do Not Prioritise
14192,Inactive Customers,High Risk,387,1,294,96.90%, Do Not Prioritise
15928,Inactive Customers,High Risk,655,1,294,96.90%, Do Not Prioritise
17710,Inactive Customers,High Risk,423,1,294,96.90%, Do Not Prioritise
17441,Inactive Customers,High Risk,731,1,293,97.40%, Do Not Prioritise
16721,Inactive Customers,High Risk,261,1,292,96.90%, Do Not Prioritise
16543,Inactive Customers,High Risk,591,1,292,96.90%, Do Not Prioritise
17907,Inactive Customers,High Risk,640,1,292,96.90%, Do Not Prioritise
16615,Inactive Customers,High Risk,625,1,292,96.90%, Do Not Prioritise
18182,Inactive Customers,High Risk,462,1,291,96.90%, Do Not Prioritise
15391,Inactive Customers,High Risk,583,1,290,96.90%, Do Not Prioritise
16897,Inactive Customers,High Risk,298,2,290,98.70%, Do Not Prioritise
13796,Inactive Customers,High Risk,498,1,290,96.90%, Do Not Prioritise
14433,Inactive Customers,High Risk,465,1,290,96.90%, Do Not Prioritise
14162,Inactive Customers,High Risk,173,2,289,96.80%, Do Not Prioritise
17501,Inactive Customers,High Risk,220,2,289,98.70%, Do Not Prioritise
16808,Inactive Customers,High Risk,98,2,288,96.50%, Do Not Prioritise
13616,Inactive Customers,High Risk,567,2,288,98.70%, Do Not Prioritise
17497,Inactive Customers,High Risk,389,2,287,98.70%, Do Not Prioritise
13508,Inactive Customers,High Risk,243,2,287,98.70%, Do Not Prioritise
13909,Inactive Customers,High Risk,422,2,287,98.70%, Do Not Prioritise
14183,Inactive Customers,High Risk,410,2,286,98.70%, Do Not Prioritise
14402,Inactive Customers,High Risk,651,1,286,96.90%, Do Not Prioritise
12487,Inactive Customers,High Risk,730,1,285,97.40%, Do Not Prioritise
17355,Inactive Customers,High Risk,385,1,285,96.90%, Do Not Prioritise
16429,Inactive Customers,High Risk,105,1,285,96.70%, Do Not Prioritise
15445,Inactive Customers,High Risk,263,2,284,98.70%, Do Not Prioritise
15354,Inactive Customers,High Risk,602,3,284,97.70%, Do Not Prioritise
12851,Inactive Customers,High Risk,96,2,284,96.50%, Do Not Prioritise
13121,Inactive Customers,High Risk,268,1,284,96.90%, Do Not Prioritise
15662,Inactive Customers,High Risk,660,2,284,98.70%, Do Not Prioritise
15338,Inactive Customers,High Risk,676,1,283,97.20%, Do Not Prioritise
15936,Inactive Customers,High Risk,378,2,283,98.70%, Do Not Prioritise
13511,Inactive Customers,High Risk,676,1,283,97.20%, Do Not Prioritise
12771,Inactive Customers,High Risk,485,1,282,96.90%, Do Not Prioritise
17072,Inactive Customers,High Risk,624,1,282,96.90%, Do Not Prioritise
13326,Inactive Customers,High Risk,431,1,282,96.90%, Do Not Prioritise
13679,Inactive Customers,High Risk,493,3,281,97.70%, Do Not Prioritise
15772,Inactive Customers,High Risk,417,1,281,96.90%, Do Not Prioritise
14242,Inactive Customers,High Risk,234,2,281,98.70%, Do Not Prioritise
13581,Inactive Customers,High Risk,308,2,281,98.70%, Do Not Prioritise
17264,Inactive Customers,High Risk,423,1,280,96.90%, Do Not Prioritise
14303,Inactive Customers,High Risk,406,2,278,98.70%, Do Not Prioritise
16334,Inactive Customers,High Risk,491,1,277,96.90%, Do Not Prioritise
12750,Inactive Customers,High Risk,128,1,276,96.70%, Do Not Prioritise
13399,Inactive Customers,High Risk,463,3,275,97.70%, Do Not Prioritise
13307,Inactive Customers,High Risk,119,3,273,94.10%, Do Not Prioritise
13861,Inactive Customers,High Risk,428,2,273,98.70%, Do Not Prioritise
15964,Inactive Customers,High Risk,662,1,273,96.90%, Do Not Prioritise
14816,Inactive Customers,High Risk,196,1,272,96.90%, Do Not Prioritise
17292,Inactive Customers,High Risk,471,2,272,98.70%, Do Not Prioritise
14436,Inactive Customers,High Risk,98,2,272,96.50%, Do Not Prioritise
16089,Inactive Customers,High Risk,385,2,271,98.70%, Do Not Prioritise
15943,Inactive Customers,High Risk,649,2,271,98.70%, Do Not Prioritise
13837,Inactive Customers,High Risk,211,2,271,98.20%, Do Not Prioritise
17278,Inactive Customers,High Risk,240,2,271,98.70%, Do Not Prioritise
18238,Inactive Customers,High Risk,514,1,271,96.90%, Do Not Prioritise
13533,Inactive Customers,High Risk,182,3,271,96.90%, Do Not Prioritise
16757,Inactive Customers,High Risk,318,2,270,98.70%, Do Not Prioritise
18267,Inactive Customers,High Risk,672,1,269,97.20%, Do Not Prioritise
12751,Inactive Customers,High Risk,444,1,268,96.90%, Do Not Prioritise
18254,Inactive Customers,High Risk,580,1,268,96.90%, Do Not Prioritise
15408,Inactive Customers,High Risk,263,1,267,96.90%, Do Not Prioritise
15503,Inactive Customers,High Risk,362,2,267,98.70%, Do Not Prioritise
15517,Inactive Customers,High Risk,232,1,267,96.90%, Do Not Prioritise
16502,Inactive Customers,High Risk,619,2,266,98.70%, Do Not Prioritise
14392,Inactive Customers,High Risk,431,1,266,96.90%, Do Not Prioritise
15119,Inactive Customers,High Risk,245,1,266,96.90%, Do Not Prioritise
15019,Inactive Customers,High Risk,266,1,266,96.90%, Do Not Prioritise
16074,Inactive Customers,High Risk,389,1,265,96.90%, Do Not Prioritise
13973,Inactive Customers,High Risk,286,1,265,96.90%, Do Not Prioritise
13128,Inactive Customers,High Risk,630,1,264,96.90%, Do Not Prioritise
12892,Inactive Customers,High Risk,396,1,263,96.90%, Do Not Prioritise
13331,Inactive Customers,High Risk,401,1,262,96.90%, Do Not Prioritise
14526,Inactive Customers,High Risk,388,1,262,96.90%, Do Not Prioritise
17910,Inactive Customers,High Risk,725,1,262,97.40%, Do Not Prioritise
12655,Inactive Customers,High Risk,423,1,261,96.90%, Do Not Prioritise
16733,Inactive Customers,High Risk,529,1,260,96.90%, Do Not Prioritise
17558,Inactive Customers,High Risk,392,1,259,96.90%, Do Not Prioritise
15536,Inactive Customers,High Risk,408,1,259,96.90%, Do Not Prioritise
16381,Inactive Customers,High Risk,395,2,259,98.70%, Do Not Prioritise
13683,Inactive Customers,High Risk,457,1,259,96.90%, Do Not Prioritise
13227,Inactive Customers,High Risk,201,1,258,96.90%, Do Not Prioritise
14483,Inactive Customers,High Risk,281,2,257,98.70%, Do Not Prioritise
15404,Inactive Customers,High Risk,375,1,257,96.90%, Do Not Prioritise
14166,Inactive Customers,High Risk,504,2,257,98.70%, Do Not Prioritise
14876,Inactive Customers,High Risk,520,2,257,98.70%, Do Not Prioritise
14274,Inactive Customers,High Risk,685,1,257,97.40%, Do Not Prioritise
13250,Inactive Customers,High Risk,460,2,256,98.70%, Do Not Prioritise
13825,Inactive Customers,High Risk,621,2,256,98.70%, Do Not Prioritise
16911,Inactive Customers,High Risk,635,2,255,98.70%, Do Not Prioritise
12746,Inactive Customers,High Risk,540,1,255,96.90%, Do Not Prioritise
15923,Inactive Customers,High Risk,372,1,254,96.90%, Do Not Prioritise
17992,Inactive Customers,High Risk,388,1,254,96.90%, Do Not Prioritise
17626,Inactive Customers,High Risk,602,1,254,96.90%, Do Not Prioritise
16845,Inactive Customers,High Risk,617,1,254,96.90%, Do Not Prioritise
17210,Inactive Customers,High Risk,392,1,253,96.90%, Do Not Prioritise
13251,Inactive Customers,High Risk,401,1,253,96.90%, Do Not Prioritise
16908,Inactive Customers,High Risk,721,1,253,97.40%, Do Not Prioritise
15552,Inactive Customers,High Risk,216,2,253,98.20%, Do Not Prioritise
13645,Inactive Customers,High Risk,119,1,252,96.70%, Do Not Prioritise
16453,Inactive Customers,High Risk,530,2,252,98.70%, Do Not Prioritise
16976,Inactive Customers,High Risk,266,1,252,96.90%, Do Not Prioritise
14501,Inactive Customers,High Risk,183,2,251,98.20%, Do Not Prioritise
18266,Inactive Customers,High Risk,433,1,251,96.90%, Do Not Prioritise
16962,Inactive Customers,High Risk,409,1,251,96.90%, Do Not Prioritise
15231,Inactive Customers,High Risk,620,1,250,96.90%, Do Not Prioritise
17303,Inactive Customers,High Risk,360,1,250,96.90%, Do Not Prioritise
15510,Inactive Customers,High Risk,330,1,250,96.90%, Do Not Prioritise
15884,Inactive Customers,High Risk,431,2,250,98.70%, Do Not Prioritise
13747,Inactive Customers,High Risk,373,2,249,98.70%, Do Not Prioritise
12563,Inactive Customers,High Risk,408,1,249,96.90%, Do Not Prioritise
16508,Inactive Customers,High Risk,629,1,249,96.90%, Do Not Prioritise
15293,Inactive Customers,High Risk,665,1,248,95.70%, Do Not Prioritise
18072,Inactive Customers,High Risk,185,1,247,96.90%, Do Not Prioritise
14654,Inactive Customers,High Risk,737,1,247,95.40%, Do Not Prioritise
15697,Inactive Customers,High Risk,689,1,247,97.40%, Do Not Prioritise
13943,Inactive Customers,High Risk,577,1,247,96.90%, Do Not Prioritise
15378,Inactive Customers,High Risk,462,2,246,98.70%, Do Not Prioritise
15495,Inactive Customers,High Risk,378,1,246,96.90%, Do Not Prioritise
18153,Inactive Customers,High Risk,658,1,246,96.90%, Do Not Prioritise
14325,Inactive Customers,High Risk,569,1,245,96.90%, Do Not Prioritise
14281,Inactive Customers,High Risk,407,1,245,96.90%, Do Not Prioritise
15118,Inactive Customers,High Risk,133,1,245,96.70%, Do Not Prioritise
14694,Inactive Customers,High Risk,616,1,244,96.90%, Do Not Prioritise
13551,Inactive Customers,High Risk,318,2,244,98.70%, Do Not Prioritise
13676,Inactive Customers,High Risk,538,2,244,98.70%, Do Not Prioritise
15543,Inactive Customers,High Risk,287,2,243,98.70%, Do Not Prioritise
17915,Inactive Customers,High Risk,550,1,242,96.90%, Do Not Prioritise
17009,Inactive Customers,High Risk,550,1,242,96.90%, Do Not Prioritise
13445,Inactive Customers,High Risk,625,1,242,96.90%, Do Not Prioritise
13582,Inactive Customers,High Risk,389,2,242,98.70%, Do Not Prioritise
13275,Inactive Customers,High Risk,383,2,242,98.70%, Do Not Prioritise
15776,Inactive Customers,High Risk,132,1,242,96.70%, Do Not Prioritise
14774,Inactive Customers,High Risk,528,1,241,96.90%, Do Not Prioritise
14523,Inactive Customers,High Risk,107,1,241,96.70%, Do Not Prioritise
16427,Inactive Customers,High Risk,262,2,241,98.70%, Do Not Prioritise
13674,Inactive Customers,High Risk,432,1,241,96.90%, Do Not Prioritise
15336,Inactive Customers,High Risk,401,1,240,96.90%, Do Not Prioritise
15931,Inactive Customers,High Risk,427,1,240,96.90%, Do Not Prioritise
17055,Inactive Customers,High Risk,445,1,240,96.90%, Do Not Prioritise
13570,Inactive Customers,High Risk,242,1,239,96.90%, Do Not Prioritise
13789,Inactive Customers,High Risk,387,1,239,96.90%, Do Not Prioritise
12663,Inactive Customers,High Risk,624,2,239,98.70%, Do Not Prioritise
17981,Inactive Customers,High Risk,410,1,239,96.90%, Do Not Prioritise
12561,Inactive Customers,High Risk,302,1,239,96.90%, Do Not Prioritise
16280,Inactive Customers,High Risk,724,1,238,97.40%, Do Not Prioritise
14982,Inactive Customers,High Risk,571,1,238,96.90%, Do Not Prioritise
17877,Inactive Customers,High Risk,169,1,238,96.80%, Do Not Prioritise
14458,Inactive Customers,High Risk,380,1,237,96.90%, Do Not Prioritise
14586,Inactive Customers,High Risk,276,1,237,96.90%, Do Not Prioritise
15457,Inactive Customers,High Risk,261,1,237,96.90%, Do Not Prioritise
16740,Inactive Customers,High Risk,394,1,237,96.90%, Do Not Prioritise
12732,Inactive Customers,High Risk,179,1,236,96.90%, Do Not Prioritise
13608,Inactive Customers,High Risk,540,1,236,96.90%, Do Not Prioritise
13088,Inactive Customers,High Risk,416,1,236,96.90%, Do Not Prioritise
17093,Inactive Customers,High Risk,592,1,236,96.90%, Do Not Prioritise
17872,Inactive Customers,High Risk,381,1,236,96.90%, Do Not Prioritise
16046,Inactive Customers,High Risk,561,1,236,96.90%, Do Not Prioritise
17993,Inactive Customers,High Risk,616,1,235,96.90%, Do Not Prioritise
12392,Inactive Customers,High Risk,590,1,235,96.90%, Do Not Prioritise
17868,Inactive Customers,High Risk,385,1,235,96.90%, Do Not Prioritise
13114,Inactive Customers,High Risk,730,1,234,97.40%, Do Not Prioritise
17060,Inactive Customers,High Risk,265,1,234,96.90%, Do Not Prioritise
12736,Inactive Customers,High Risk,332,1,234,96.90%, Do Not Prioritise
13009,Inactive Customers,High Risk,672,1,234,97.20%, Do Not Prioritise
14153,Inactive Customers,High Risk,482,1,233,96.90%, Do Not Prioritise
15294,Inactive Customers,High Risk,410,1,233,96.90%, Do Not Prioritise
13129,Inactive Customers,High Risk,451,2,233,98.70%, Do Not Prioritise
16302,Inactive Customers,High Risk,126,1,233,96.70%, Do Not Prioritise
15451,Inactive Customers,High Risk,433,2,233,98.70%, Do Not Prioritise
13678,Inactive Customers,High Risk,151,1,233,96.70%, Do Not Prioritise
18213,Inactive Customers,High Risk,236,1,232,96.90%, Do Not Prioritise
16408,Inactive Customers,High Risk,590,1,232,96.90%, Do Not Prioritise
17151,Inactive Customers,High Risk,734,1,232,97.40%, Do Not Prioritise
13619,Inactive Customers,High Risk,544,2,232,98.70%, Do Not Prioritise
17136,Inactive Customers,High Risk,661,1,232,96.90%, Do Not Prioritise
18279,Inactive Customers,High Risk,518,1,231,96.90%, Do Not Prioritise
15487,Inactive Customers,High Risk,679,1,231,97.50%, Do Not Prioritise
15001,Inactive Customers,High Risk,393,2,231,98.70%, Do Not Prioritise
15866,Inactive Customers,High Risk,100,1,231,96.70%, Do Not Prioritise
17261,Inactive Customers,High Risk,509,1,230,96.90%, Do Not Prioritise
18197,Inactive Customers,High Risk,575,1,230,96.90%, Do Not Prioritise
14069,Inactive Customers,High Risk,514,2,230,98.70%, Do Not Prioritise
14314,Inactive Customers,High Risk,106,2,230,96.50%, Do Not Prioritise
14017,Inactive Customers,High Risk,570,1,230,96.90%, Do Not Prioritise
14596,Inactive Customers,High Risk,626,1,229,96.90%, Do Not Prioritise
15528,Inactive Customers,High Risk,253,1,229,96.90%, Do Not Prioritise
17743,Inactive Customers,High Risk,447,1,229,96.90%, Do Not Prioritise
15273,Inactive Customers,High Risk,599,1,229,96.90%, Do Not Prioritise
17989,Inactive Customers,High Risk,378,1,229,96.90%, Do Not Prioritise
17066,Inactive Customers,High Risk,725,1,228,97.40%, Do Not Prioritise
16760,Inactive Customers,High Risk,429,1,228,96.90%, Do Not Prioritise
15566,Inactive Customers,High Risk,392,2,228,98.70%, Do Not Prioritise
14363,Inactive Customers,High Risk,401,2,227,98.70%, Do Not Prioritise
18021,Inactive Customers,High Risk,509,2,227,98.70%, Do Not Prioritise
18132,Inactive Customers,High Risk,503,1,227,96.90%, Do Not Prioritise
16540,Inactive Customers,High Risk,413,1,227,96.90%, Do Not Prioritise
14718,Inactive Customers,High Risk,409,1,226,96.90%, Do Not Prioritise
16622,Inactive Customers,High Risk,543,1,225,96.90%, Do Not Prioritise
16587,Inactive Customers,High Risk,231,1,225,96.90%, Do Not Prioritise
16346,Inactive Customers,High Risk,384,1,225,96.90%, Do Not Prioritise
12914,Inactive Customers,High Risk,400,1,224,96.90%, Do Not Prioritise
14928,Inactive Customers,High Risk,627,1,224,96.90%, Do Not Prioritise
16562,Inactive Customers,High Risk,476,1,224,96.90%, Do Not Prioritise
18131,Inactive Customers,High Risk,631,1,223,96.90%, Do Not Prioritise
12887,Inactive Customers,High Risk,383,1,222,96.90%, Do Not Prioritise
15897,Inactive Customers,High Risk,193,2,222,98.20%, Do Not Prioritise
15788,Inactive Customers,High Risk,508,1,222,96.90%, Do Not Prioritise
14445,Inactive Customers,High Risk,455,1,222,96.90%, Do Not Prioritise
17087,Inactive Customers,High Risk,737,1,222,95.40%, Do Not Prioritise
12821,Inactive Customers,High Risk,213,2,221,98.20%, Do Not Prioritise
13033,Inactive Customers,High Risk,356,2,221,98.70%, Do Not Prioritise
18007,Inactive Customers,High Risk,392,1,220,96.90%, Do Not Prioritise
18114,Inactive Customers,High Risk,289,1,220,96.90%, Do Not Prioritise
13454,Inactive Customers,High Risk,640,1,220,96.90%, Do Not Prioritise
14074,Inactive Customers,High Risk,622,1,219,96.90%, Do Not Prioritise
12799,Inactive Customers,High Risk,528,1,219,96.90%, Do Not Prioritise
14271,Inactive Customers,High Risk,225,2,219,98.70%, Do Not Prioritise
15086,Inactive Customers,High Risk,564,2,219,98.70%, Do Not Prioritise
17619,Inactive Customers,High Risk,311,1,219,96.90%, Do Not Prioritise
12574,Inactive Customers,High Risk,315,1,218,96.90%, Do Not Prioritise
17217,Inactive Customers,High Risk,233,2,218,98.70%, Do Not Prioritise
15591,Inactive Customers,High Risk,582,3,218,97.70%, Do Not Prioritise
16874,Inactive Customers,High Risk,378,1,218,96.90%, Do Not Prioritise
16035,Inactive Customers,High Risk,559,1,218,96.90%, Do Not Prioritise
15490,Inactive Customers,High Risk,429,1,218,96.90%, Do Not Prioritise
15295,Inactive Customers,High Risk,653,1,217,96.90%, Do Not Prioritise
15554,Inactive Customers,High Risk,277,1,217,96.90%, Do Not Prioritise
13423,Inactive Customers,High Risk,428,1,217,96.90%, Do Not Prioritise
15401,Inactive Customers,High Risk,451,2,217,98.70%, Do Not Prioritise
15460,Inactive Customers,High Risk,353,1,217,96.90%, Do Not Prioritise
17902,Inactive Customers,High Risk,546,1,216,96.90%, Do Not Prioritise
15052,Inactive Customers,High Risk,318,1,216,96.90%, Do Not Prioritise
14476,Inactive Customers,High Risk,256,1,216,96.90%, Do Not Prioritise
14376,Inactive Customers,High Risk,682,1,215,97.40%, Do Not Prioritise
18157,Inactive Customers,High Risk,570,1,215,96.90%, Do Not Prioritise
14635,Inactive Customers,High Risk,453,1,215,96.90%, Do Not Prioritise
14106,Inactive Customers,High Risk,736,1,215,95.40%, Do Not Prioritise
16338,Inactive Customers,High Risk,156,1,215,96.70%, Do Not Prioritise
14361,Inactive Customers,High Risk,578,1,215,96.90%, Do Not Prioritise
15558,Inactive Customers,High Risk,638,1,214,96.90%, Do Not Prioritise
13621,Inactive Customers,High Risk,116,1,214,96.70%, Do Not Prioritise
13411,Inactive Customers,High Risk,106,1,214,96.70%, Do Not Prioritise
13724,Inactive Customers,High Risk,636,1,213,96.90%, Do Not Prioritise
13691,Inactive Customers,High Risk,395,1,213,96.90%, Do Not Prioritise
12961,Inactive Customers,High Risk,378,1,212,96.90%, Do Not Prioritise
12470,Inactive Customers,High Risk,689,1,212,97.40%, Do Not Prioritise
14843,Inactive Customers,High Risk,436,1,212,96.90%, Do Not Prioritise
15703,Inactive Customers,High Risk,264,1,212,96.90%, Do Not Prioritise
14992,Inactive Customers,High Risk,441,1,210,96.90%, Do Not Prioritise
17271,Inactive Customers,High Risk,735,1,210,97.40%, Do Not Prioritise
17484,Inactive Customers,High Risk,575,2,210,98.70%, Do Not Prioritise
13056,Inactive Customers,High Risk,550,1,209,96.90%, Do Not Prioritise
14003,Inactive Customers,High Risk,732,1,209,97.40%, Do Not Prioritise
15112,Inactive Customers,High Risk,610,1,209,96.90%, Do Not Prioritise
16487,Inactive Customers,High Risk,576,2,209,98.70%, Do Not Prioritise
13290,Inactive Customers,High Risk,437,1,209,96.90%, Do Not Prioritise
15741,Inactive Customers,High Risk,457,2,209,98.70%, Do Not Prioritise
16457,Inactive Customers,High Risk,217,1,208,96.90%, Do Not Prioritise
15212,Inactive Customers,High Risk,240,2,208,98.70%, Do Not Prioritise
12848,Inactive Customers,High Risk,675,1,208,97.20%, Do Not Prioritise
16964,Inactive Customers,High Risk,732,2,208,98.80%, Do Not Prioritise
13099,Inactive Customers,High Risk,98,1,207,96.70%, Do Not Prioritise
15925,Inactive Customers,High Risk,193,1,207,96.90%, Do Not Prioritise
15820,Inactive Customers,High Risk,319,1,207,96.90%, Do Not Prioritise
14964,Inactive Customers,High Risk,246,1,206,96.90%, Do Not Prioritise
14519,Inactive Customers,High Risk,683,2,206,98.80%, Do Not Prioritise
15914,Inactive Customers,High Risk,377,2,206,98.70%, Do Not Prioritise
16090,Inactive Customers,High Risk,623,1,206,96.90%, Do Not Prioritise
14278,Inactive Customers,High Risk,409,1,206,96.90%, Do Not Prioritise
17670,Inactive Customers,High Risk,227,1,206,96.90%, Do Not Prioritise
16490,Inactive Customers,High Risk,435,1,205,96.90%, Do Not Prioritise
14602,Inactive Customers,High Risk,655,1,205,96.90%, Do Not Prioritise
12400,Inactive Customers,High Risk,413,1,205,96.90%, Do Not Prioritise
17112,Inactive Customers,High Risk,502,1,205,96.90%, Do Not Prioritise
15319,Inactive Customers,High Risk,283,1,204,96.90%, Do Not Prioritise
16901,Inactive Customers,High Risk,728,1,204,97.40%, Do Not Prioritise
14468,Inactive Customers,High Risk,733,1,204,97.40%, Do Not Prioritise
17394,Inactive Customers,High Risk,218,1,204,96.90%, Do Not Prioritise
17891,Inactive Customers,High Risk,161,1,204,96.80%, Do Not Prioritise
15020,Inactive Customers,High Risk,378,1,203,96.90%, Do Not Prioritise
17074,Inactive Customers,High Risk,562,1,203,96.90%, Do Not Prioritise
15459,Inactive Customers,High Risk,416,2,203,98.70%, Do Not Prioritise
12416,Inactive Customers,High Risk,656,1,203,96.90%, Do Not Prioritise
14892,Inactive Customers,High Risk,690,1,202,97.40%, Do Not Prioritise
16937,Inactive Customers,High Risk,498,1,202,96.90%, Do Not Prioritise
13284,Inactive Customers,High Risk,330,1,201,96.90%, Do Not Prioritise
16965,Inactive Customers,High Risk,226,1,201,96.90%, Do Not Prioritise
18281,Inactive Customers,High Risk,180,2,201,98.20%, Do Not Prioritise
13556,Inactive Customers,High Risk,428,2,201,98.70%, Do Not Prioritise
14330,Inactive Customers,High Risk,623,1,201,96.90%, Do Not Prioritise
17693,Inactive Customers,High Risk,136,1,200,96.70%, Do Not Prioritise
13133,Inactive Customers,High Risk,273,3,200,97.70%, Do Not Prioritise
13944,Inactive Customers,High Risk,652,1,200,96.90%, Do Not Prioritise
14782,Inactive Customers,High Risk,319,1,200,96.90%, Do Not Prioritise
14521,Inactive Customers,High Risk,490,1,199,96.90%, Do Not Prioritise
17184,Inactive Customers,High Risk,568,2,198,98.70%, Do Not Prioritise
17778,Inactive Customers,High Risk,661,1,198,96.90%, Do Not Prioritise
14185,Inactive Customers,High Risk,330,1,198,96.90%, Do Not Prioritise
12927,Inactive Customers,High Risk,394,1,197,96.90%, Do Not Prioritise
15234,Inactive Customers,High Risk,276,1,197,96.90%, Do Not Prioritise
15746,Inactive Customers,High Risk,133,1,197,96.70%, Do Not Prioritise
13757,Inactive Customers,High Risk,674,1,196,97.20%, Do Not Prioritise
14405,Inactive Customers,High Risk,386,1,195,96.90%, Do Not Prioritise
13671,Inactive Customers,High Risk,394,1,195,96.90%, Do Not Prioritise
14100,Inactive Customers,High Risk,137,1,195,96.70%, Do Not Prioritise
17065,Inactive Customers,High Risk,637,2,195,98.70%, Do Not Prioritise
16299,Inactive Customers,High Risk,476,1,194,96.90%, Do Not Prioritise
16695,Inactive Customers,High Risk,561,2,193,98.70%, Do Not Prioritise
13568,Inactive Customers,High Risk,172,1,193,96.80%, Do Not Prioritise
17257,Inactive Customers,High Risk,435,2,193,98.70%, Do Not Prioritise
15729,Inactive Customers,High Risk,212,3,193,96.90%, Do Not Prioritise
18028,Inactive Customers,High Risk,582,1,192,96.90%, Do Not Prioritise
15909,Inactive Customers,High Risk,173,1,192,96.80%, Do Not Prioritise
14279,Inactive Customers,High Risk,520,2,192,98.70%, Do Not Prioritise
15954,Inactive Customers,High Risk,588,1,191,96.90%, Do Not Prioritise
14728,Inactive Customers,High Risk,412,1,191,96.90%, Do Not Prioritise
15688,Inactive Customers,High Risk,418,1,191,96.90%, Do Not Prioritise
15412,Inactive Customers,High Risk,170,1,191,96.80%, Do Not Prioritise
18020,Inactive Customers,High Risk,543,1,190,96.90%, Do Not Prioritise
14617,Inactive Customers,High Risk,402,2,190,98.70%, Do Not Prioritise
13766,Inactive Customers,High Risk,494,1,190,96.90%, Do Not Prioritise
18046,Inactive Customers,High Risk,649,1,190,96.90%, Do Not Prioritise
13826,Inactive Customers,High Risk,175,1,190,96.80%, Do Not Prioritise
13387,Inactive Customers,High Risk,416,1,189,96.90%, Do Not Prioritise
16673,Inactive Customers,High Risk,678,1,189,97.20%, Do Not Prioritise
16277,Inactive Customers,High Risk,733,1,189,97.40%, Do Not Prioritise
14697,Inactive Customers,High Risk,217,2,189,98.20%, Do Not Prioritise
17283,Inactive Customers,High Risk,378,1,188,96.90%, Do Not Prioritise
16051,Inactive Customers,High Risk,681,1,188,94.70%, Do Not Prioritise
13063,Inactive Customers,High Risk,480,1,188,96.90%, Do Not Prioritise
17781,Inactive Customers,High Risk,158,2,188,96.80%, Do Not Prioritise
14131,Inactive Customers,High Risk,648,1,188,96.90%, Do Not Prioritise
15072,Inactive Customers,High Risk,478,1,188,96.90%, Do Not Prioritise
13852,Inactive Customers,High Risk,610,1,187,96.90%, Do Not Prioritise
18013,Inactive Customers,High Risk,154,2,187,96.50%, Do Not Prioritise
16267,Inactive Customers,High Risk,590,1,187,96.90%, Do Not Prioritise
18063,Inactive Customers,High Risk,390,2,187,98.70%, Do Not Prioritise
17215,Inactive Customers,High Risk,463,1,186,96.90%, Do Not Prioritise
16388,Inactive Customers,High Risk,653,1,186,96.90%, Do Not Prioritise
12641,Inactive Customers,High Risk,114,1,186,96.70%, Do Not Prioritise
14812,Inactive Customers,High Risk,598,1,186,96.90%, Do Not Prioritise
17840,Inactive Customers,High Risk,443,1,186,96.90%, Do Not Prioritise
17574,Inactive Customers,High Risk,242,1,186,96.90%, Do Not Prioritise
16559,Inactive Customers,High Risk,396,1,185,96.90%, Do Not Prioritise
14879,Inactive Customers,High Risk,684,1,185,97.40%, Do Not Prioritise
16097,Inactive Customers,High Risk,239,1,185,96.90%, Do Not Prioritise
14677,Inactive Customers,High Risk,592,1,185,96.90%, Do Not Prioritise
17803,Inactive Customers,High Risk,391,1,185,96.90%, Do Not Prioritise
14059,Inactive Customers,High Risk,266,1,184,96.90%, Do Not Prioritise
17820,Inactive Customers,High Risk,373,1,184,96.90%, Do Not Prioritise
14119,Inactive Customers,High Risk,375,2,183,98.70%, Do Not Prioritise
14983,Inactive Customers,High Risk,688,1,183,97.40%, Do Not Prioritise
17798,Inactive Customers,High Risk,581,1,183,96.90%, Do Not Prioritise
16819,Inactive Customers,High Risk,464,2,183,98.70%, Do Not Prioritise
14941,Inactive Customers,High Risk,578,1,182,96.90%, Do Not Prioritise
17587,Inactive Customers,High Risk,627,1,182,96.90%, Do Not Prioritise
12934,Inactive Customers,High Risk,736,1,182,95.40%, Do Not Prioritise
16822,Inactive Customers,High Risk,685,1,181,97.40%, Do Not Prioritise
15292,Inactive Customers,High Risk,200,1,181,96.90%, Do Not Prioritise
14858,Inactive Customers,High Risk,505,1,181,96.90%, Do Not Prioritise
12622,Inactive Customers,High Risk,231,1,180,96.90%, Do Not Prioritise
18234,Inactive Customers,High Risk,551,1,180,96.90%, Do Not Prioritise
14945,Inactive Customers,High Risk,413,1,179,96.90%, Do Not Prioritise
16640,Inactive Customers,High Risk,397,1,179,96.90%, Do Not Prioritise
15895,Inactive Customers,High Risk,149,1,179,96.70%, Do Not Prioritise
15209,Inactive Customers,High Risk,729,1,179,97.20%, Do Not Prioritise
15139,Inactive Customers,High Risk,239,2,179,98.60%, Do Not Prioritise
16691,Inactive Customers,High Risk,417,2,179,98.60%, Do Not Prioritise
17170,Inactive Customers,High Risk,373,2,179,98.60%, Do Not Prioritise
17879,Inactive Customers,High Risk,173,1,179,96.60%, Do Not Prioritise
12686,Inactive Customers,High Risk,371,1,178,96.70%, Do Not Prioritise
12858,Inactive Customers,High Risk,382,1,178,96.70%, Do Not Prioritise
16403,Inactive Customers,High Risk,311,1,178,96.70%, Do Not Prioritise
13618,Inactive Customers,High Risk,173,1,177,96.60%, Do Not Prioritise
13072,Inactive Customers,High Risk,266,1,177,96.70%, Do Not Prioritise
16285,Inactive Customers,High Risk,645,1,177,96.70%, Do Not Prioritise
17036,Inactive Customers,High Risk,382,1,177,96.70%, Do Not Prioritise
13746,Inactive Customers,High Risk,413,1,177,96.70%, Do Not Prioritise
12509,Inactive Customers,High Risk,283,1,176,96.70%, Do Not Prioritise
18054,Inactive Customers,High Risk,392,1,176,96.70%, Do Not Prioritise
18175,Inactive Customers,High Risk,675,1,176,97.00%, Do Not Prioritise
13547,Inactive Customers,High Risk,407,1,176,96.70%, Do Not Prioritise
14486,Inactive Customers,High Risk,511,2,176,98.60%, Do Not Prioritise
18166,Inactive Customers,High Risk,623,1,176,96.70%, Do Not Prioritise
13007,Inactive Customers,High Risk,579,1,175,96.70%, Do Not Prioritise
16144,Inactive Customers,High Risk,246,1,175,96.70%, Do Not Prioritise
17331,Inactive Customers,High Risk,123,1,175,96.50%, Do Not Prioritise
17108,Inactive Customers,High Risk,663,1,175,96.70%, Do Not Prioritise
18010,Inactive Customers,High Risk,256,1,175,96.70%, Do Not Prioritise
16731,Inactive Customers,High Risk,647,1,174,96.70%, Do Not Prioritise
15684,Inactive Customers,High Risk,546,3,174,97.50%, Do Not Prioritise
14674,Inactive Customers,High Risk,508,1,174,96.70%, Do Not Prioritise
16741,Inactive Customers,High Risk,624,1,173,96.70%, Do Not Prioritise
16599,Inactive Customers,High Risk,385,1,173,96.70%, Do Not Prioritise
13195,Inactive Customers,High Risk,413,1,172,96.70%, Do Not Prioritise
15515,Inactive Customers,High Risk,386,1,172,96.70%, Do Not Prioritise
14536,Inactive Customers,High Risk,259,1,172,96.70%, Do Not Prioritise
17983,Inactive Customers,High Risk,394,1,172,96.70%, Do Not Prioritise
17575,Inactive Customers,High Risk,666,1,172,97.00%, Do Not Prioritise
16312,Inactive Customers,High Risk,431,1,171,96.70%, Do Not Prioritise
15403,Inactive Customers,High Risk,491,2,171,98.60%, Do Not Prioritise
14811,Inactive Customers,High Risk,386,1,170,96.70%, Do Not Prioritise
15256,Inactive Customers,High Risk,148,2,170,96.30%, Do Not Prioritise
17922,Inactive Customers,High Risk,542,1,170,96.70%, Do Not Prioritise
18004,Inactive Customers,High Risk,361,1,169,96.70%, Do Not Prioritise
16002,Inactive Customers,High Risk,624,1,169,96.70%, Do Not Prioritise
15647,Inactive Customers,High Risk,414,1,169,96.70%, Do Not Prioritise
12768,Inactive Customers,High Risk,450,1,169,96.70%, Do Not Prioritise
17367,Inactive Customers,High Risk,237,1,168,96.70%, Do Not Prioritise
18099,Inactive Customers,High Risk,126,1,168,96.50%, Do Not Prioritise
12551,Inactive Customers,High Risk,357,1,168,96.70%, Do Not Prioritise
17559,Inactive Customers,High Risk,512,1,168,96.70%, Do Not Prioritise
17586,Inactive Customers,High Risk,618,1,167,96.70%, Do Not Prioritise
13609,Inactive Customers,High Risk,592,1,167,96.70%, Do Not Prioritise
16405,Inactive Customers,High Risk,301,2,167,98.60%, Do Not Prioritise
15166,Inactive Customers,High Risk,467,1,167,96.70%, Do Not Prioritise
18107,Inactive Customers,High Risk,441,1,167,96.70%, Do Not Prioritise
17875,Inactive Customers,High Risk,687,1,167,97.20%, Do Not Prioritise
15509,Inactive Customers,High Risk,379,1,167,96.70%, Do Not Prioritise
13967,Inactive Customers,High Risk,145,2,166,96.30%, Do Not Prioritise
13903,Inactive Customers,High Risk,399,1,165,96.70%, Do Not Prioritise
13470,Inactive Customers,High Risk,98,2,165,96.30%, Do Not Prioritise
15316,Inactive Customers,High Risk,326,1,165,96.70%, Do Not Prioritise
16663,Inactive Customers,High Risk,728,1,165,97.20%, Do Not Prioritise
13191,Inactive Customers,High Risk,657,1,165,96.70%, Do Not Prioritise
17535,Inactive Customers,High Risk,279,1,164,96.70%, Do Not Prioritise
17318,Inactive Customers,High Risk,724,1,164,97.20%, Do Not Prioritise
17417,Inactive Customers,High Risk,548,1,164,96.70%, Do Not Prioritise
14516,Inactive Customers,High Risk,515,1,164,96.70%, Do Not Prioritise
16662,Inactive Customers,High Risk,393,1,164,96.70%, Do Not Prioritise
18200,Inactive Customers,High Risk,105,1,164,96.50%, Do Not Prioritise
14955,Inactive Customers,High Risk,732,1,164,97.20%, Do Not Prioritise
15474,Inactive Customers,High Risk,595,1,163,96.70%, Do Not Prioritise
16517,Inactive Customers,High Risk,276,1,163,96.70%, Do Not Prioritise
12954,Inactive Customers,High Risk,638,1,162,96.70%, Do Not Prioritise
15733,Inactive Customers,High Risk,282,1,162,96.70%, Do Not Prioritise
15534,Inactive Customers,High Risk,725,1,162,97.20%, Do Not Prioritise
16443,Inactive Customers,High Risk,520,1,162,96.70%, Do Not Prioritise
12661,Inactive Customers,High Risk,435,1,162,96.70%, Do Not Prioritise
17971,Inactive Customers,High Risk,547,1,162,96.70%, Do Not Prioritise
14571,Inactive Customers,High Risk,424,1,162,96.70%, Do Not Prioritise
15499,Inactive Customers,High Risk,723,1,162,97.20%, Do Not Prioritise
16113,Inactive Customers,High Risk,182,1,161,96.70%, Do Not Prioritise
13714,Inactive Customers,High Risk,464,1,161,96.70%, Do Not Prioritise
13779,Inactive Customers,High Risk,515,1,161,96.70%, Do Not Prioritise
13701,Inactive Customers,High Risk,446,1,161,96.70%, Do Not Prioritise
13229,Inactive Customers,High Risk,225,1,161,96.70%, Do Not Prioritise
17953,Inactive Customers,High Risk,539,1,161,96.70%, Do Not Prioritise
17605,Inactive Customers,High Risk,589,1,161,96.70%, Do Not Prioritise
17202,Inactive Customers,High Risk,420,1,161,96.70%, Do Not Prioritise
17487,Inactive Customers,High Risk,727,1,161,97.20%, Do Not Prioritise
15229,Inactive Customers,High Risk,585,1,160,96.70%, Do Not Prioritise
14814,Inactive Customers,High Risk,580,1,160,96.70%, Do Not Prioritise
16645,Inactive Customers,High Risk,735,1,160,97.20%, Do Not Prioritise
18146,Inactive Customers,High Risk,140,2,160,96.30%, Do Not Prioritise
13420,Inactive Customers,High Risk,149,2,160,96.30%, Do Not Prioritise
13302,Inactive Customers,High Risk,154,2,159,96.30%, Do Not Prioritise
18224,Inactive Customers,High Risk,263,1,159,96.70%, Do Not Prioritise
13125,Inactive Customers,High Risk,523,1,159,96.70%, Do Not Prioritise
15548,Inactive Customers,High Risk,595,1,158,96.70%, Do Not Prioritise
14318,Inactive Customers,High Risk,459,1,158,96.70%, Do Not Prioritise
17751,Inactive Customers,High Risk,420,1,158,96.70%, Do Not Prioritise
14207,Inactive Customers,High Risk,687,1,158,97.20%, Do Not Prioritise
14822,Inactive Customers,High Risk,484,1,158,96.70%, Do Not Prioritise
16687,Inactive Customers,High Risk,390,1,158,96.70%, Do Not Prioritise
12894,Inactive Customers,High Risk,574,1,157,96.70%, Do Not Prioritise
16371,Inactive Customers,High Risk,448,1,157,96.70%, Do Not Prioritise
17128,Inactive Customers,High Risk,334,1,157,96.70%, Do Not Prioritise
17118,Inactive Customers,High Risk,317,1,157,96.70%, Do Not Prioritise
15007,Inactive Customers,High Risk,158,1,157,96.60%, Do Not Prioritise
15742,Inactive Customers,High Risk,618,1,157,96.70%, Do Not Prioritise
13830,Inactive Customers,High Risk,581,1,157,96.70%, Do Not Prioritise
14406,Inactive Customers,High Risk,118,1,157,96.50%, Do Not Prioritise
16578,Inactive Customers,High Risk,625,1,157,96.70%, Do Not Prioritise
15438,Inactive Customers,High Risk,130,1,157,96.50%, Do Not Prioritise
15263,Inactive Customers,High Risk,106,1,157,96.50%, Do Not Prioritise
13051,Inactive Customers,High Risk,578,2,156,98.60%, Do Not Prioritise
17899,Inactive Customers,High Risk,158,1,156,96.60%, Do Not Prioritise
14368,Inactive Customers,High Risk,319,1,155,96.70%, Do Not Prioritise
14046,Inactive Customers,High Risk,283,1,155,96.70%, Do Not Prioritise
17698,Inactive Customers,High Risk,260,1,155,96.70%, Do Not Prioritise
15226,Inactive Customers,High Risk,310,1,154,96.70%, Do Not Prioritise
13490,Inactive Customers,High Risk,653,1,154,96.70%, Do Not Prioritise
17517,Inactive Customers,High Risk,308,1,154,96.70%, Do Not Prioritise
15560,Inactive Customers,High Risk,397,2,154,98.60%, Do Not Prioritise
15431,Inactive Customers,High Risk,502,1,153,96.70%, Do Not Prioritise
16507,Inactive Customers,High Risk,571,1,153,96.70%, Do Not Prioritise
18138,Inactive Customers,High Risk,294,1,153,96.70%, Do Not Prioritise
18113,Inactive Customers,High Risk,368,1,153,96.70%, Do Not Prioritise
14066,Inactive Customers,High Risk,266,1,153,96.70%, Do Not Prioritise
17327,Inactive Customers,High Risk,409,2,152,98.60%, Do Not Prioritise
13653,Inactive Customers,High Risk,487,1,152,96.70%, Do Not Prioritise
16617,Inactive Customers,High Risk,235,1,152,96.70%, Do Not Prioritise
18076,Inactive Customers,High Risk,379,1,151,96.70%, Do Not Prioritise
12959,Inactive Customers,High Risk,483,1,151,96.70%, Do Not Prioritise
14980,Inactive Customers,High Risk,736,1,151,97.20%, Do Not Prioritise
15991,Inactive Customers,High Risk,533,1,151,96.70%, Do Not Prioritise
14084,Inactive Customers,High Risk,511,1,150,96.70%, Do Not Prioritise
15775,Inactive Customers,High Risk,244,2,150,98.60%, Do Not Prioritise
14845,Inactive Customers,High Risk,599,1,150,96.70%, Do Not Prioritise
17234,Inactive Customers,High Risk,182,1,150,96.70%, Do Not Prioritise
13257,Inactive Customers,High Risk,435,1,150,96.70%, Do Not Prioritise
17946,Inactive Customers,High Risk,232,2,150,98.60%, Do Not Prioritise
18038,Inactive Customers,High Risk,555,1,149,96.70%, Do Not Prioritise
17390,Inactive Customers,High Risk,420,1,149,96.70%, Do Not Prioritise
13003,Inactive Customers,High Risk,105,3,149,93.70%, Do Not Prioritise
15283,Inactive Customers,High Risk,389,3,148,97.50%, Do Not Prioritise
17592,Inactive Customers,High Risk,738,1,148,95.40%, Do Not Prioritise
13457,Inactive Customers,High Risk,688,2,148,98.80%, Do Not Prioritise
17859,Inactive Customers,High Risk,304,1,148,96.70%, Do Not Prioritise
13578,Inactive Customers,High Risk,408,1,148,96.70%, Do Not Prioritise
15479,Inactive Customers,High Risk,732,1,147,97.20%, Do Not Prioritise
16724,Inactive Customers,High Risk,404,1,147,96.70%, Do Not Prioritise
17794,Inactive Customers,High Risk,686,2,147,98.80%, Do Not Prioritise
14683,Inactive Customers,High Risk,587,1,147,96.70%, Do Not Prioritise
15496,Inactive Customers,High Risk,630,1,146,96.70%, Do Not Prioritise
18137,Inactive Customers,High Risk,550,2,146,98.60%, Do Not Prioritise
12565,Inactive Customers,High Risk,288,1,146,96.70%, Do Not Prioritise
17199,Inactive Customers,High Risk,581,1,145,96.70%, Do Not Prioritise
14972,Inactive Customers,High Risk,127,2,145,96.30%, Do Not Prioritise
16598,Inactive Customers,High Risk,285,1,145,96.70%, Do Not Prioritise
15902,Inactive Customers,High Risk,379,1,145,96.70%, Do Not Prioritise
17938,Inactive Customers,High Risk,419,1,144,96.70%, Do Not Prioritise
15816,Inactive Customers,High Risk,541,2,144,98.60%, Do Not Prioritise
12387,Inactive Customers,High Risk,414,1,144,96.70%, Do Not Prioritise
14604,Inactive Customers,High Risk,632,1,144,96.70%, Do Not Prioritise
14574,Inactive Customers,High Risk,732,1,144,97.20%, Do Not Prioritise
17149,Inactive Customers,High Risk,450,1,143,96.70%, Do Not Prioritise
15705,Inactive Customers,High Risk,200,1,143,96.70%, Do Not Prioritise
15761,Inactive Customers,High Risk,442,1,143,96.70%, Do Not Prioritise
14386,Inactive Customers,High Risk,296,1,142,96.70%, Do Not Prioritise
14041,Inactive Customers,High Risk,265,1,141,96.70%, Do Not Prioritise
17273,Inactive Customers,High Risk,423,1,141,96.70%, Do Not Prioritise
17959,Inactive Customers,High Risk,591,1,141,96.70%, Do Not Prioritise
14773,Inactive Customers,High Risk,592,1,141,96.70%, Do Not Prioritise
15388,Inactive Customers,High Risk,269,1,141,96.70%, Do Not Prioritise
15702,Inactive Customers,High Risk,475,2,140,98.60%, Do Not Prioritise
15324,Inactive Customers,High Risk,700,1,140,97.20%, Do Not Prioritise
13839,Inactive Customers,High Risk,485,1,140,96.70%, Do Not Prioritise
15848,Inactive Customers,High Risk,621,1,140,96.70%, Do Not Prioritise
16840,Inactive Customers,High Risk,602,2,140,98.60%, Do Not Prioritise
16483,Inactive Customers,High Risk,191,1,139,96.70%, Do Not Prioritise
14772,Inactive Customers,High Risk,111,1,139,96.50%, Do Not Prioritise
14707,Inactive Customers,High Risk,435,2,139,98.60%, Do Not Prioritise
13273,Inactive Customers,High Risk,112,1,139,96.50%, Do Not Prioritise
12902,Inactive Customers,High Risk,264,1,139,96.70%, Do Not Prioritise
13716,Inactive Customers,High Risk,268,1,138,96.70%, Do Not Prioritise
17982,Inactive Customers,High Risk,680,1,138,97.30%, Do Not Prioritise
15663,Inactive Customers,High Risk,105,1,138,96.50%, Do Not Prioritise
16396,Inactive Customers,High Risk,475,1,138,96.70%, Do Not Prioritise
13907,Inactive Customers,High Risk,691,1,137,97.20%, Do Not Prioritise
16237,Inactive Customers,High Risk,436,1,137,96.70%, Do Not Prioritise
16289,Inactive Customers,High Risk,461,1,136,96.70%, Do Not Prioritise
16651,Inactive Customers,High Risk,586,1,136,96.70%, Do Not Prioritise
17972,Inactive Customers,High Risk,241,1,136,96.70%, Do Not Prioritise
16876,Inactive Customers,High Risk,403,1,136,96.70%, Do Not Prioritise
14366,Inactive Customers,High Risk,524,1,136,96.70%, Do Not Prioritise
12968,Inactive Customers,High Risk,111,1,136,96.50%, Do Not Prioritise
17583,Inactive Customers,High Risk,559,1,136,96.70%, Do Not Prioritise
14889,Inactive Customers,High Risk,335,1,136,96.70%, Do Not Prioritise
16114,Inactive Customers,High Risk,170,1,136,96.60%, Do Not Prioritise
14391,Inactive Customers,High Risk,576,1,136,96.70%, Do Not Prioritise
13076,Inactive Customers,High Risk,457,1,135,96.70%, Do Not Prioritise
16665,Inactive Customers,High Risk,361,1,135,96.70%, Do Not Prioritise
14588,Inactive Customers,High Risk,577,1,135,96.70%, Do Not Prioritise
13144,Inactive Customers,High Risk,332,2,135,98.60%, Do Not Prioritise
13702,Inactive Customers,High Risk,445,1,135,96.70%, Do Not Prioritise
13119,Inactive Customers,High Risk,668,1,135,97.00%, Do Not Prioritise
16055,Inactive Customers,High Risk,220,1,135,96.70%, Do Not Prioritise
14340,Inactive Customers,High Risk,218,1,135,96.70%, Do Not Prioritise
17826,Inactive Customers,High Risk,373,1,135,96.70%, Do Not Prioritise
15926,Inactive Customers,High Risk,541,1,134,96.70%, Do Not Prioritise
16486,Inactive Customers,High Risk,537,1,134,96.70%, Do Not Prioritise
14280,Inactive Customers,High Risk,196,1,134,96.70%, Do Not Prioritise
16886,Inactive Customers,High Risk,455,1,134,96.70%, Do Not Prioritise
15056,Inactive Customers,High Risk,519,1,133,96.70%, Do Not Prioritise
17881,Inactive Customers,High Risk,303,1,133,96.70%, Do Not Prioritise
12467,Inactive Customers,High Risk,422,1,133,96.70%, Do Not Prioritise
17909,Inactive Customers,High Risk,736,1,133,97.20%, Do Not Prioritise
12964,Inactive Customers,High Risk,436,1,132,96.70%, Do Not Prioritise
14444,Inactive Customers,High Risk,455,1,132,96.70%, Do Not Prioritise
14438,Inactive Customers,High Risk,305,1,132,96.70%, Do Not Prioritise
17565,Inactive Customers,High Risk,586,1,132,96.70%, Do Not Prioritise
17455,Inactive Customers,High Risk,203,1,132,96.70%, Do Not Prioritise
13586,Inactive Customers,High Risk,540,1,132,96.70%, Do Not Prioritise
14795,Inactive Customers,High Risk,165,1,131,96.60%, Do Not Prioritise
14378,Inactive Customers,High Risk,621,1,131,96.70%, Do Not Prioritise
15409,Inactive Customers,High Risk,720,1,131,97.20%, Do Not Prioritise
17225,Inactive Customers,High Risk,581,1,131,96.70%, Do Not Prioritise
16865,Inactive Customers,High Risk,401,1,131,96.70%, Do Not Prioritise
17240,Inactive Customers,High Risk,595,1,131,96.70%, Do Not Prioritise
16410,Inactive Customers,High Risk,733,1,130,97.20%, Do Not Prioritise
17818,Inactive Customers,High Risk,737,1,130,97.20%, Do Not Prioritise
16288,Inactive Customers,High Risk,469,1,130,96.70%, Do Not Prioritise
15317,Inactive Customers,High Risk,676,1,130,97.00%, Do Not Prioritise
17762,Inactive Customers,High Risk,455,1,130,96.70%, Do Not Prioritise
17847,Inactive Customers,High Risk,515,2,130,98.60%, Do Not Prioritise
14999,Inactive Customers,High Risk,592,1,129,96.70%, Do Not Prioritise
12555,Inactive Customers,High Risk,681,1,129,87.50%, Do Not Prioritise
13071,Inactive Customers,High Risk,611,1,129,96.70%, Do Not Prioritise
17056,Inactive Customers,High Risk,737,1,129,97.20%, Do Not Prioritise
17089,Inactive Customers,High Risk,385,1,128,96.70%, Do Not Prioritise
16251,Inactive Customers,High Risk,511,1,128,96.70%, Do Not Prioritise
15892,Inactive Customers,High Risk,668,1,128,97.00%, Do Not Prioritise
16397,Inactive Customers,High Risk,627,1,128,96.70%, Do Not Prioritise
13053,Inactive Customers,High Risk,621,1,128,96.70%, Do Not Prioritise
15578,Inactive Customers,High Risk,161,1,127,96.60%, Do Not Prioritise
16973,Inactive Customers,High Risk,385,1,127,96.70%, Do Not Prioritise
14751,Inactive Customers,High Risk,683,2,126,98.80%, Do Not Prioritise
16294,Inactive Customers,High Risk,476,1,126,96.70%, Do Not Prioritise
13794,Inactive Customers,High Risk,546,1,126,96.70%, Do Not Prioritise
17657,Inactive Customers,High Risk,429,1,126,96.70%, Do Not Prioritise
12814,Inactive Customers,High Risk,101,1,126,96.50%, Do Not Prioritise
16925,Inactive Customers,High Risk,539,1,126,96.70%, Do Not Prioritise
15731,Inactive Customers,High Risk,553,1,125,96.70%, Do Not Prioritise
13912,Inactive Customers,High Risk,423,1,125,96.70%, Do Not Prioritise
13312,Inactive Customers,High Risk,450,1,125,96.70%, Do Not Prioritise
14726,Inactive Customers,High Risk,654,1,125,96.70%, Do Not Prioritise
16849,Inactive Customers,High Risk,186,1,125,96.70%, Do Not Prioritise
17541,Inactive Customers,High Risk,509,1,124,96.70%, Do Not Prioritise
17316,Inactive Customers,High Risk,419,1,124,96.70%, Do Not Prioritise
12773,Inactive Customers,High Risk,563,1,124,96.70%, Do Not Prioritise
18000,Inactive Customers,High Risk,563,1,124,96.70%, Do Not Prioritise
15779,Inactive Customers,High Risk,462,2,124,98.60%, Do Not Prioritise
13968,Inactive Customers,High Risk,422,1,124,96.70%, Do Not Prioritise
14187,Inactive Customers,High Risk,473,1,124,96.70%, Do Not Prioritise
15927,Inactive Customers,High Risk,646,1,123,96.70%, Do Not Prioritise
16068,Inactive Customers,High Risk,593,1,123,96.70%, Do Not Prioritise
14165,Inactive Customers,High Risk,275,1,123,96.70%, Do Not Prioritise
14076,Inactive Customers,High Risk,128,1,122,96.50%, Do Not Prioritise
12969,Inactive Customers,High Risk,602,1,122,96.70%, Do Not Prioritise
13084,Inactive Customers,High Risk,491,1,122,96.70%, Do Not Prioritise
16073,Inactive Customers,High Risk,296,1,122,96.70%, Do Not Prioritise
15049,Inactive Customers,High Risk,273,1,121,96.70%, Do Not Prioritise
17260,Inactive Customers,High Risk,410,1,121,96.70%, Do Not Prioritise
17446,Inactive Customers,High Risk,176,2,121,98.10%, Do Not Prioritise
14884,Inactive Customers,High Risk,668,1,121,97.00%, Do Not Prioritise
17543,Inactive Customers,High Risk,549,1,120,96.70%, Do Not Prioritise
14259,Inactive Customers,High Risk,141,1,120,96.50%, Do Not Prioritise
14453,Inactive Customers,High Risk,189,1,120,96.70%, Do Not Prioritise
15161,Inactive Customers,High Risk,387,1,120,96.70%, Do Not Prioritise
17177,Inactive Customers,High Risk,504,1,120,96.70%, Do Not Prioritise
15843,Inactive Customers,High Risk,303,1,119,96.70%, Do Not Prioritise
17280,Inactive Customers,High Risk,437,1,119,96.70%, Do Not Prioritise
14155,Inactive Customers,High Risk,265,1,119,96.70%, Do Not Prioritise
12929,Inactive Customers,High Risk,311,1,118,96.70%, Do Not Prioritise
16291,Inactive Customers,High Risk,681,1,118,87.50%, Do Not Prioritise
17654,Inactive Customers,High Risk,276,1,118,96.70%, Do Not Prioritise
17117,Inactive Customers,High Risk,287,1,116,96.70%, Do Not Prioritise
14874,Inactive Customers,High Risk,534,1,116,96.70%, Do Not Prioritise
14143,Inactive Customers,High Risk,133,1,116,96.50%, Do Not Prioritise
14721,Inactive Customers,High Risk,378,1,116,96.70%, Do Not Prioritise
13241,Inactive Customers,High Risk,411,1,116,96.70%, Do Not Prioritise
17208,Inactive Customers,High Risk,395,1,115,96.70%, Do Not Prioritise
18027,Inactive Customers,High Risk,98,1,115,96.50%, Do Not Prioritise
18012,Inactive Customers,High Risk,722,1,115,97.20%, Do Not Prioritise
15352,Inactive Customers,High Risk,548,1,115,96.70%, Do Not Prioritise
17401,Inactive Customers,High Risk,540,1,115,96.70%, Do Not Prioritise
15905,Inactive Customers,High Risk,542,1,115,96.70%, Do Not Prioritise
17933,Inactive Customers,High Risk,631,1,115,96.70%, Do Not Prioritise
14632,Inactive Customers,High Risk,262,1,115,96.70%, Do Not Prioritise
16247,Inactive Customers,High Risk,169,1,115,96.60%, Do Not Prioritise
17275,Inactive Customers,High Risk,382,1,115,96.70%, Do Not Prioritise
18148,Inactive Customers,High Risk,646,1,114,96.70%, Do Not Prioritise
14457,Inactive Customers,High Risk,310,1,114,96.70%, Do Not Prioritise
16821,Inactive Customers,High Risk,381,1,113,96.70%, Do Not Prioritise
17784,Inactive Customers,High Risk,549,1,113,96.70%, Do Not Prioritise
14689,Inactive Customers,High Risk,208,1,113,96.70%, Do Not Prioritise
16697,Inactive Customers,High Risk,240,1,113,96.70%, Do Not Prioritise
18129,Inactive Customers,High Risk,242,1,113,96.70%, Do Not Prioritise
15899,Inactive Customers,High Risk,368,1,112,96.70%, Do Not Prioritise
13620,Inactive Customers,High Risk,527,1,112,96.70%, Do Not Prioritise
17893,Inactive Customers,High Risk,224,1,112,96.70%, Do Not Prioritise
17900,Inactive Customers,High Risk,189,2,112,98.10%, Do Not Prioritise
14750,Inactive Customers,High Risk,735,1,112,97.20%, Do Not Prioritise
15875,Inactive Customers,High Risk,645,1,112,96.70%, Do Not Prioritise
16547,Inactive Customers,High Risk,545,1,112,96.70%, Do Not Prioritise
14668,Inactive Customers,High Risk,444,1,112,96.70%, Do Not Prioritise
18124,Inactive Customers,High Risk,471,1,112,96.70%, Do Not Prioritise
17304,Inactive Customers,High Risk,533,1,112,96.70%, Do Not Prioritise
17887,Inactive Customers,High Risk,128,1,111,96.50%, Do Not Prioritise
18120,Inactive Customers,High Risk,213,1,111,96.70%, Do Not Prioritise
14464,Inactive Customers,High Risk,567,2,111,98.60%, Do Not Prioritise
16064,Inactive Customers,High Risk,724,1,111,97.20%, Do Not Prioritise
12692,Inactive Customers,High Risk,636,1,111,96.70%, Do Not Prioritise
14509,Inactive Customers,High Risk,533,1,111,96.70%, Do Not Prioritise
15537,Inactive Customers,High Risk,162,1,111,96.60%, Do Not Prioritise
18256,Inactive Customers,High Risk,387,1,111,96.70%, Do Not Prioritise
14787,Inactive Customers,High Risk,470,1,111,96.70%, Do Not Prioritise
16963,Inactive Customers,High Risk,186,1,111,96.70%, Do Not Prioritise
16339,Inactive Customers,High Risk,283,1,110,96.70%, Do Not Prioritise
15851,Inactive Customers,High Risk,526,1,110,96.70%, Do Not Prioritise
16664,Inactive Customers,High Risk,568,1,109,95.90%, Do Not Prioritise
14374,Inactive Customers,High Risk,540,1,108,95.90%, Do Not Prioritise
15583,Inactive Customers,High Risk,375,1,108,95.90%, Do Not Prioritise
13580,Inactive Customers,High Risk,405,1,108,95.90%, Do Not Prioritise
14943,Inactive Customers,High Risk,662,1,108,95.90%, Do Not Prioritise
15395,Inactive Customers,High Risk,325,1,107,95.90%, Do Not Prioritise
16301,Inactive Customers,High Risk,736,1,107,96.50%, Do Not Prioritise
15328,Inactive Customers,High Risk,407,1,107,95.90%, Do Not Prioritise
16047,Inactive Customers,High Risk,681,1,107,84.70%, Do Not Prioritise
15846,Inactive Customers,High Risk,384,1,107,95.90%, Do Not Prioritise
16630,Inactive Customers,High Risk,406,1,107,95.90%, Do Not Prioritise
16082,Inactive Customers,High Risk,669,1,107,96.30%, Do Not Prioritise
14637,Inactive Customers,High Risk,676,1,107,96.30%, Do Not Prioritise
16581,Inactive Customers,High Risk,182,1,106,96.10%, Do Not Prioritise
18103,Inactive Customers,High Risk,548,1,106,95.90%, Do Not Prioritise
15642,Inactive Customers,High Risk,729,1,106,96.50%, Do Not Prioritise
14579,Inactive Customers,High Risk,431,1,106,95.90%, Do Not Prioritise
15340,Inactive Customers,High Risk,561,1,106,95.90%, Do Not Prioritise
17328,Inactive Customers,High Risk,672,1,105,96.30%, Do Not Prioritise
16375,Inactive Customers,High Risk,469,2,104,98.20%, Do Not Prioritise
16896,Inactive Customers,High Risk,554,1,104,95.90%, Do Not Prioritise
14542,Inactive Customers,High Risk,185,1,103,96.10%, Do Not Prioritise
15924,Inactive Customers,High Risk,730,1,103,96.50%, Do Not Prioritise
17467,Inactive Customers,High Risk,394,1,103,95.90%, Do Not Prioritise
18068,Inactive Customers,High Risk,288,1,102,85.90%, Do Not Prioritise
16944,Inactive Customers,High Risk,609,1,101,93.70%, Do Not Prioritise
18086,Inactive Customers,High Risk,273,1,101,93.40%, Do Not Prioritise
18195,Inactive Customers,High Risk,386,1,101,93.40%, Do Not Prioritise
13011,Inactive Customers,High Risk,371,1,101,93.40%, Do Not Prioritise
17741,Inactive Customers,High Risk,406,2,101,97.10%, Do Not Prioritise
16498,Inactive Customers,High Risk,160,2,101,93.80%, Do Not Prioritise
17493,Inactive Customers,High Risk,384,1,101,93.40%, Do Not Prioritise
17224,Inactive Customers,High Risk,500,1,101,93.40%, Do Not Prioritise
14371,Inactive Customers,High Risk,294,1,100,93.40%, Do Not Prioritise
15635,Inactive Customers,High Risk,395,1,100,93.40%, Do Not Prioritise
17570,Inactive Customers,High Risk,381,1,100,93.40%, Do Not Prioritise
17939,Inactive Customers,High Risk,159,1,99,93.80%, Do Not Prioritise
12774,Inactive Customers,High Risk,535,1,99,93.70%, Do Not Prioritise
16694,Inactive Customers,High Risk,722,1,98,94.60%, Do Not Prioritise
17395,Inactive Customers,High Risk,507,1,98,93.70%, Do Not Prioritise
13793,Inactive Customers,High Risk,646,1,96,93.70%, Do Not Prioritise
12548,Inactive Customers,High Risk,165,1,95,93.80%, Do Not Prioritise
15285,Inactive Customers,High Risk,407,1,95,93.40%, Do Not Prioritise
14833,Inactive Customers,High Risk,498,1,95,93.40%, Do Not Prioritise
15868,Inactive Customers,High Risk,582,1,95,93.70%, Do Not Prioritise
15397,Inactive Customers,High Risk,289,1,94,93.40%, Do Not Prioritise
14394,Inactive Customers,High Risk,564,1,94,93.70%, Do Not Prioritise
15305,Inactive Customers,High Risk,554,1,94,93.70%, Do Not Prioritise
12992,Inactive Customers,High Risk,724,1,93,94.60%, Do Not Prioritise
15082,Inactive Customers,High Risk,668,1,93,94.30%, Do Not Prioritise
16196,Inactive Customers,High Risk,488,1,93,93.40%, Do Not Prioritise
16831,Inactive Customers,High Risk,564,1,92,93.70%, Do Not Prioritise
13392,Inactive Customers,High Risk,676,1,91,94.30%, Do Not Prioritise
14786,Inactive Customers,High Risk,549,1,91,93.70%, Do Not Prioritise
14435,Inactive Customers,High Risk,501,1,90,93.40%, Do Not Prioritise
15083,Inactive Customers,High Risk,256,1,88,74.10%, Do Not Prioritise
16564,Inactive Customers,High Risk,568,1,88,75.10%, Do Not Prioritise
17606,Inactive Customers,High Risk,736,1,87,80.90%, Do Not Prioritise
13180,Inactive Customers,High Risk,606,1,86,75.10%, Do Not Prioritise
15541,Inactive Customers,High Risk,113,1,85,76.30%, Do Not Prioritise
13841,Inactive Customers,High Risk,252,1,85,74.10%, Do Not Prioritise
12401,Inactive Customers,High Risk,302,1,84,74.10%, Do Not Prioritise
15094,Inactive Customers,High Risk,462,2,83,90.50%, Do Not Prioritise
14347,Inactive Customers,High Risk,736,1,83,80.90%, Do Not Prioritise
13469,Inactive Customers,High Risk,652,1,82,75.10%, Do Not Prioritise
16028,Inactive Customers,High Risk,595,1,82,75.10%, Do Not Prioritise
13215,Inactive Customers,High Risk,401,1,82,73.70%, Do Not Prioritise
17008,Inactive Customers,High Risk,428,1,81,73.70%, Do Not Prioritise
14717,Inactive Customers,High Risk,732,1,81,80.50%, Do Not Prioritise
15170,Inactive Customers,High Risk,406,1,81,73.70%, Do Not Prioritise
17336,Inactive Customers,High Risk,471,1,81,73.70%, Do Not Prioritise
17752,Inactive Customers,High Risk,358,1,81,73.70%, Do Not Prioritise
15833,Inactive Customers,High Risk,737,1,80,80.50%, Do Not Prioritise
15131,Inactive Customers,High Risk,394,1,80,73.70%, Do Not Prioritise
16165,Inactive Customers,High Risk,504,1,80,73.70%, Do Not Prioritise
14589,Inactive Customers,High Risk,371,1,80,73.70%, Do Not Prioritise
14007,Inactive Customers,High Risk,512,1,79,74.70%, Do Not Prioritise
15753,Inactive Customers,High Risk,304,1,79,73.70%, Do Not Prioritise
17192,Inactive Customers,High Risk,535,1,78,74.70%, Do Not Prioritise
13132,Inactive Customers,High Risk,261,1,77,79.80%, Do Not Prioritise
16867,Inactive Customers,High Risk,689,1,77,85.30%, Do Not Prioritise
14373,Inactive Customers,High Risk,357,1,77,79.80%, Do Not Prioritise
13219,Inactive Customers,High Risk,617,1,76,79.40%, Do Not Prioritise
16610,Inactive Customers,High Risk,218,1,76,80.20%, Do Not Prioritise
14559,Inactive Customers,High Risk,389,1,76,78.50%, Do Not Prioritise
17944,Inactive Customers,High Risk,422,1,75,78.50%, Do Not Prioritise
16420,Inactive Customers,High Risk,395,1,75,78.50%, Do Not Prioritise
12506,Inactive Customers,High Risk,232,1,74,78.50%, Do Not Prioritise
18032,Inactive Customers,High Risk,333,1,74,78.50%, Do Not Prioritise
17906,Inactive Customers,High Risk,246,1,73,78.50%, Do Not Prioritise
16459,Inactive Customers,High Risk,729,1,72,80.60%, Do Not Prioritise
13185,Inactive Customers,High Risk,267,1,71,73.80%, Do Not Prioritise
16970,Inactive Customers,High Risk,625,1,71,74.80%, Do Not Prioritise
17747,Inactive Customers,High Risk,112,1,71,76.00%, Do Not Prioritise
13915,Inactive Customers,High Risk,393,1,71,73.80%, Do Not Prioritise
14576,Inactive Customers,High Risk,371,1,71,73.80%, Do Not Prioritise
15564,Inactive Customers,High Risk,462,2,71,90.60%, Do Not Prioritise
12568,Inactive Customers,High Risk,644,1,70,74.80%, Do Not Prioritise
12861,Inactive Customers,High Risk,619,1,68,79.20%, Do Not Prioritise
17249,Inactive Customers,High Risk,428,1,68,78.30%, Do Not Prioritise
14393,Inactive Customers,High Risk,217,1,68,80.00%, Do Not Prioritise
17532,Inactive Customers,High Risk,385,1,65,78.30%, Do Not Prioritise
13022,Inactive Customers,High Risk,429,1,65,78.30%, Do Not Prioritise
17216,Inactive Customers,High Risk,553,1,65,79.20%, Do Not Prioritise
16238,Inactive Customers,High Risk,422,1,64,78.30%, Do Not Prioritise
17263,Inactive Customers,High Risk,207,1,63,80.00%, Do Not Prioritise
15470,Inactive Customers,High Risk,575,1,63,79.20%, Do Not Prioritise
16058,Inactive Customers,High Risk,405,1,63,78.30%, Do Not Prioritise
13218,Inactive Customers,High Risk,126,1,63,80.20%, Do Not Prioritise
14650,Inactive Customers,High Risk,588,1,62,79.20%, Do Not Prioritise
13380,Inactive Customers,High Risk,432,1,62,78.30%, Do Not Prioritise
13303,Inactive Customers,High Risk,399,1,62,78.30%, Do Not Prioritise
13818,Inactive Customers,High Risk,429,1,61,78.30%, Do Not Prioritise
15375,Inactive Customers,High Risk,689,1,61,81.20%, Do Not Prioritise
15250,Inactive Customers,High Risk,640,1,60,72.90%, Do Not Prioritise
17174,Inactive Customers,High Risk,217,1,60,72.50%, Do Not Prioritise
15685,Inactive Customers,High Risk,449,1,56,78.20%, Do Not Prioritise
12776,Inactive Customers,High Risk,667,1,56,79.30%, Do Not Prioritise
12860,Inactive Customers,High Risk,692,1,55,82.10%, Do Not Prioritise
17494,Inactive Customers,High Risk,501,1,55,79.30%, Do Not Prioritise
12496,Inactive Customers,High Risk,619,2,54,92.90%, Do Not Prioritise
13306,Inactive Customers,High Risk,429,1,54,78.20%, Do Not Prioritise
16349,Inactive Customers,High Risk,290,1,54,78.20%, Do Not Prioritise
17599,Inactive Customers,High Risk,477,1,52,78.20%, Do Not Prioritise
14743,Inactive Customers,High Risk,592,1,50,79.20%, Do Not Prioritise
16530,Inactive Customers,High Risk,667,1,48,72.20%, Do Not Prioritise
15698,Inactive Customers,High Risk,623,1,46,79.20%, Do Not Prioritise
15672,Inactive Customers,High Risk,724,1,45,75.70%, Do Not Prioritise
17916,Inactive Customers,High Risk,628,2,44,92.90%, Do Not Prioritise
17246,Inactive Customers,High Risk,546,2,39,86.90%, Do Not Prioritise
15455,Inactive Customers,High Risk,597,1,38,79.20%, Do Not Prioritise
17352,Inactive Customers,High Risk,695,1,36,75.70%, Do Not Prioritise
14993,Inactive Customers,High Risk,563,1,36,79.20%, Do Not Prioritise
16941,Inactive Customers,High Risk,611,1,33,81.30%, Do Not Prioritise
14977,Inactive Customers,High Risk,725,1,32,78.00%, Do Not Prioritise
16548,Inactive Customers,High Risk,598,1,30,71.20%, Do Not Prioritise
15575,Inactive Customers,High Risk,619,1,30,71.20%, Do Not Prioritise
16537,Inactive Customers,High Risk,640,1,23,74.30%, Do Not Prioritise
